{"type": "FeatureCollection", "properties": {"source": "Natural Earth 1:10m Admin-0 countries v4.1.0 via world-atlas@2 (countries-10m.json), public domain", "crs": "EPSG:4326 (lon, lat degrees)"}, "features": [{"type": "Feature", "properties": {"name_en": "Sweden", "name_zh": "瑞典", "iso_n3": "752"}, "geometry": {"type": "MultiPolygon", "coordinates": [[[[15.68716, 56.07483], [15.68356, 56.07483], [15.65116, 56.09003], [15.64396, 56.10523], [15.65476, 56.11873], [15.66916, 56.1238], [15.67636, 56.12042], [15.68356, 56.11705], [15.69436, 56.11705], [15.70516, 56.11705], [15.71956, 56.11705], [15.72676, 56.11873], [15.72676, 56.11367], [15.71596, 56.10691], [15.70156, 56.10523], [15.69796, 56.10016], [15.70156, 56.09003], [15.70516, 56.0799], [15.70156, 56.07652], [15.69796, 56.07483], [15.68716, 56.07483]]], [[[17.02637, 57.18085], [17.02277, 57.17241], [17.01917, 57.15721], [17.01557, 57.14877], [16.97237, 57.10486], [16.96877, 57.08967], [16.96157, 57.06265], [16.94357, 57.05252], [16.92197, 57.04576], [16.90037, 57.03732], [16.90397, 57.02888], [16.91117, 57.02381], [16.92197, 57.02043], [16.93277, 57.01706], [16.91477, 57.00693], [16.90037, 56.99679], [16.87157, 56.96978], [16.87877, 56.95627], [16.88597, 56.93601], [16.88237, 56.91574], [16.86797, 56.9073], [16.85717, 56.89717], [16.84277, 56.84482], [16.83197, 56.82625], [16.82837, 56.82625], [16.78157, 56.81105], [16.77437, 56.80598], [16.76717, 56.79754], [16.76357, 56.78741], [16.76357, 56.77728], [16.75997, 56.76715], [16.75637, 56.74688], [16.69877, 56.64557], [16.68797, 56.62531], [16.68797, 56.60167], [16.68437, 56.59322], [16.67357, 56.58309], [16.66277, 56.57465], [16.65557, 56.57127], [16.64477, 56.5679], [16.63757, 56.55945], [16.63037, 56.5375], [16.63037, 56.53244], [16.63757, 56.52906], [16.63757, 56.52399], [16.63397, 56.51893], [16.62677, 56.5088], [16.62317, 56.50373], [16.62317, 56.48684], [16.61957, 56.47502], [16.61237, 56.46658], [16.59797, 56.44801], [16.58717, 56.42606], [16.57637, 56.40579], [16.56917, 56.38722], [16.56917, 56.37877], [16.56917, 56.35682], [16.56557, 56.34669], [16.55117, 56.33149], [16.54757, 56.32136], [16.54037, 56.30617], [16.48996, 56.24031], [16.47196, 56.2268], [16.45036, 56.21836], [16.42876, 56.21836], [16.41436, 56.22849], [16.41076, 56.23862], [16.41436, 56.26057], [16.41436, 56.27071], [16.39996, 56.29772], [16.40716, 56.31967], [16.40716, 56.345], [16.40716, 56.38722], [16.41436, 56.40242], [16.40716, 56.42099], [16.39636, 56.43956], [16.39276, 56.45814], [16.39996, 56.54426], [16.40356, 56.55439], [16.41796, 56.58647], [16.44316, 56.60842], [16.44676, 56.61686], [16.45396, 56.63713], [16.61957, 56.87184], [16.63757, 56.88197], [16.65917, 56.88704], [16.68797, 56.88704], [16.71677, 56.8921], [16.73117, 56.90392], [16.74917, 56.94107], [16.79237, 57.00355], [16.84637, 57.05927], [16.88957, 57.11837], [16.90757, 57.19267], [16.91117, 57.2028], [16.91837, 57.20787], [16.93997, 57.21293], [16.95437, 57.22137], [16.95797, 57.23151], [16.96157, 57.28723], [16.96517, 57.30412], [16.98677, 57.31762], [17.01917, 57.34464], [17.03717, 57.35308], [17.05517, 57.35815], [17.06597, 57.35815], [17.07317, 57.34295], [17.08037, 57.34126], [17.09117, 57.34464], [17.09837, 57.35308], [17.10557, 57.35308], [17.10557, 57.34802], [17.10557, 57.34633], [17.10917, 57.34295], [17.10917, 57.33958], [17.11637, 57.33451], [17.11997, 57.33113], [17.12357, 57.32438], [17.12357, 57.31931], [17.09837, 57.31762], [17.07677, 57.3058], [17.04077, 57.27034], [17.06597, 57.24164], [17.06597, 57.22644], [17.05157, 57.20111], [17.05157, 57.19267], [17.04797, 57.1876], [17.04437, 57.18591], [17.03357, 57.18254], [17.02637, 57.18085]]], [[[11.68032, 58.00656], [11.66592, 57.98968], [11.65872, 57.96266], [11.65152, 57.95591], [11.64072, 57.95084], [11.61912, 57.95422], [11.61192, 57.94915], [11.60472, 57.94071], [11.59392, 57.93564], [11.57952, 57.93564], [11.57232, 57.94071], [11.56512, 57.94577], [11.56152, 57.94915], [11.53272, 57.95084], [11.52912, 57.95422], [11.52552, 57.96604], [11.52192, 57.97448], [11.51472, 57.98461], [11.51112, 57.99305], [11.51472, 58.0015], [11.52552, 58.00487], [11.55432, 58.00319], [11.56872, 58.00319], [11.54712, 58.00994], [11.52552, 58.00994], [11.50392, 58.01332], [11.49671, 58.02851], [11.50752, 58.0454], [11.52552, 58.05047], [11.56872, 58.0454], [11.65872, 58.0454], [11.68032, 58.05047], [11.69832, 58.05891], [11.71632, 58.06398], [11.73792, 58.05891], [11.73792, 58.04202], [11.74152, 58.03527], [11.74512, 58.03189], [11.73432, 58.00319], [11.73072, 57.99812], [11.71992, 57.99137], [11.70912, 57.99305], [11.70552, 57.99981], [11.71272, 58.01163], [11.69472, 58.01501], [11.68032, 58.00656]]], [[[11.53272, 58.10619], [11.52192, 58.09606], [11.51832, 58.0893], [11.51472, 58.08593], [11.50752, 58.08593], [11.49671, 58.0893], [11.46431, 58.10619], [11.46431, 58.07242], [11.45711, 58.07242], [11.44991, 58.09775], [11.44631, 58.10281], [11.41751, 58.12308], [11.40671, 58.13152], [11.41031, 58.14503], [11.42831, 58.16022], [11.52912, 58.21257], [11.56152, 58.21932], [11.58672, 58.23283], [11.60112, 58.2379], [11.61912, 58.2379], [11.64792, 58.23452], [11.66232, 58.2379], [11.65872, 58.24803], [11.65872, 58.25816], [11.66592, 58.2666], [11.67672, 58.27167], [11.67312, 58.2818], [11.66952, 58.28518], [11.68752, 58.29193], [11.70192, 58.29193], [11.73792, 58.28518], [11.74872, 58.26323], [11.77032, 58.2531], [11.78832, 58.24634], [11.80632, 58.23114], [11.81352, 58.21088], [11.81352, 58.18893], [11.81352, 58.14503], [11.80632, 58.12645], [11.78112, 58.1197], [11.75592, 58.11801], [11.70912, 58.09775], [11.65512, 58.10788], [11.62992, 58.09944], [11.61192, 58.11801], [11.58672, 58.12308], [11.55792, 58.11801], [11.53272, 58.10619]]], [[[16.87877, 58.28011], [16.86797, 58.27336], [16.85717, 58.27167], [16.84637, 58.27505], [16.83557, 58.29024], [16.83197, 58.30375], [16.84637, 58.31051], [16.86797, 58.30375], [16.87877, 58.30038], [16.88237, 58.29362], [16.87877, 58.28011]]], [[[16.82837, 58.32739], [16.81397, 58.33921], [16.81037, 58.34766], [16.80317, 58.35272], [16.79957, 58.35779], [16.80317, 58.36454], [16.79597, 58.3713], [16.78517, 58.37974], [16.78877, 58.38987], [16.80677, 58.39494], [16.81757, 58.39494], [16.82837, 58.4], [16.83557, 58.4], [16.83917, 58.39831], [16.85357, 58.40169], [16.86077, 58.4], [16.86437, 58.39831], [16.86077, 58.39156], [16.84997, 58.38312], [16.83917, 58.37974], [16.82837, 58.38143], [16.84637, 58.3713], [16.84637, 58.36961], [16.83557, 58.36961], [16.82837, 58.36285], [16.83197, 58.3561], [16.84637, 58.34597], [16.87157, 58.33246], [16.89317, 58.33415], [16.91117, 58.33752], [16.91837, 58.33584], [16.91477, 58.33584], [16.91477, 58.33415], [16.90757, 58.32908], [16.90397, 58.3257], [16.89677, 58.32064], [16.88237, 58.31726], [16.86437, 58.31726], [16.84637, 58.32064], [16.82837, 58.32739]]], [[[18.31518, 58.93022], [18.31518, 58.92684], [18.28998, 58.92346], [18.27198, 58.9184], [18.23958, 58.91333], [18.21798, 58.90489], [18.20718, 58.90489], [18.19998, 58.90826], [18.19278, 58.91164], [18.19638, 58.92008], [18.21078, 58.93528], [18.22518, 58.94541], [18.26118, 58.95892], [18.27558, 58.96061], [18.28998, 58.96061], [18.30078, 58.9623], [18.30438, 58.96568], [18.32238, 58.96905], [18.35118, 58.97918], [18.35838, 58.9775], [18.35478, 58.96736], [18.34038, 58.95723], [18.31878, 58.95217], [18.30798, 58.9471], [18.30078, 58.94541], [18.29358, 58.9471], [18.28998, 58.94204], [18.30078, 58.93359], [18.31518, 58.93022]]], [[[17.69238, 58.90151], [17.68518, 58.90151], [17.65638, 58.92346], [17.65638, 58.9184], [17.64918, 58.9184], [17.63838, 58.93022], [17.64198, 58.9471], [17.63478, 58.95554], [17.62758, 58.95723], [17.62398, 58.96399], [17.62758, 58.98087], [17.63478, 58.99776], [17.64558, 59.00958], [17.64918, 59.01802], [17.64558, 59.02309], [17.64558, 59.03322], [17.64558, 59.06192], [17.65278, 59.07206], [17.66358, 59.07206], [17.66718, 59.0653], [17.66718, 59.05855], [17.67438, 59.05686], [17.67798, 59.05686], [17.68518, 59.0501], [17.69238, 59.03828], [17.69958, 59.02478], [17.70678, 59.00789], [17.70678, 58.99269], [17.70318, 58.98425], [17.69958, 58.9775], [17.70318, 58.96568], [17.70318, 58.95554], [17.69958, 58.94541], [17.69598, 58.93528], [17.69598, 58.92853], [17.68878, 58.92515], [17.68158, 58.92177], [17.68158, 58.91502], [17.69238, 58.90151]]], [[[18.13158, 58.96399], [18.11718, 58.96736], [18.09918, 58.97918], [18.09558, 58.9775], [18.08838, 58.97581], [18.07038, 58.96568], [18.05598, 58.95892], [18.05238, 58.96061], [18.04878, 58.96736], [18.05238, 58.97074], [18.05958, 58.98425], [18.06678, 58.991], [18.07758, 58.99269], [18.08118, 58.99607], [18.08118, 59.00282], [18.08118, 59.00958], [18.09198, 59.01802], [18.10278, 59.02309], [18.12438, 59.0214], [18.14958, 59.02478], [18.17118, 59.02815], [18.21798, 59.02478], [18.21438, 59.01971], [18.17838, 59.01127], [18.18198, 59.00958], [18.18558, 59.01127], [18.19278, 59.01127], [18.19998, 59.00958], [18.19638, 58.99776], [18.18918, 58.99438], [18.18198, 58.99945], [18.17478, 59.00114], [18.16758, 58.99776], [18.16038, 58.99776], [18.14958, 59.00451], [18.14598, 59.00451], [18.14958, 58.99438], [18.14958, 58.98594], [18.14958, 58.9775], [18.14598, 58.96905], [18.13158, 58.96399]]], [[[18.41238, 59.01127], [18.40518, 59.00789], [18.39438, 59.01127], [18.39078, 59.01127], [18.38718, 59.00789], [18.37638, 59.0062], [18.36558, 59.00958], [18.35478, 59.01633], [18.34398, 59.02646], [18.34038, 59.03322], [18.34758, 59.0366], [18.35478, 59.0366], [18.36198, 59.03997], [18.35838, 59.04504], [18.35118, 59.05348], [18.35118, 59.05686], [18.35838, 59.05517], [18.36558, 59.05855], [18.37638, 59.06361], [18.37998, 59.07037], [18.37278, 59.07374], [18.37638, 59.07881], [18.41598, 59.09232], [18.43398, 59.10414], [18.45198, 59.11258], [18.46638, 59.11765], [18.48078, 59.11596], [18.48438, 59.10583], [18.48438, 59.09738], [18.48798, 59.0957], [18.49158, 59.08894], [18.48798, 59.08556], [18.48438, 59.08219], [18.45558, 59.05686], [18.43758, 59.0501], [18.43398, 59.04335], [18.43038, 59.03828], [18.43038, 59.03153], [18.42678, 59.02646], [18.42318, 59.0214], [18.41958, 59.01633], [18.41238, 59.01127]]], [[[18.16398, 59.34054], [18.13878, 59.34898], [18.12438, 59.35743], [18.11718, 59.36418], [18.11358, 59.37262], [18.10638, 59.37769], [18.10638, 59.38444], [18.12438, 59.38951], [18.23598, 59.37262], [18.25038, 59.36587], [18.23238, 59.36418], [18.22518, 59.36587], [18.20358, 59.36587], [18.21078, 59.36249], [18.22158, 59.35236], [18.21078, 59.34223], [18.18918, 59.33885], [18.16398, 59.34054]]], [[[18.38358, 60.41785], [18.38718, 60.46682], [18.38718, 60.47864], [18.37638, 60.50059], [18.37998, 60.50735], [18.39078, 60.51072], [18.40518, 60.50566], [18.41238, 60.50059], [18.42318, 60.49046], [18.42678, 60.48539], [18.42678, 60.48202], [18.42318, 60.47695], [18.42318, 60.47189], [18.42678, 60.46513], [18.43758, 60.455], [18.46638, 60.44318], [18.47358, 60.43136], [18.45918, 60.43136], [18.43398, 60.44149], [18.41958, 60.44318], [18.43038, 60.42967], [18.47358, 60.38239], [18.48438, 60.36719], [18.49518, 60.35706], [18.50959, 60.35537], [18.53119, 60.36888], [18.53119, 60.35369], [18.53839, 60.34524], [18.54919, 60.32667], [18.55639, 60.32498], [18.55999, 60.32329], [18.56719, 60.3216], [18.57079, 60.31654], [18.56719, 60.30809], [18.55639, 60.30641], [18.51319, 60.3216], [18.45918, 60.35369], [18.40158, 60.37057], [18.39078, 60.39083], [18.38358, 60.41785]]], [[[21.15201, 68.84216], [21.21681, 68.81684], [21.27441, 68.77631], [21.28881, 68.76955], [21.29241, 68.76787], [21.29961, 68.75942], [21.30681, 68.75605], [21.31401, 68.75436], [21.38601, 68.75436], [21.40761, 68.74929], [21.41481, 68.73916], [21.42201, 68.72734], [21.45081, 68.69695], [21.46521, 68.68681], [21.49401, 68.67499], [21.57322, 68.66655], [21.66322, 68.63278], [21.71722, 68.61927], [21.73882, 68.58719], [21.91882, 68.56861], [21.96562, 68.54666], [21.96922, 68.5416], [21.99802, 68.5264], [22.01242, 68.51627], [22.02322, 68.5112], [22.03042, 68.50951], [22.03762, 68.50614], [22.03762, 68.49938], [22.03762, 68.49263], [22.03762, 68.48756], [22.07362, 68.47743], [22.30402, 68.47574], [22.37242, 68.46899], [22.37602, 68.46561], [22.37242, 68.45717], [22.37962, 68.45379], [22.45522, 68.4521], [22.52003, 68.43859], [22.56683, 68.43691], [22.60643, 68.42509], [22.62443, 68.42509], [22.64243, 68.42677], [22.66043, 68.42677], [22.68923, 68.41664], [22.71803, 68.39807], [22.74683, 68.38625], [22.80803, 68.39469], [22.83323, 68.38456], [22.87643, 68.35079], [22.90523, 68.33728], [23.05283, 68.29844], [23.06723, 68.29], [23.07443, 68.28156], [23.07803, 68.27311], [23.08163, 68.26467], [23.09603, 68.25623], [23.13923, 68.23428], [23.15363, 68.21739], [23.15003, 68.19375], [23.15723, 68.187], [23.16083, 68.17855], [23.15363, 68.15322], [23.15003, 68.14478], [23.15003, 68.13972], [23.15003, 68.12958], [23.15363, 68.1279], [23.15723, 68.1279], [23.16443, 68.12283], [23.18603, 68.12283], [23.27243, 68.14478], [23.30483, 68.14478], [23.31923, 68.13803], [23.33003, 68.1279], [23.36963, 68.0688], [23.37323, 68.06035], [23.38403, 68.05191], [23.45603, 68.02489], [23.48483, 68.01645], [23.57484, 67.97255], [23.64324, 67.96242], [23.66124, 67.95059], [23.66124, 67.93202], [23.63604, 67.91345], [23.60364, 67.90331], [23.53164, 67.89318], [23.49923, 67.88136], [23.48123, 67.86448], [23.47763, 67.84084], [23.48123, 67.8172], [23.48483, 67.79693], [23.48483, 67.73783], [23.48843, 67.72433], [23.49923, 67.70913], [23.51004, 67.6686], [23.51724, 67.65341], [23.54244, 67.62639], [23.54964, 67.61119], [23.55324, 67.58755], [23.53524, 67.57742], [23.49923, 67.5656], [23.47403, 67.55547], [23.48483, 67.54365], [23.46683, 67.5217], [23.44523, 67.50481], [23.43083, 67.48624], [23.44523, 67.46091], [23.47763, 67.44402], [23.51364, 67.44402], [23.55324, 67.45246], [23.59284, 67.45415], [23.66124, 67.43558], [23.72964, 67.4322], [23.75124, 67.42714], [23.76564, 67.42038], [23.76204, 67.39674], [23.75124, 67.36972], [23.75124, 67.34608], [23.78724, 67.33764], [23.76204, 67.30725], [23.73684, 67.29036], [23.62164, 67.26841], [23.60364, 67.25997], [23.59284, 67.24477], [23.59284, 67.22451], [23.59644, 67.21775], [23.61444, 67.21438], [23.60724, 67.20087], [23.59644, 67.19074], [23.58564, 67.1806], [23.57484, 67.17385], [23.58204, 67.15359], [23.60004, 67.14008], [23.62164, 67.12995], [23.64684, 67.10799], [23.65764, 67.10462], [23.66484, 67.09786], [23.66844, 67.08773], [23.67204, 67.07422], [23.67204, 67.06578], [23.67564, 67.05903], [23.68284, 67.04889], [23.71884, 67.01681], [23.74404, 67.00161], [23.76204, 66.99486], [23.79084, 66.98811], [23.81604, 66.97629], [23.87364, 66.92394], [23.91324, 66.90368], [23.93484, 66.88848], [23.96004, 66.86146], [23.99964, 66.81249], [24.00324, 66.80574], [23.99964, 66.79561], [23.98524, 66.79223], [23.96004, 66.79392], [23.93844, 66.79054], [23.92404, 66.77366], [23.89164, 66.75171], [23.89164, 66.74326], [23.90244, 66.70611], [23.90244, 66.68585], [23.89884, 66.66559], [23.89164, 66.6487], [23.88084, 66.63182], [23.88804, 66.61324], [23.89164, 66.59636], [23.89164, 66.57947], [23.88084, 66.56427], [23.86284, 66.55414], [23.80884, 66.53894], [23.80524, 66.52881], [23.78724, 66.51868], [23.75484, 66.51193], [23.72964, 66.50348], [23.72964, 66.4866], [23.70444, 66.48322], [23.67564, 66.47478], [23.65404, 66.45958], [23.64324, 66.43594], [23.64684, 66.42412], [23.66484, 66.40555], [23.66844, 66.39542], [23.67204, 66.38191], [23.67564, 66.36333], [23.67564, 66.34982], [23.67204, 66.33969], [23.66484, 66.32618], [23.66124, 66.31605], [23.66484, 66.30592], [23.67924, 66.28228], [23.69004, 66.25695], [23.72244, 66.20629], [23.75124, 66.18941], [23.78724, 66.1759], [23.88804, 66.1607], [23.91324, 66.14888], [23.96724, 66.08134], [23.97444, 66.0729], [23.98524, 66.06614], [24.01044, 66.05601], [24.02124, 66.04926], [24.02844, 66.03575], [24.05364, 65.98509], [24.05724, 65.96989], [24.05364, 65.94794], [24.07524, 65.92768], [24.10404, 65.90911], [24.12564, 65.86858], [24.16164, 65.84156], [24.16164, 65.82299], [24.14004, 65.80441], [24.10404, 65.80104], [24.03204, 65.80948], [24.03924, 65.80441], [24.03924, 65.80104], [24.04284, 65.79935], [24.05364, 65.79597], [24.02844, 65.7909], [23.98164, 65.79428], [23.95644, 65.78922], [23.95284, 65.78246], [23.94564, 65.76726], [23.93484, 65.76051], [23.92764, 65.76051], [23.91684, 65.76389], [23.90964, 65.76726], [23.89524, 65.77064], [23.88444, 65.77402], [23.87724, 65.77908], [23.87364, 65.78584], [23.87004, 65.79428], [23.86644, 65.79428], [23.85564, 65.78922], [23.80524, 65.78922], [23.78004, 65.79259], [23.77284, 65.8061], [23.76204, 65.82299], [23.74044, 65.82974], [23.69004, 65.82974], [23.67564, 65.82468], [23.65044, 65.80272], [23.63604, 65.79597], [23.62164, 65.79597], [23.61444, 65.80104], [23.61084, 65.8061], [23.60724, 65.80948], [23.52804, 65.80948], [23.48483, 65.81623], [23.49203, 65.82974], [23.48483, 65.83481], [23.47043, 65.83312], [23.45603, 65.82974], [23.45963, 65.82805], [23.44883, 65.81623], [23.44163, 65.81286], [23.43443, 65.81117], [23.42723, 65.80948], [23.42363, 65.80272], [23.43443, 65.79766], [23.43803, 65.79259], [23.43803, 65.78415], [23.43803, 65.77571], [23.43443, 65.76726], [23.42723, 65.76558], [23.42003, 65.76726], [23.40203, 65.76895], [23.38403, 65.77571], [23.37323, 65.7909], [23.36963, 65.80779], [23.37323, 65.82299], [23.35163, 65.8213], [23.33723, 65.81286], [23.32643, 65.80272], [23.31203, 65.79597], [23.29043, 65.79597], [23.26883, 65.80272], [23.22923, 65.82299], [23.21483, 65.82636], [23.19683, 65.82636], [23.18243, 65.81961], [23.18243, 65.80272], [23.18963, 65.78922], [23.20403, 65.78077], [23.23643, 65.76895], [23.22203, 65.76389], [23.15723, 65.75038], [23.14643, 65.74531], [23.12843, 65.73349], [23.12843, 65.71492], [23.10323, 65.70479], [23.07803, 65.70648], [23.08523, 65.72843], [23.05643, 65.75544], [23.04563, 65.76051], [22.98803, 65.76389], [22.94483, 65.77571], [22.93763, 65.77908], [22.91603, 65.79597], [22.90163, 65.79935], [22.87643, 65.79428], [22.85843, 65.79597], [22.83683, 65.80779], [22.80443, 65.84832], [22.78643, 65.86351], [22.67123, 65.90573], [22.65323, 65.90911], [22.63523, 65.90573], [22.64603, 65.8956], [22.67123, 65.88209], [22.68203, 65.87027], [22.68563, 65.86182], [22.68923, 65.8365], [22.69283, 65.82468], [22.69643, 65.81454], [22.70003, 65.80441], [22.69643, 65.78922], [22.68923, 65.77571], [22.67843, 65.76389], [22.66403, 65.75713], [22.64963, 65.75544], [22.65323, 65.7774], [22.62803, 65.7909], [22.57043, 65.79597], [22.55603, 65.79259], [22.52363, 65.77571], [22.51283, 65.77571], [22.50563, 65.78415], [22.51283, 65.79428], [22.52363, 65.80441], [22.53083, 65.80948], [22.52003, 65.82299], [22.50203, 65.83143], [22.46962, 65.84325], [22.47322, 65.84663], [22.47682, 65.85676], [22.40482, 65.86351], [22.36882, 65.86182], [22.36882, 65.84325], [22.32562, 65.8365], [22.36882, 65.80948], [22.36522, 65.79766], [22.35082, 65.79597], [22.31842, 65.80272], [22.32922, 65.79259], [22.34722, 65.77064], [22.36162, 65.76051], [22.32562, 65.73518], [22.28602, 65.74362], [22.24642, 65.76051], [22.21042, 65.76051], [22.23202, 65.74531], [22.25002, 65.73518], [22.27162, 65.73012], [22.34002, 65.72336], [22.36162, 65.71661], [22.37602, 65.69972], [22.38682, 65.6727], [22.37602, 65.6727], [22.36162, 65.6727], [22.35082, 65.67102], [22.34002, 65.66426], [22.32922, 65.68959], [22.30762, 65.70141], [22.28242, 65.70141], [22.25722, 65.69297], [22.26442, 65.6879], [22.26802, 65.68115], [22.26442, 65.6727], [22.25722, 65.66426], [22.26442, 65.6592], [22.27162, 65.65075], [22.28602, 65.63218], [22.26082, 65.62542], [22.18882, 65.62374], [22.26442, 65.61192], [22.30042, 65.61192], [22.31842, 65.63218], [22.31482, 65.64231], [22.28962, 65.65582], [22.28602, 65.66426], [22.29322, 65.67439], [22.30762, 65.66933], [22.32562, 65.6592], [22.33282, 65.65075], [22.32562, 65.64569], [22.37962, 65.63387], [22.38322, 65.62711], [22.34002, 65.6136], [22.33282, 65.60347], [22.34362, 65.59503], [22.36522, 65.58828], [22.40482, 65.58321], [22.41202, 65.57983], [22.41922, 65.5697], [22.43002, 65.54944], [22.40482, 65.54268], [22.38682, 65.54944], [22.36882, 65.56295], [22.35082, 65.5697], [22.32202, 65.57139], [22.29682, 65.57646], [22.27522, 65.58828], [22.26442, 65.58996], [22.25002, 65.58321], [22.25722, 65.5697], [22.22842, 65.57139], [22.12762, 65.60347], [22.05202, 65.61698], [22.01962, 65.63556], [22.00522, 65.64231], [21.96562, 65.64738], [21.92962, 65.66257], [21.86842, 65.6727], [21.85402, 65.67777], [21.84322, 65.68452], [21.82162, 65.7031], [21.81082, 65.70985], [21.77842, 65.71998], [21.76402, 65.72843], [21.78922, 65.68621], [21.84682, 65.66088], [21.96922, 65.63218], [22.05202, 65.59841], [22.12042, 65.58321], [22.13122, 65.57814], [22.14922, 65.5697], [22.17082, 65.55282], [22.18162, 65.54775], [22.20322, 65.54944], [22.17802, 65.53931], [22.12042, 65.53931], [22.09162, 65.53593], [22.08442, 65.53255], [22.08082, 65.52918], [22.08082, 65.5258], [22.07722, 65.51736], [22.06642, 65.51398], [22.05562, 65.51904], [22.04842, 65.5258], [22.03762, 65.5258], [22.01242, 65.51736], [21.87562, 65.53762], [21.85402, 65.53593], [21.90082, 65.50047], [21.92962, 65.48865], [21.95122, 65.4954], [21.92962, 65.50554], [21.92242, 65.50722], [21.94762, 65.50891], [22.00522, 65.47683], [22.03042, 65.4667], [22.02322, 65.45319], [22.01962, 65.44137], [22.01242, 65.43124], [21.99802, 65.42617], [21.98002, 65.42617], [21.96562, 65.43293], [21.94402, 65.45319], [21.93322, 65.44137], [21.93682, 65.43124], [21.94402, 65.42111], [21.94402, 65.41097], [21.92602, 65.40422], [21.90802, 65.40253], [21.89002, 65.4076], [21.87922, 65.41942], [21.85042, 65.4076], [21.82162, 65.40084], [21.78922, 65.40084], [21.70642, 65.41435], [21.68842, 65.41266], [21.70282, 65.39747], [21.65602, 65.39747], [21.63082, 65.40084], [21.60922, 65.41942], [21.58762, 65.41773], [21.54442, 65.41097], [21.54442, 65.40591], [21.58402, 65.39747], [21.59842, 65.39747], [21.59842, 65.3924], [21.52642, 65.39747], [21.49041, 65.39409], [21.46881, 65.3772], [21.47601, 65.3772], [21.48681, 65.37214], [21.49041, 65.37045], [21.44721, 65.35694], [21.46881, 65.35525], [21.49041, 65.3485], [21.51202, 65.33837], [21.52642, 65.32655], [21.54442, 65.3181], [21.56602, 65.31641], [21.58402, 65.32148], [21.58762, 65.33668], [21.60562, 65.3333], [21.62362, 65.32655], [21.65602, 65.30797], [21.68842, 65.29615], [21.70282, 65.28602], [21.69922, 65.27082], [21.66682, 65.25225], [21.62362, 65.24043], [21.57682, 65.23874], [21.54442, 65.24718], [21.53362, 65.25731], [21.51562, 65.28264], [21.50482, 65.29615], [21.49041, 65.30628], [21.47601, 65.31473], [21.45801, 65.31979], [21.43641, 65.32317], [21.40761, 65.3333], [21.37881, 65.35525], [21.34641, 65.37214], [21.31401, 65.37045], [21.31761, 65.36876], [21.32841, 65.36538], [21.33201, 65.36369], [21.32121, 65.35187], [21.27801, 65.35019], [21.26361, 65.33668], [21.38961, 65.32148], [21.42201, 65.30797], [21.48321, 65.26069], [21.53722, 65.2303], [21.60922, 65.16951], [21.62002, 65.14756], [21.59842, 65.13911], [21.54442, 65.13743], [21.55882, 65.13067], [21.56242, 65.12223], [21.56242, 65.1121], [21.54442, 65.08339], [21.54802, 65.07833], [21.56602, 65.07495], [21.58762, 65.06988], [21.56242, 65.06144], [21.47961, 65.06313], [21.46881, 65.05468], [21.47601, 65.04118], [21.49401, 65.02598], [21.50482, 65.02091], [21.47241, 65.00909], [21.46161, 65.0074], [21.45441, 65.00909], [21.43281, 65.01416], [21.42201, 65.01416], [21.42201, 65.01247], [21.42201, 65.00909], [21.41841, 65.00403], [21.41481, 65.00065], [21.39681, 64.9939], [21.38241, 64.98714], [21.37881, 64.97701], [21.39321, 64.96688], [21.37881, 64.96012], [21.25641, 64.95675], [21.24201, 64.95337], [21.24201, 64.94493], [21.24561, 64.93986], [21.25281, 64.93311], [21.24561, 64.92129], [21.23841, 64.91453], [21.22761, 64.90609], [21.21681, 64.90102], [21.20241, 64.89934], [21.21321, 64.87232], [21.19161, 64.8605], [21.17361, 64.85374], [21.18081, 64.83517], [21.16641, 64.8301], [21.13041, 64.82335], [21.11241, 64.82335], [21.09801, 64.82673], [21.09081, 64.83855], [21.09081, 64.85037], [21.08361, 64.85712], [21.06921, 64.8605], [21.05481, 64.85712], [21.04041, 64.84699], [21.03681, 64.83348], [21.04401, 64.81997], [21.05481, 64.81491], [21.08361, 64.80984], [21.08001, 64.79802], [21.08001, 64.79464], [21.09801, 64.78451], [21.11601, 64.78114], [21.15561, 64.78114], [21.21681, 64.78958], [21.28161, 64.77607], [21.30681, 64.76763], [21.31401, 64.75412], [21.29961, 64.74905], [21.24921, 64.75074], [21.22761, 64.74736], [21.24561, 64.73048], [21.26721, 64.71697], [21.31401, 64.70008], [21.31401, 64.69164], [21.29601, 64.69164], [21.28881, 64.68658], [21.29241, 64.67982], [21.30321, 64.67138], [21.30321, 64.66631], [21.27801, 64.67138], [21.23121, 64.69333], [21.20601, 64.70008], [21.18441, 64.70684], [21.16641, 64.72204], [21.14481, 64.73217], [21.11961, 64.73048], [21.10881, 64.71697], [21.11241, 64.70008], [21.12321, 64.6832], [21.14121, 64.67138], [21.17001, 64.668], [21.20241, 64.66631], [21.23121, 64.66125], [21.24921, 64.64436], [21.23121, 64.64267], [21.23121, 64.63254], [21.24561, 64.62241], [21.26361, 64.61734], [21.28521, 64.61565], [21.29601, 64.61397], [21.30321, 64.61059], [21.31041, 64.60552], [21.31761, 64.59201], [21.32121, 64.59033], [21.33201, 64.58695], [21.34281, 64.57344], [21.35361, 64.57006], [21.36441, 64.57175], [21.36441, 64.57682], [21.36441, 64.58188], [21.36081, 64.58188], [21.36801, 64.59539], [21.36801, 64.60383], [21.37521, 64.60721], [21.39321, 64.60383], [21.41481, 64.59033], [21.43641, 64.57175], [21.45441, 64.56331], [21.46881, 64.58695], [21.47601, 64.58695], [21.48681, 64.58357], [21.49041, 64.57851], [21.49041, 64.55655], [21.50122, 64.54473], [21.51562, 64.53629], [21.53362, 64.5346], [21.55162, 64.5346], [21.54082, 64.52785], [21.52642, 64.52278], [21.51202, 64.52109], [21.49761, 64.52447], [21.47241, 64.54473], [21.46161, 64.54811], [21.41481, 64.52954], [21.38601, 64.52109], [21.37521, 64.53123], [21.37161, 64.53798], [21.36441, 64.54136], [21.35721, 64.54136], [21.35001, 64.53798], [21.34641, 64.53123], [21.35361, 64.52954], [21.36801, 64.52785], [21.38601, 64.51096], [21.40041, 64.5059], [21.41121, 64.51096], [21.42201, 64.51434], [21.46161, 64.51772], [21.47601, 64.51434], [21.47961, 64.51096], [21.48681, 64.49408], [21.49041, 64.48732], [21.47601, 64.47213], [21.47961, 64.46031], [21.49041, 64.45355], [21.51202, 64.45186], [21.51922, 64.45524], [21.53002, 64.46875], [21.53722, 64.47213], [21.55882, 64.47044], [21.58042, 64.46537], [21.57322, 64.48057], [21.58762, 64.48057], [21.59842, 64.4755], [21.60562, 64.46537], [21.60562, 64.45186], [21.59842, 64.44173], [21.58762, 64.44173], [21.57682, 64.44173], [21.56242, 64.43498], [21.55162, 64.42822], [21.52642, 64.42147], [21.51562, 64.41471], [21.45801, 64.37081], [21.41841, 64.35393], [21.39681, 64.34042], [21.37161, 64.33029], [21.35361, 64.34042], [21.33201, 64.35561], [21.31761, 64.36406], [21.32121, 64.35561], [21.32481, 64.34717], [21.32121, 64.33873], [21.31761, 64.3286], [21.32481, 64.32691], [21.32841, 64.32353], [21.32841, 64.31847], [21.33201, 64.31509], [21.31761, 64.31171], [21.28881, 64.30158], [21.27081, 64.30158], [21.25641, 64.30496], [21.24921, 64.30833], [21.24561, 64.30665], [21.11601, 64.22053], [21.11241, 64.21884], [21.08361, 64.22559], [21.08001, 64.22728], [21.06921, 64.22222], [21.04401, 64.19182], [20.96481, 64.14961], [20.94681, 64.12934], [20.96121, 64.11246], [20.95401, 64.09557], [20.91441, 64.05674], [20.91081, 64.05336], [20.91081, 64.04829], [20.90721, 64.03478], [20.91081, 64.03647], [20.91081, 64.0331], [20.91441, 64.02803], [20.91441, 64.02465], [20.91081, 64.02128], [20.90721, 64.02128], [20.90361, 64.01959], [20.90001, 64.01452], [20.90001, 63.99426], [20.89641, 63.98413], [20.88921, 63.97906], [20.87841, 63.97737], [20.87121, 63.97231], [20.86761, 63.96724], [20.86401, 63.96555], [20.84241, 63.9588], [20.82441, 63.94529], [20.80641, 63.91152], [20.78481, 63.87944], [20.77761, 63.8693], [20.73081, 63.84904], [20.68401, 63.84904], [20.67321, 63.84229], [20.66961, 63.82878], [20.67681, 63.82202], [20.69121, 63.82033], [20.70921, 63.82202], [20.68761, 63.79838], [20.67321, 63.78994], [20.66601, 63.79163], [20.64441, 63.81527], [20.63001, 63.82033], [20.61201, 63.82202], [20.56521, 63.79838], [20.56161, 63.78487], [20.55441, 63.77643], [20.54361, 63.77474], [20.52921, 63.7815], [20.54001, 63.79163], [20.54001, 63.80007], [20.52921, 63.80851], [20.50761, 63.82033], [20.50401, 63.82202], [20.4572, 63.77137], [20.4356, 63.76123], [20.414, 63.76799], [20.4176, 63.75955], [20.4176, 63.75448], [20.414, 63.74941], [20.414, 63.74097], [20.4212, 63.71902], [20.4212, 63.71227], [20.414, 63.70045], [20.4068, 63.69031], [20.396, 63.68187], [20.3816, 63.67681], [20.3636, 63.68018], [20.3564, 63.68863], [20.3528, 63.70213], [20.3636, 63.71564], [20.36, 63.72577], [20.3528, 63.73928], [20.3384, 63.74941], [20.324, 63.75448], [20.3168, 63.73928], [20.3168, 63.67849], [20.3096, 63.65485], [20.2952, 63.65148], [20.2808, 63.65992], [20.2664, 63.67005], [20.2664, 63.68187], [20.2736, 63.692], [20.2808, 63.7072], [20.288, 63.72071], [20.2844, 63.73253], [20.2664, 63.71902], [20.2448, 63.69876], [20.2376, 63.67343], [20.2412, 63.65148], [20.2196, 63.65317], [20.1548, 63.65148], [20.144, 63.6481], [20.1332, 63.64472], [20.1188, 63.64303], [20.108, 63.6481], [20.1008, 63.65654], [20.0972, 63.66161], [20.0936, 63.66499], [20.072, 63.66667], [20.054, 63.6633], [20.036, 63.65654], [20.0216, 63.6481], [20.0108, 63.63459], [20.0144, 63.62277], [20.0288, 63.60251], [19.9532, 63.61939], [19.9388, 63.61939], [19.9244, 63.61264], [19.8884, 63.60251], [19.8812, 63.59913], [19.8632, 63.5738], [19.8272, 63.55523], [19.7876, 63.54172], [19.7516, 63.52483], [19.7516, 63.5147], [19.766, 63.48769], [19.7732, 63.46405], [19.7696, 63.46067], [19.7444, 63.45729], [19.7372, 63.45223], [19.7228, 63.44547], [19.7012, 63.43365], [19.6868, 63.43196], [19.64, 63.44547], [19.6364, 63.45898], [19.64, 63.46911], [19.6364, 63.47755], [19.6112, 63.486], [19.6148, 63.48937], [19.6184, 63.49613], [19.6184, 63.49951], [19.604, 63.50457], [19.5788, 63.52146], [19.5248, 63.5299], [19.514, 63.53834], [19.49239, 63.55354], [19.47079, 63.56198], [19.44559, 63.56029], [19.42039, 63.54847], [19.43119, 63.54341], [19.44199, 63.53834], [19.46719, 63.53497], [19.45639, 63.50964], [19.46719, 63.50119], [19.49239, 63.49782], [19.5248, 63.486], [19.49599, 63.47755], [19.48159, 63.47418], [19.46359, 63.47249], [19.45999, 63.46911], [19.47079, 63.46067], [19.5104, 63.43365], [19.514, 63.4269], [19.5176, 63.41508], [19.5068, 63.4117], [19.48879, 63.41677], [19.45639, 63.43196], [19.37359, 63.47924], [19.34479, 63.486], [19.34479, 63.47755], [19.37359, 63.44547], [19.35199, 63.44041], [19.33039, 63.44885], [19.31239, 63.46067], [19.29439, 63.46573], [19.27999, 63.45898], [19.27639, 63.44209], [19.27639, 63.40832], [19.27639, 63.39819], [19.26919, 63.3813], [19.26919, 63.37286], [19.26919, 63.34247], [19.25839, 63.32896], [19.24399, 63.3222], [19.23319, 63.32558], [19.22959, 63.34247], [19.20799, 63.32558], [19.15759, 63.31883], [19.13239, 63.3087], [19.13959, 63.30532], [19.15399, 63.2935], [19.14319, 63.28674], [19.12159, 63.26479], [19.11079, 63.25297], [19.13239, 63.25297], [19.11799, 63.23609], [19.09639, 63.23778], [19.05679, 63.25973], [19.03879, 63.23946], [19.05679, 63.22596], [19.08559, 63.22089], [19.11079, 63.2192], [19.10359, 63.20738], [19.09279, 63.20738], [19.07839, 63.20738], [19.06759, 63.20232], [19.06039, 63.19218], [19.06039, 63.18374], [19.05319, 63.17868], [19.03519, 63.17868], [19.03159, 63.18205], [19.00279, 63.19894], [18.99919, 63.20232], [18.99199, 63.20907], [18.97039, 63.21751], [18.96319, 63.22596], [18.96679, 63.23946], [18.95599, 63.24622], [18.93799, 63.25128], [18.92359, 63.25635], [18.90559, 63.26648], [18.88759, 63.27324], [18.87319, 63.26986], [18.88039, 63.25297], [18.86599, 63.2496], [18.81199, 63.25973], [18.76879, 63.26142], [18.75079, 63.25973], [18.73639, 63.25297], [18.75439, 63.24284], [18.91279, 63.21245], [18.89479, 63.19725], [18.86239, 63.19218], [18.79759, 63.19218], [18.80119, 63.18205], [18.80479, 63.17868], [18.78679, 63.16854], [18.77239, 63.16854], [18.76159, 63.17699], [18.75439, 63.19218], [18.75439, 63.20738], [18.77599, 63.21245], [18.82279, 63.21245], [18.82279, 63.2192], [18.72919, 63.23271], [18.70039, 63.22596], [18.71479, 63.2192], [18.71839, 63.21076], [18.72199, 63.20232], [18.72919, 63.19218], [18.75079, 63.16686], [18.75439, 63.15672], [18.61039, 63.17868], [18.56359, 63.17868], [18.56359, 63.17192], [18.58519, 63.17023], [18.61039, 63.16517], [18.62839, 63.15672], [18.64279, 63.14659], [18.64999, 63.13646], [18.65719, 63.12295], [18.65359, 63.11451], [18.63919, 63.10944], [18.61759, 63.11451], [18.59959, 63.12126], [18.57799, 63.12464], [18.55639, 63.1162], [18.54919, 63.10776], [18.54559, 63.09594], [18.53839, 63.08412], [18.52399, 63.07567], [18.55639, 63.07567], [18.51319, 63.0571], [18.49878, 63.05541], [18.49158, 63.05034], [18.48798, 63.02502], [18.47718, 63.01995], [18.46638, 63.02333], [18.43398, 63.04697], [18.41958, 63.05372], [18.40518, 63.05541], [18.38718, 63.05372], [18.37278, 63.04697], [18.40518, 63.03515], [18.42318, 63.0267], [18.43398, 63.01488], [18.36918, 63.01995], [18.36558, 63.02164], [18.35838, 63.03346], [18.35118, 63.03684], [18.34398, 63.04021], [18.34038, 63.03684], [18.34038, 63.03008], [18.33678, 63.0267], [18.34038, 63.02502], [18.32598, 63.01488], [18.30078, 63.00644], [18.24318, 62.99969], [18.26478, 62.98955], [18.52399, 62.99124], [18.55279, 62.98618], [18.57079, 62.97267], [18.57799, 62.95916], [18.56719, 62.95409], [18.55279, 62.95916], [18.54559, 62.97267], [18.53839, 62.97267], [18.52759, 62.95409], [18.50599, 62.94903], [18.47718, 62.95241], [18.41958, 62.96929], [18.40158, 62.96423], [18.39438, 62.94565], [18.44118, 62.92877], [18.45558, 62.92539], [18.49158, 62.93045], [18.50959, 62.93214], [18.52399, 62.92539], [18.51319, 62.90344], [18.47358, 62.90175], [18.40158, 62.91188], [18.41598, 62.89668], [18.46278, 62.88824], [18.47358, 62.87642], [18.46998, 62.86798], [18.46278, 62.86122], [18.45198, 62.85785], [18.42678, 62.85447], [18.41958, 62.8494], [18.40878, 62.84603], [18.40158, 62.84096], [18.37638, 62.83589], [18.36558, 62.83589], [18.34758, 62.83927], [18.32958, 62.83927], [18.32598, 62.84096], [18.32238, 62.84434], [18.31878, 62.8494], [18.31518, 62.85616], [18.28278, 62.87642], [18.26838, 62.88317], [18.24678, 62.88317], [18.25038, 62.8798], [18.25398, 62.86967], [18.20718, 62.86967], [18.20718, 62.86291], [18.21798, 62.85953], [18.22158, 62.85278], [18.21438, 62.84434], [18.20718, 62.83589], [18.22878, 62.82914], [18.26118, 62.84771], [18.28278, 62.84096], [18.25758, 62.81057], [18.24318, 62.79875], [18.22518, 62.79368], [18.21438, 62.7903], [18.20718, 62.78186], [18.19638, 62.77679], [18.18198, 62.78355], [18.18198, 62.7903], [18.18918, 62.79706], [18.19638, 62.80381], [18.19998, 62.80719], [18.18558, 62.81225], [18.17838, 62.80381], [18.16758, 62.79199], [18.16038, 62.78017], [18.13878, 62.77173], [18.12078, 62.77004], [18.07758, 62.77342], [18.08118, 62.78355], [18.08478, 62.78693], [18.06678, 62.79368], [18.04878, 62.79537], [18.00918, 62.79368], [18.03438, 62.81225], [18.12078, 62.8055], [18.14598, 62.82239], [18.10278, 62.83083], [18.08478, 62.83758], [18.07038, 62.8494], [18.07398, 62.85109], [18.07398, 62.85278], [18.07758, 62.85616], [18.05598, 62.85278], [18.01998, 62.84096], [17.98758, 62.82576], [17.97318, 62.81225], [17.96958, 62.80719], [17.95158, 62.81057], [17.93358, 62.81732], [17.92638, 62.82239], [17.92278, 62.83083], [17.92638, 62.86629], [17.92278, 62.86967], [17.91558, 62.87811], [17.91198, 62.88317], [17.91558, 62.88824], [17.92278, 62.89668], [17.92638, 62.90006], [17.92278, 62.91526], [17.90838, 62.91526], [17.89398, 62.91019], [17.87958, 62.91188], [17.87238, 62.91863], [17.85438, 62.95578], [17.84718, 62.96423], [17.83638, 62.97098], [17.82198, 62.97605], [17.81118, 62.97942], [17.81838, 62.98449], [17.82918, 62.99969], [17.80758, 62.998], [17.77878, 62.9828], [17.76078, 62.97942], [17.74278, 62.9828], [17.72838, 62.99293], [17.71038, 62.998], [17.69238, 62.99293], [17.81838, 62.94227], [17.84718, 62.92201], [17.86518, 62.90175], [17.89038, 62.86967], [17.90118, 62.83927], [17.88678, 62.82239], [17.88678, 62.81563], [17.92998, 62.80043], [17.94078, 62.79368], [17.95158, 62.78524], [17.95518, 62.78186], [17.95518, 62.76329], [17.96238, 62.75147], [17.99478, 62.72783], [18.00198, 62.70925], [17.99838, 62.69743], [17.99118, 62.68055], [17.99118, 62.67379], [17.99838, 62.66535], [17.99478, 62.66028], [17.98398, 62.65859], [17.97318, 62.65691], [17.96958, 62.65859], [17.94438, 62.66873], [17.93358, 62.67041], [17.87238, 62.67041], [17.89038, 62.65859], [18.04158, 62.62651], [18.04518, 62.61469], [18.04878, 62.60625], [18.05598, 62.59949], [18.06318, 62.59612], [18.04158, 62.59274], [17.96958, 62.56066], [17.96238, 62.56403], [17.96238, 62.57585], [17.95158, 62.60625], [17.95518, 62.61131], [17.95158, 62.61469], [17.93718, 62.61638], [17.92998, 62.613], [17.92638, 62.60456], [17.91558, 62.57248], [17.91198, 62.56572], [17.91198, 62.55728], [17.90838, 62.54884], [17.90118, 62.54546], [17.87958, 62.54039], [17.89398, 62.52688], [17.86158, 62.50156], [17.84358, 62.48974], [17.82198, 62.48636], [17.81118, 62.48974], [17.79678, 62.50324], [17.78598, 62.50493], [17.73558, 62.50493], [17.69238, 62.49818], [17.67078, 62.48974], [17.65998, 62.47792], [17.65998, 62.46103], [17.67438, 62.45596], [17.69598, 62.4509], [17.70678, 62.43739], [17.57718, 62.44077], [17.56278, 62.44414], [17.54838, 62.44752], [17.53038, 62.46272], [17.52678, 62.46441], [17.47997, 62.50493], [17.43677, 62.53702], [17.42597, 62.54039], [17.40437, 62.53533], [17.39717, 62.51169], [17.37917, 62.50493], [17.35757, 62.50324], [17.34317, 62.49818], [17.33237, 62.48805], [17.33237, 62.47285], [17.37557, 62.43739], [17.37917, 62.43401], [17.37917, 62.42557], [17.37917, 62.41713], [17.37917, 62.41037], [17.37197, 62.407], [17.36117, 62.40362], [17.34677, 62.40362], [17.33597, 62.40362], [17.35037, 62.39855], [17.36117, 62.39011], [17.36477, 62.37829], [17.36117, 62.36647], [17.36117, 62.35634], [17.36837, 62.34283], [17.37917, 62.3327], [17.39357, 62.32763], [17.42237, 62.33101], [17.43677, 62.33101], [17.45477, 62.32088], [17.46197, 62.31244], [17.46917, 62.3023], [17.47637, 62.29217], [17.48717, 62.28711], [17.48717, 62.28035], [17.47997, 62.28035], [17.47277, 62.27866], [17.46197, 62.2736], [17.54478, 62.24827], [17.56638, 62.25334], [17.59878, 62.24996], [17.63118, 62.23983], [17.65278, 62.23138], [17.56998, 62.20437], [17.54478, 62.20099], [17.54118, 62.20606], [17.56998, 62.23138], [17.55198, 62.23645], [17.53398, 62.23476], [17.51958, 62.22801], [17.50878, 62.21788], [17.50518, 62.20437], [17.50518, 62.18748], [17.50878, 62.17228], [17.50878, 62.16384], [17.50158, 62.15033], [17.49797, 62.14695], [17.47997, 62.13007], [17.47277, 62.11656], [17.47277, 62.0963], [17.47277, 62.08448], [17.46917, 62.07603], [17.44757, 62.06759], [17.46917, 62.06253], [17.45837, 62.04902], [17.42597, 62.02707], [17.43677, 62.022], [17.45117, 62.01187], [17.46197, 62.00343], [17.45117, 62.00005], [17.40437, 61.99498], [17.39357, 61.99161], [17.38637, 61.98147], [17.38997, 61.97134], [17.38637, 61.96121], [17.36477, 61.95783], [17.35397, 61.95615], [17.34677, 61.9477], [17.34317, 61.93588], [17.34317, 61.92406], [17.34677, 61.91224], [17.36117, 61.89367], [17.36477, 61.88691], [17.36117, 61.88016], [17.34677, 61.87509], [17.34317, 61.87003], [17.34317, 61.86327], [17.34317, 61.85652], [17.34677, 61.85483], [17.35037, 61.85314], [17.35397, 61.84808], [17.34677, 61.83795], [17.34317, 61.83457], [17.33957, 61.8295], [17.33597, 61.82444], [17.33957, 61.81768], [17.35397, 61.81431], [17.40437, 61.82106], [17.40077, 61.81093], [17.39357, 61.80586], [17.38277, 61.80249], [17.37197, 61.8008], [17.37197, 61.79235], [17.38997, 61.78898], [17.38997, 61.77716], [17.38637, 61.76196], [17.38637, 61.74676], [17.38997, 61.72819], [17.40077, 61.72312], [17.44757, 61.72819], [17.46557, 61.73325], [17.48357, 61.73494], [17.50158, 61.72481], [17.51238, 61.71299], [17.51958, 61.70286], [17.51958, 61.69104], [17.51238, 61.68091], [17.50518, 61.6674], [17.50158, 61.65051], [17.49797, 61.63532], [17.47997, 61.62856], [17.46197, 61.63025], [17.44757, 61.63363], [17.43317, 61.63869], [17.41877, 61.65051], [17.38277, 61.69273], [17.36117, 61.70961], [17.33237, 61.71806], [17.33237, 61.70455], [17.33597, 61.69442], [17.35037, 61.67753], [17.31437, 61.6826], [17.29997, 61.68935], [17.30357, 61.70455], [17.26757, 61.72143], [17.22437, 61.7265], [17.13797, 61.72481], [17.14877, 61.71468], [17.16677, 61.70961], [17.19917, 61.7113], [17.26757, 61.69104], [17.26037, 61.67415], [17.22797, 61.66233], [17.19197, 61.65727], [17.16677, 61.65727], [17.16677, 61.65051], [17.17397, 61.64882], [17.19197, 61.64207], [17.16317, 61.637], [17.11997, 61.64545], [17.09837, 61.63532], [17.22437, 61.62181], [17.24957, 61.6083], [17.22437, 61.60323], [17.20997, 61.60492], [17.17397, 61.61505], [17.15237, 61.61843], [17.08397, 61.61505], [17.08397, 61.6083], [17.11997, 61.60999], [17.13437, 61.60661], [17.14517, 61.59479], [17.10197, 61.58466], [17.05517, 61.58297], [17.08397, 61.57115], [17.18477, 61.56102], [17.18477, 61.55426], [17.09117, 61.55595], [17.08037, 61.55089], [17.08757, 61.54582], [17.11277, 61.54076], [17.13077, 61.53231], [17.15597, 61.52894], [17.16677, 61.52725], [17.16677, 61.5188], [17.12357, 61.5188], [17.12357, 61.51374], [17.16317, 61.50361], [17.17397, 61.49854], [17.17757, 61.48672], [17.17037, 61.47997], [17.15957, 61.4749], [17.15237, 61.46477], [17.15597, 61.45633], [17.16317, 61.44788], [17.17037, 61.44113], [17.18117, 61.43775], [17.19197, 61.43775], [17.19917, 61.44282], [17.20277, 61.44788], [17.21357, 61.45126], [17.22077, 61.44788], [17.22077, 61.44113], [17.21717, 61.43438], [17.20637, 61.431], [17.19557, 61.42931], [17.18477, 61.42762], [17.17397, 61.42256], [17.16677, 61.4158], [17.15957, 61.42424], [17.14877, 61.43438], [17.13797, 61.43775], [17.12717, 61.41749], [17.10917, 61.40905], [17.10557, 61.39892], [17.10917, 61.39385], [17.13797, 61.36852], [17.16677, 61.35501], [17.19917, 61.34826], [17.20277, 61.33644], [17.27477, 61.31449], [17.24597, 61.31111], [17.21357, 61.3128], [17.15237, 61.32799], [17.16677, 61.30773], [17.19197, 61.29929], [17.22437, 61.29422], [17.24957, 61.28747], [17.20637, 61.28916], [17.18837, 61.29085], [17.13437, 61.31617], [17.11997, 61.31955], [17.09837, 61.32124], [17.09837, 61.31449], [17.11997, 61.30773], [17.15237, 61.29422], [17.18117, 61.27565], [17.19917, 61.25876], [17.21357, 61.23512], [17.19557, 61.22668], [17.17037, 61.21993], [17.15237, 61.20473], [17.18477, 61.19122], [17.18117, 61.16589], [17.17397, 61.15745], [17.15957, 61.14901], [17.17757, 61.1355], [17.18117, 61.12368], [17.17037, 61.11523], [17.14517, 61.11523], [17.15597, 61.11186], [17.18477, 61.11186], [17.19197, 61.10848], [17.19917, 61.10341], [17.19917, 61.09666], [17.19917, 61.08991], [17.18837, 61.08822], [17.18117, 61.08315], [17.17397, 61.07302], [17.17037, 61.05951], [17.16677, 61.046], [17.17037, 61.04263], [17.17757, 61.03756], [17.18477, 61.03249], [17.16677, 61.02236], [17.15957, 61.02067], [17.20997, 61.02405], [17.23517, 61.02236], [17.24957, 61.01223], [17.18837, 61.00379], [17.16677, 60.99197], [17.15957, 60.96495], [17.15597, 60.95313], [17.15957, 60.94807], [17.18117, 60.93793], [17.19917, 60.93624], [17.20637, 60.93456], [17.20277, 60.92105], [17.20637, 60.91429], [17.21357, 60.90247], [17.21717, 60.8991], [17.23157, 60.90416], [17.24237, 60.90247], [17.24597, 60.89741], [17.28197, 60.84168], [17.27477, 60.84], [17.26397, 60.83662], [17.25677, 60.83324], [17.25677, 60.82818], [17.26037, 60.81636], [17.26757, 60.81467], [17.27477, 60.81804], [17.28197, 60.81298], [17.28557, 60.79947], [17.28197, 60.78934], [17.28197, 60.7809], [17.29637, 60.77245], [17.31437, 60.76908], [17.33237, 60.77076], [17.33597, 60.76739], [17.32517, 60.75219], [17.31077, 60.74544], [17.27837, 60.73699], [17.25317, 60.72011], [17.21357, 60.7066], [17.19197, 60.70153], [17.18477, 60.69647], [17.18837, 60.69309], [17.19197, 60.68971], [17.20637, 60.6914], [17.22797, 60.69647], [17.23877, 60.69816], [17.25677, 60.69478], [17.27837, 60.67958], [17.31077, 60.67283], [17.36477, 60.64919], [17.32517, 60.63568], [17.32517, 60.62892], [17.33957, 60.62217], [17.36117, 60.62217], [17.37557, 60.62386], [17.37917, 60.62386], [17.39717, 60.6323], [17.41517, 60.63737], [17.54838, 60.64919], [17.57358, 60.6475], [17.59518, 60.63906], [17.60958, 60.63061], [17.64558, 60.61879], [17.65998, 60.60866], [17.64558, 60.60022], [17.60958, 60.5884], [17.60238, 60.58333], [17.60598, 60.56982], [17.62038, 60.54787], [17.62398, 60.53605], [17.63838, 60.51579], [17.67078, 60.50397], [17.74278, 60.4989], [17.74278, 60.50566], [17.72838, 60.53436], [17.76078, 60.56307], [17.81478, 60.58502], [17.91918, 60.60022], [17.94798, 60.59853], [17.97318, 60.5884], [17.99478, 60.55294], [17.99478, 60.54112], [17.98758, 60.53099], [17.98038, 60.52254], [17.96598, 60.51917], [17.96598, 60.51241], [17.99478, 60.51072], [18.01998, 60.50228], [18.06318, 60.47864], [18.09918, 60.46513], [18.10278, 60.45838], [18.10998, 60.44318], [18.11358, 60.43643], [18.14238, 60.41279], [18.17838, 60.39928], [18.26118, 60.38239], [18.24678, 60.37733], [18.22158, 60.36382], [18.20718, 60.35537], [18.20718, 60.34693], [18.22158, 60.33849], [18.22878, 60.33342], [18.23598, 60.32667], [18.25038, 60.33342], [18.27918, 60.34862], [18.29718, 60.35537], [18.31518, 60.35706], [18.32598, 60.35537], [18.35838, 60.34693], [18.42678, 60.34862], [18.44838, 60.34187], [18.44838, 60.33849], [18.44478, 60.33005], [18.44478, 60.31991], [18.44838, 60.31316], [18.45198, 60.30978], [18.47358, 60.29965], [18.47358, 60.2929], [18.46278, 60.29121], [18.44838, 60.2929], [18.43758, 60.2929], [18.42678, 60.28614], [18.56719, 60.25913], [18.60319, 60.23886], [18.56359, 60.22704], [18.40158, 60.25913], [18.36918, 60.27939], [18.31518, 60.3216], [18.32958, 60.28614], [18.36918, 60.25913], [18.41598, 60.23549], [18.44838, 60.21185], [18.43038, 60.21016], [18.41598, 60.21522], [18.39438, 60.23211], [18.39798, 60.20847], [18.41958, 60.19327], [18.46998, 60.17639], [18.49158, 60.16119], [18.50599, 60.15612], [18.52399, 60.15612], [18.53479, 60.1595], [18.54559, 60.16457], [18.54919, 60.17301], [18.54919, 60.1443], [18.54919, 60.12911], [18.55279, 60.12066], [18.57439, 60.08858], [18.57799, 60.07338], [18.58519, 60.07338], [18.58879, 60.08858], [18.59239, 60.10884], [18.58879, 60.12742], [18.57799, 60.14261], [18.59959, 60.14768], [18.62479, 60.15106], [18.64999, 60.14768], [18.68599, 60.13079], [18.72199, 60.12573], [18.73639, 60.1156], [18.73999, 60.09871], [18.73999, 60.06494], [18.74359, 60.04974], [18.79039, 60.01766], [18.79759, 60.00415], [18.78319, 60.03117], [18.76159, 60.0565], [18.75439, 60.08182], [18.76519, 60.11053], [18.80479, 60.12235], [18.81559, 60.11729], [18.81919, 60.11391], [18.81919, 60.09702], [18.81919, 60.08182], [18.82279, 60.06832], [18.86959, 59.99402], [18.90199, 59.94674], [18.92359, 59.93492], [18.96679, 59.92648], [18.98839, 59.91972], [19.00639, 59.91128], [19.00999, 59.90959], [19.00999, 59.90621], [19.00999, 59.89946], [19.00999, 59.89608], [19.02439, 59.88426], [19.03159, 59.88088], [19.04239, 59.88257], [19.04239, 59.88764], [19.03879, 59.89777], [19.03519, 59.90284], [19.05319, 59.90115], [19.07119, 59.89608], [19.06759, 59.88257], [19.06759, 59.84205], [19.06759, 59.8336], [19.03519, 59.83529], [19.02079, 59.84036], [18.94879, 59.89946], [18.91639, 59.92141], [18.88759, 59.92985], [18.89479, 59.91634], [18.93079, 59.88595], [18.93439, 59.86906], [18.92359, 59.85218], [18.86239, 59.80321], [18.84439, 59.79477], [18.81919, 59.79308], [18.77599, 59.79308], [18.75439, 59.79139], [18.73999, 59.78295], [18.73279, 59.76944], [18.75079, 59.76944], [18.79039, 59.77957], [19.04239, 59.78464], [19.08559, 59.77282], [19.07479, 59.74918], [19.05679, 59.73567], [19.03519, 59.72891], [18.97399, 59.71878], [18.95599, 59.71878], [18.94159, 59.72385], [18.93079, 59.7306], [18.91999, 59.7458], [18.91279, 59.75255], [18.90199, 59.73398], [18.88039, 59.72216], [18.85519, 59.71372], [18.77959, 59.7019], [18.75799, 59.69176], [18.75439, 59.67657], [18.71839, 59.67657], [18.71479, 59.67319], [18.71119, 59.66475], [18.70759, 59.65799], [18.70039, 59.65293], [18.69319, 59.64955], [18.74359, 59.64955], [18.73639, 59.64111], [18.72559, 59.63266], [18.71119, 59.62422], [18.70039, 59.62084], [18.68959, 59.62422], [18.68239, 59.62929], [18.67159, 59.63604], [18.66079, 59.63604], [18.67879, 59.61747], [18.68599, 59.60565], [18.67879, 59.60058], [18.66439, 59.5972], [18.63919, 59.58369], [18.59599, 59.57356], [18.54199, 59.54655], [18.48438, 59.53473], [18.45918, 59.52122], [18.41238, 59.49082], [18.37998, 59.47563], [18.34398, 59.47225], [18.26838, 59.47731], [18.26838, 59.47056], [18.30438, 59.45705], [18.28998, 59.4503], [18.26118, 59.45199], [18.24678, 59.4503], [18.26838, 59.44523], [18.28278, 59.43679], [18.27558, 59.42328], [18.29358, 59.41484], [18.31878, 59.40977], [18.33678, 59.40808], [18.30798, 59.39626], [18.24678, 59.39795], [18.18918, 59.40808], [18.16038, 59.42159], [18.17118, 59.42666], [18.18198, 59.42835], [18.19638, 59.42666], [18.20718, 59.42159], [18.20358, 59.43003], [18.19998, 59.4503], [18.19278, 59.45705], [18.18198, 59.45874], [18.16038, 59.44692], [18.14598, 59.44354], [18.13878, 59.44523], [18.12798, 59.45536], [18.11718, 59.45705], [18.11358, 59.45536], [18.10278, 59.44523], [18.09558, 59.44354], [18.08478, 59.43848], [18.08478, 59.42835], [18.09198, 59.41653], [18.09918, 59.40808], [18.06678, 59.39795], [18.05238, 59.39626], [18.04158, 59.39795], [18.01998, 59.40639], [18.00918, 59.40808], [18.14598, 59.34054], [18.10998, 59.33547], [18.09558, 59.33885], [18.09558, 59.32703], [18.17118, 59.32703], [18.19638, 59.33379], [18.20718, 59.3321], [18.21438, 59.32028], [18.22158, 59.32028], [18.25398, 59.36249], [18.31878, 59.376], [18.39078, 59.36925], [18.44838, 59.35405], [18.44118, 59.35067], [18.43038, 59.34392], [18.42678, 59.34054], [18.45558, 59.33547], [18.46998, 59.33716], [18.48078, 59.34729], [18.45558, 59.38107], [18.44838, 59.39626], [18.49518, 59.39626], [18.45558, 59.40977], [18.43758, 59.4199], [18.42678, 59.43679], [18.48438, 59.43341], [18.50959, 59.42835], [18.53839, 59.41653], [18.53839, 59.41315], [18.54199, 59.39964], [18.54559, 59.39626], [18.61399, 59.37431], [18.59959, 59.36249], [18.58519, 59.36249], [18.56359, 59.36756], [18.54559, 59.36756], [18.56719, 59.3608], [18.59959, 59.35574], [18.63199, 59.34729], [18.64639, 59.33041], [18.63919, 59.31521], [18.62119, 59.30846], [18.56719, 59.30677], [18.55279, 59.30508], [18.53479, 59.30001], [18.52039, 59.29833], [18.50239, 59.30339], [18.49158, 59.30846], [18.46278, 59.31183], [18.44838, 59.31352], [18.36558, 59.30677], [18.33678, 59.31352], [18.34038, 59.3169], [18.34398, 59.32872], [18.34398, 59.33379], [18.32598, 59.33379], [18.30798, 59.33041], [18.28998, 59.32197], [18.27558, 59.31352], [18.28998, 59.30846], [18.30078, 59.3017], [18.30798, 59.29326], [18.31518, 59.28482], [18.31518, 59.27806], [18.28278, 59.27975], [18.27198, 59.27468], [18.27918, 59.26118], [18.33678, 59.24429], [18.36198, 59.24091], [18.38718, 59.23078], [18.41238, 59.21558], [18.42678, 59.19701], [18.33678, 59.23585], [18.31518, 59.23416], [18.31518, 59.22234], [18.32958, 59.2139], [18.35118, 59.21052], [18.36558, 59.21052], [18.37278, 59.20376], [18.37638, 59.19194], [18.38718, 59.1835], [18.40518, 59.18857], [18.40158, 59.18519], [18.40158, 59.18181], [18.39798, 59.17844], [18.39438, 59.17506], [18.39438, 59.1683], [18.41958, 59.17506], [18.43038, 59.17506], [18.43398, 59.16493], [18.43038, 59.15311], [18.42318, 59.14466], [18.41598, 59.1396], [18.40158, 59.14466], [18.37998, 59.14804], [18.34398, 59.14129], [18.30798, 59.13116], [18.28998, 59.12102], [18.30078, 59.12271], [18.31158, 59.12102], [18.31878, 59.11596], [18.32598, 59.10752], [18.22878, 59.08388], [18.19998, 59.0805], [18.21438, 59.08725], [18.24318, 59.0957], [18.25398, 59.10076], [18.24318, 59.10752], [18.24678, 59.11089], [18.25398, 59.11427], [18.25398, 59.12102], [18.23958, 59.12102], [18.22518, 59.11934], [18.21078, 59.11427], [18.19638, 59.10414], [18.18558, 59.09907], [18.15318, 59.09738], [18.13878, 59.09401], [18.13158, 59.08725], [18.10998, 59.06361], [18.09558, 59.05855], [18.04158, 59.06024], [18.04518, 59.05517], [18.04878, 59.04335], [18.04878, 59.03828], [18.02718, 59.04504], [18.01278, 59.04504], [18.00198, 59.03828], [18.01998, 59.02309], [18.00198, 59.0062], [17.97678, 58.98594], [17.96238, 58.96399], [17.96238, 58.95217], [17.96958, 58.94372], [17.96958, 58.93528], [17.96238, 58.92177], [17.94798, 58.91502], [17.92998, 58.90995], [17.91198, 58.90995], [17.90118, 58.91502], [17.89398, 58.9032], [17.89398, 58.88969], [17.89398, 58.86098], [17.87958, 58.86774], [17.86878, 58.87618], [17.86518, 58.888], [17.87238, 58.90151], [17.86518, 58.91502], [17.86158, 58.9184], [17.85078, 58.92515], [17.84358, 58.92515], [17.83638, 58.92177], [17.82918, 58.92177], [17.81478, 58.92853], [17.80398, 58.93359], [17.78598, 58.95386], [17.77518, 58.96061], [17.77518, 58.9471], [17.78598, 58.92515], [17.80398, 58.90826], [17.79318, 58.89138], [17.78598, 58.88462], [17.77878, 58.88125], [17.77518, 58.88631], [17.77518, 58.89644], [17.77878, 58.90826], [17.78238, 58.91502], [17.74998, 58.92346], [17.74638, 58.94204], [17.75358, 58.96568], [17.74278, 58.98425], [17.74278, 58.991], [17.75718, 59.0062], [17.76078, 59.0366], [17.76078, 59.06699], [17.75718, 59.0805], [17.75718, 59.08556], [17.76798, 59.1092], [17.76798, 59.12102], [17.75718, 59.12609], [17.74638, 59.12271], [17.73198, 59.11427], [17.72838, 59.10414], [17.72478, 59.07374], [17.72118, 59.05855], [17.71038, 59.05348], [17.69958, 59.05686], [17.66718, 59.0805], [17.66718, 59.0957], [17.68878, 59.11765], [17.69238, 59.13116], [17.68878, 59.14298], [17.68158, 59.15311], [17.67078, 59.16155], [17.65998, 59.1683], [17.67438, 59.13453], [17.65998, 59.11934], [17.64918, 59.10752], [17.63118, 59.09907], [17.60958, 59.09401], [17.62038, 59.07206], [17.61678, 59.05179], [17.61318, 59.03153], [17.63118, 59.01802], [17.62038, 59.00282], [17.61318, 58.98087], [17.60598, 58.96568], [17.59878, 58.97074], [17.58798, 58.96568], [17.58078, 58.96061], [17.57718, 58.95723], [17.58438, 58.95048], [17.59158, 58.9471], [17.60238, 58.94372], [17.60958, 58.94372], [17.60958, 58.93697], [17.60238, 58.92853], [17.61318, 58.92346], [17.62758, 58.9184], [17.61678, 58.90151], [17.59878, 58.89476], [17.57718, 58.89476], [17.55558, 58.89982], [17.53758, 58.90151], [17.54478, 58.88969], [17.55918, 58.87956], [17.59158, 58.86774], [17.59158, 58.86098], [17.56998, 58.86098], [17.57718, 58.85592], [17.58438, 58.85423], [17.55558, 58.85423], [17.47997, 58.88631], [17.44757, 58.89476], [17.44757, 58.888], [17.46557, 58.88125], [17.46917, 58.87111], [17.46197, 58.84072], [17.45117, 58.82383], [17.45117, 58.81539], [17.45837, 58.81201], [17.46557, 58.81033], [17.48717, 58.80019], [17.45837, 58.79175], [17.33597, 58.80695], [17.37197, 58.77824], [17.37557, 58.76473], [17.35757, 58.75123], [17.30357, 58.75291], [17.27477, 58.74954], [17.27477, 58.73096], [17.16317, 58.73265], [17.13077, 58.73772], [17.11997, 58.74447], [17.10197, 58.76136], [17.08757, 58.76473], [17.07677, 58.76305], [17.04437, 58.75291], [17.02637, 58.75123], [17.04077, 58.74785], [17.07317, 58.74447], [17.08397, 58.73772], [17.08397, 58.72927], [17.07677, 58.72083], [17.06957, 58.71408], [17.06237, 58.7107], [17.08397, 58.70226], [17.12357, 58.70563], [17.14517, 58.70226], [17.14517, 58.69719], [17.12357, 58.68368], [17.10917, 58.67017], [17.09477, 58.66004], [17.06957, 58.66173], [17.01197, 58.68199], [16.97597, 58.68537], [16.95437, 58.66849], [17.00117, 58.66849], [17.01917, 58.66004], [17.03717, 58.64147], [17.01197, 58.64147], [16.92557, 58.62627], [16.57997, 58.64653], [16.23436, 58.66849], [16.23436, 58.66173], [16.24516, 58.65835], [16.25596, 58.6516], [16.26316, 58.64316], [16.25596, 58.63471], [16.24156, 58.63303], [16.19836, 58.63809], [16.18036, 58.63471], [16.18036, 58.62796], [16.19116, 58.63134], [16.20556, 58.63471], [16.21276, 58.63134], [16.21996, 58.62121], [16.24156, 58.62796], [16.28476, 58.61614], [16.30636, 58.62458], [16.32076, 58.6364], [16.33516, 58.63978], [16.34596, 58.6364], [16.36756, 58.62121], [16.37116, 58.62121], [16.37116, 58.61783], [16.37116, 58.60432], [16.37476, 58.59588], [16.38916, 58.59081], [16.39996, 58.5925], [16.41076, 58.59588], [16.41436, 58.60939], [16.42156, 58.62458], [16.42876, 58.63978], [16.43956, 58.64822], [16.45396, 58.64653], [16.50437, 58.63134], [16.51877, 58.62458], [16.63757, 58.62627], [16.65917, 58.62289], [16.67717, 58.61107], [16.68797, 58.60601], [16.73117, 58.60263], [16.74917, 58.5925], [16.74557, 58.59757], [16.74197, 58.60939], [16.74197, 58.61445], [16.77797, 58.6077], [16.78877, 58.6077], [16.77797, 58.58912], [16.78517, 58.57224], [16.80317, 58.56211], [16.83197, 58.55873], [16.82117, 58.55366], [16.81757, 58.55197], [16.81757, 58.54691], [16.84277, 58.54691], [16.84277, 58.53847], [16.83557, 58.53002], [16.84637, 58.52496], [16.88597, 58.5182], [16.93997, 58.49119], [16.91477, 58.48274], [16.86437, 58.48274], [16.84277, 58.47768], [16.85357, 58.46248], [16.83197, 58.45235], [16.79597, 58.44559], [16.77077, 58.44222], [16.76717, 58.44053], [16.75277, 58.43208], [16.74917, 58.42871], [16.74197, 58.4304], [16.72757, 58.43546], [16.72037, 58.43715], [16.59797, 58.44897], [16.54037, 58.46755], [16.44316, 58.48612], [16.41436, 58.47768], [16.44676, 58.4743], [16.65917, 58.4152], [16.69157, 58.41351], [16.70597, 58.40844], [16.71317, 58.39494], [16.71677, 58.38649], [16.71317, 58.37805], [16.70957, 58.36961], [16.71317, 58.35948], [16.72397, 58.36116], [16.73837, 58.36454], [16.75277, 58.36961], [16.75637, 58.37298], [16.76717, 58.36792], [16.77077, 58.36285], [16.77437, 58.33921], [16.63037, 58.35441], [16.64837, 58.34259], [16.68437, 58.32739], [16.69877, 58.31895], [16.69517, 58.30882], [16.69877, 58.30206], [16.70957, 58.29869], [16.72037, 58.30038], [16.72757, 58.30375], [16.72757, 58.31051], [16.72037, 58.31895], [16.77797, 58.3257], [16.79957, 58.32402], [16.78877, 58.30544], [16.78517, 58.30375], [16.76717, 58.30544], [16.75997, 58.30544], [16.75997, 58.30206], [16.75997, 58.297], [16.75997, 58.29024], [16.75637, 58.28518], [16.74197, 58.2818], [16.70597, 58.27842], [16.70597, 58.27167], [16.73117, 58.26829], [16.80317, 58.24465], [16.79237, 58.23959], [16.78877, 58.2379], [16.80317, 58.23114], [16.81397, 58.22101], [16.82117, 58.2075], [16.82477, 58.19231], [16.82117, 58.1788], [16.81757, 58.17711], [16.80677, 58.18049], [16.79597, 58.18218], [16.78877, 58.1788], [16.79237, 58.17373], [16.79957, 58.16529], [16.81037, 58.16191], [16.77797, 58.12983], [16.72037, 58.15009], [16.66277, 58.18555], [16.61597, 58.20244], [16.63037, 58.18555], [16.67357, 58.16529], [16.68797, 58.1484], [16.68077, 58.1484], [16.66637, 58.14672], [16.65917, 58.1484], [16.68077, 58.12814], [16.71677, 58.1045], [16.73477, 58.08424], [16.71317, 58.07917], [16.71677, 58.06735], [16.71317, 58.05891], [16.70237, 58.05722], [16.68797, 58.05891], [16.70597, 58.05047], [16.72397, 58.0454], [16.74197, 58.04033], [16.75637, 58.02514], [16.74557, 58.01669], [16.73837, 58.01501], [16.72757, 58.01669], [16.72037, 58.02514], [16.69157, 58.01501], [16.68797, 58.00825], [16.69877, 57.99812], [16.68077, 58.00487], [16.65917, 58.03527], [16.64477, 58.03865], [16.63037, 58.02851], [16.63757, 58.01501], [16.65917, 57.98968], [16.66997, 57.99137], [16.68797, 57.98968], [16.69877, 57.9711], [16.70597, 57.96266], [16.71677, 57.96604], [16.72757, 57.97448], [16.73477, 57.9711], [16.73837, 57.96266], [16.74197, 57.94577], [16.74557, 57.94071], [16.77437, 57.92382], [16.78157, 57.91538], [16.76717, 57.91538], [16.72757, 57.92889], [16.73477, 57.91369], [16.76717, 57.89849], [16.76717, 57.88836], [16.75637, 57.87654], [16.74197, 57.87654], [16.72397, 57.8833], [16.70957, 57.89174], [16.69157, 57.91538], [16.68437, 57.91876], [16.68077, 57.89849], [16.66997, 57.89174], [16.65197, 57.89005], [16.61237, 57.89512], [16.61237, 57.90356], [16.61237, 57.912], [16.60877, 57.92045], [16.60517, 57.92889], [16.61597, 57.92889], [16.62677, 57.92889], [16.63397, 57.92551], [16.64477, 57.92213], [16.51517, 57.99812], [16.50437, 57.99812], [16.49716, 57.99305], [16.49356, 57.98461], [16.49716, 57.97786], [16.50437, 57.96941], [16.53317, 57.95084], [16.59077, 57.93564], [16.58357, 57.93227], [16.57637, 57.92382], [16.56917, 57.92213], [16.57637, 57.912], [16.57637, 57.90187], [16.57277, 57.89343], [16.56197, 57.88836], [16.54397, 57.89849], [16.52597, 57.90694], [16.47916, 57.91538], [16.49356, 57.90187], [16.48636, 57.89512], [16.47916, 57.89849], [16.46116, 57.90187], [16.46116, 57.89512], [16.67717, 57.7651], [16.70597, 57.7499], [16.69877, 57.74315], [16.68437, 57.74652], [16.63397, 57.7651], [16.61957, 57.77354], [16.54037, 57.83939], [16.41796, 57.89512], [16.42876, 57.87654], [16.43956, 57.86472], [16.47196, 57.84615], [16.52957, 57.82589], [16.57277, 57.79549], [16.57997, 57.78705], [16.58717, 57.77861], [16.59437, 57.77354], [16.60877, 57.77016], [16.61957, 57.76679], [16.65197, 57.74652], [16.66637, 57.73639], [16.65197, 57.72964], [16.67357, 57.72964], [16.69157, 57.72626], [16.70597, 57.71613], [16.71317, 57.70262], [16.69157, 57.70262], [16.69157, 57.69587], [16.70597, 57.69587], [16.70597, 57.68911], [16.63757, 57.69249], [16.60877, 57.69924], [16.57637, 57.70937], [16.58357, 57.70093], [16.60157, 57.68911], [16.61237, 57.68236], [16.61957, 57.66716], [16.61597, 57.65872], [16.60517, 57.65703], [16.58357, 57.66209], [16.59077, 57.65196], [16.60157, 57.64859], [16.61597, 57.64859], [16.62317, 57.64183], [16.63037, 57.62832], [16.62677, 57.62494], [16.61597, 57.62157], [16.60877, 57.6165], [16.59797, 57.60975], [16.56917, 57.59624], [16.56197, 57.59286], [16.55837, 57.59624], [16.55477, 57.60637], [16.55477, 57.61819], [16.55477, 57.62663], [16.54757, 57.62157], [16.54037, 57.61988], [16.52957, 57.62157], [16.51877, 57.62663], [16.52957, 57.61481], [16.53677, 57.61144], [16.54397, 57.60806], [16.52597, 57.59624], [16.51877, 57.59286], [16.51877, 57.58611], [16.54397, 57.57935], [16.54397, 57.5726], [16.51517, 57.5726], [16.51517, 57.56584], [16.59077, 57.56416], [16.63037, 57.5574], [16.65917, 57.51519], [16.68077, 57.48986], [16.68797, 57.47128], [16.65917, 57.47635], [16.67357, 57.45946], [16.66637, 57.45609], [16.65197, 57.4544], [16.63757, 57.44933], [16.63397, 57.43751], [16.63757, 57.42738], [16.65197, 57.41894], [16.67357, 57.41556], [16.65557, 57.40881], [16.63757, 57.40543], [16.62677, 57.39868], [16.63037, 57.3801], [16.57277, 57.38686], [16.54757, 57.38179], [16.53317, 57.35984], [16.56917, 57.34633], [16.56197, 57.33789], [16.55117, 57.33282], [16.54757, 57.32944], [16.56197, 57.31931], [16.48636, 57.29398], [16.46836, 57.27541], [16.49356, 57.24333], [16.46476, 57.22813], [16.45756, 57.20449], [16.46476, 57.17747], [16.47916, 57.15552], [16.50797, 57.12681], [16.51877, 57.12006], [16.52957, 57.11668], [16.53677, 57.11837], [16.54397, 57.11837], [16.55117, 57.10993], [16.56917, 57.08629], [16.55477, 57.08122], [16.56197, 57.0694], [16.57277, 57.05589], [16.58357, 57.04407], [16.56917, 57.04407], [16.53317, 57.05252], [16.53317, 57.05421], [16.53677, 57.05927], [16.53317, 57.06265], [16.52597, 57.06603], [16.52237, 57.06434], [16.51877, 57.06265], [16.51517, 57.05927], [16.51157, 57.05589], [16.50797, 57.05083], [16.50797, 57.04576], [16.50437, 57.0407], [16.50077, 57.03901], [16.49716, 57.0407], [16.49356, 57.04407], [16.47556, 57.04576], [16.45396, 57.05083], [16.43956, 57.05252], [16.44676, 57.04407], [16.45396, 57.03901], [16.46476, 57.03394], [16.47196, 57.03057], [16.47196, 57.02381], [16.45396, 57.02381], [16.43956, 57.01368], [16.43596, 56.99848], [16.43956, 56.97653], [16.45036, 56.96471], [16.46116, 56.95627], [16.46836, 56.94951], [16.46476, 56.93769], [16.43596, 56.91068], [16.43596, 56.90561], [16.43956, 56.87859], [16.43956, 56.86677], [16.43596, 56.85664], [16.40716, 56.80767], [16.40716, 56.79923], [16.41436, 56.78741], [16.42876, 56.78234], [16.43956, 56.78741], [16.45396, 56.79416], [16.46476, 56.79754], [16.47196, 56.79416], [16.47556, 56.78572], [16.47196, 56.77728], [16.46476, 56.77052], [16.45396, 56.76884], [16.42876, 56.77559], [16.41436, 56.77728], [16.39636, 56.77559], [16.37476, 56.76546], [16.36036, 56.76377], [16.35676, 56.7587], [16.36396, 56.74688], [16.37836, 56.72662], [16.38196, 56.69454], [16.37836, 56.67596], [16.37116, 56.66077], [16.36036, 56.65401], [16.34236, 56.65064], [16.32436, 56.65232], [16.30276, 56.66246], [16.28836, 56.66077], [16.27396, 56.65739], [16.26316, 56.65401], [16.25596, 56.65064], [16.24516, 56.64219], [16.22356, 56.61349], [16.21996, 56.60842], [16.21996, 56.60336], [16.21996, 56.59322], [16.21636, 56.57127], [16.21276, 56.54763], [16.20556, 56.53919], [16.18036, 56.5375], [16.17316, 56.52737], [16.16596, 56.5088], [16.11916, 56.45476], [16.09396, 56.4193], [16.06516, 56.33656], [16.03996, 56.25551], [16.03276, 56.25044], [16.02196, 56.24707], [16.01476, 56.23862], [16.01116, 56.22849], [16.00396, 56.22005], [15.98956, 56.20823], [15.94996, 56.18797], [15.93196, 56.17446], [15.87436, 56.10354], [15.85276, 56.08665], [15.83476, 56.08834], [15.81676, 56.09847], [15.78796, 56.10691], [15.82036, 56.14069], [15.82756, 56.15926], [15.80596, 56.1677], [15.75556, 56.15588], [15.73036, 56.15757], [15.71236, 56.17446], [15.70156, 56.16939], [15.69796, 56.17277], [15.69076, 56.17783], [15.68356, 56.18121], [15.66916, 56.1829], [15.65476, 56.19303], [15.64756, 56.19472], [15.63316, 56.18628], [15.61156, 56.16939], [15.59356, 56.16095], [15.57556, 56.17446], [15.58276, 56.18121], [15.59356, 56.19303], [15.59716, 56.20316], [15.58636, 56.20823], [15.57196, 56.20654], [15.53596, 56.18797], [15.49275, 56.17615], [15.48555, 56.17108], [15.48555, 56.15588], [15.47835, 56.15251], [15.46035, 56.16095], [15.45315, 56.16601], [15.44235, 56.17277], [15.43155, 56.17952], [15.41715, 56.18121], [15.40275, 56.17952], [15.39195, 56.17446], [15.37755, 56.16095], [15.37035, 56.15082], [15.37035, 56.14575], [15.36675, 56.14069], [15.31995, 56.139], [15.30555, 56.14237], [15.29475, 56.14744], [15.31635, 56.15419], [15.32355, 56.15419], [15.31635, 56.16264], [15.29475, 56.18797], [15.27315, 56.17108], [15.23355, 56.15757], [15.19395, 56.15251], [15.16155, 56.16433], [15.15435, 56.16939], [15.14715, 56.1677], [15.13995, 56.16264], [15.12915, 56.16095], [15.09315, 56.16095], [15.08595, 56.16433], [15.08235, 56.1829], [15.07515, 56.18797], [15.06795, 56.18797], [15.04275, 56.1829], [15.03555, 56.18121], [15.03915, 56.17615], [15.04635, 56.15926], [15.04995, 56.15419], [14.98875, 56.16939], [14.95275, 56.17277], [14.92755, 56.16433], [14.90595, 56.16095], [14.87355, 56.16433], [14.84835, 56.16433], [14.84835, 56.14744], [14.83035, 56.14237], [14.81235, 56.15082], [14.79435, 56.16095], [14.77635, 56.1677], [14.72595, 56.1677], [14.70075, 56.16095], [14.68635, 56.14744], [14.68275, 56.139], [14.68275, 56.12718], [14.68275, 56.11705], [14.68995, 56.11198], [14.70435, 56.1086], [14.71155, 56.10185], [14.71515, 56.09341], [14.71875, 56.08496], [14.74755, 56.06132], [14.75835, 56.04781], [14.76915, 56.03093], [14.75475, 56.02755], [14.74395, 56.0208], [14.73315, 56.01404], [14.72235, 56.00729], [14.71515, 56.00222], [14.71155, 56.00729], [14.70435, 56.01742], [14.68635, 56.01742], [14.67915, 56.00898], [14.67195, 56.0056], [14.66475, 56.00729], [14.65755, 56.00898], [14.65035, 56.01067], [14.62155, 56.01067], [14.61075, 56.01067], [14.61075, 56.01573], [14.62515, 56.02417], [14.61435, 56.03093], [14.60715, 56.03768], [14.60355, 56.04613], [14.60355, 56.05795], [14.58195, 56.04444], [14.57115, 56.05119], [14.56755, 56.05626], [14.56755, 56.05795], [14.55675, 56.05457], [14.53515, 56.04613], [14.52435, 56.04444], [14.49914, 56.04106], [14.47754, 56.03093], [14.44514, 56.00222], [14.40914, 55.97689], [14.38394, 55.96676], [14.36594, 55.9617], [14.34794, 55.95325], [14.33354, 55.93468], [14.32274, 55.9161], [14.31194, 55.90766], [14.27234, 55.89415], [14.23634, 55.86207], [14.20754, 55.82154], [14.19674, 55.77933], [14.19314, 55.74218], [14.19674, 55.7253], [14.20754, 55.70841], [14.22194, 55.69659], [14.26154, 55.6797], [14.27234, 55.66788], [14.27594, 55.65606], [14.27594, 55.64593], [14.27594, 55.6358], [14.28314, 55.62229], [14.29394, 55.61554], [14.31554, 55.60203], [14.35874, 55.56319], [14.36594, 55.54462], [14.36234, 55.52435], [14.34794, 55.51085], [14.29394, 55.47539], [14.27594, 55.46863], [14.26514, 55.46188], [14.21834, 55.4146], [14.20034, 55.3994], [14.18234, 55.39096], [14.15714, 55.38758], [14.09234, 55.38758], [14.06354, 55.39096], [14.03474, 55.39771], [13.95554, 55.42642], [13.93034, 55.43317], [13.89794, 55.43486], [13.88354, 55.43317], [13.85834, 55.42473], [13.84394, 55.42135], [13.82954, 55.42135], [13.77914, 55.42811], [13.64594, 55.42135], [13.62794, 55.41797], [13.61714, 55.41122], [13.60994, 55.40109], [13.59554, 55.39265], [13.58114, 55.38927], [13.53794, 55.39265], [13.50194, 55.38758], [13.41193, 55.35212], [13.38313, 55.34537], [13.31113, 55.34199], [13.27873, 55.34537], [13.11673, 55.38083], [13.06273, 55.38083], [13.04113, 55.38589], [13.03033, 55.38589], [13.02313, 55.38758], [13.00873, 55.39771], [13.00153, 55.3994], [12.97993, 55.40278], [12.95833, 55.3994], [12.94753, 55.39602], [12.93313, 55.38758], [12.92233, 55.38589], [12.91153, 55.38758], [12.89713, 55.39265], [12.88633, 55.39265], [12.86833, 55.38927], [12.84673, 55.38251], [12.83233, 55.38251], [12.82873, 55.3994], [12.86113, 55.43486], [12.86473, 55.43486], [12.87193, 55.43486], [12.87913, 55.43148], [12.88633, 55.42473], [12.90433, 55.41797], [12.92953, 55.41797], [12.95113, 55.42473], [12.96553, 55.43486], [12.95833, 55.44837], [12.96193, 55.45343], [12.97273, 55.45343], [12.98713, 55.44837], [12.97633, 55.47539], [12.92953, 55.51929], [12.91873, 55.54799], [12.92953, 55.57839], [12.95833, 55.59865], [13.02673, 55.62736], [13.03753, 55.6358], [13.04833, 55.64762], [13.05913, 55.66113], [13.06273, 55.67464], [13.05553, 55.69321], [13.04113, 55.70503], [13.02673, 55.71179], [13.01233, 55.72867], [12.99433, 55.7253], [12.97273, 55.72698], [12.96553, 55.74556], [12.94033, 55.74556], [12.92233, 55.74894], [12.91153, 55.76413], [12.92233, 55.76582], [12.93313, 55.7692], [12.93673, 55.77764], [12.94033, 55.79115], [12.92593, 55.83336], [12.88993, 55.85363], [12.85033, 55.86545], [12.82153, 55.8874], [12.81073, 55.9026], [12.80713, 55.90935], [12.80713, 55.92455], [12.80353, 55.92961], [12.79993, 55.93468], [12.78913, 55.93974], [12.78193, 55.94143], [12.77113, 55.94819], [12.76393, 55.96507], [12.76033, 55.98365], [12.75313, 55.99716], [12.73513, 56.0056], [12.72073, 56.01235], [12.70993, 56.0208], [12.70633, 56.04106], [12.69913, 56.05119], [12.60913, 56.11705], [12.60193, 56.1238], [12.56593, 56.17108], [12.55513, 56.18121], [12.54433, 56.21329], [12.54073, 56.22174], [12.51553, 56.25213], [12.50473, 56.27577], [12.46512, 56.29097], [12.45072, 56.30448], [12.64513, 56.2572], [12.65233, 56.25382], [12.66673, 56.23862], [12.67393, 56.23693], [12.68113, 56.23356], [12.69553, 56.22511], [12.70633, 56.22174], [12.71353, 56.22343], [12.72793, 56.22849], [12.73513, 56.22849], [12.77833, 56.2268], [12.79633, 56.22849], [12.81433, 56.23693], [12.82873, 56.25044], [12.83233, 56.26564], [12.82873, 56.27915], [12.78193, 56.29266], [12.76393, 56.31461], [12.73153, 56.3602], [12.64513, 56.39566], [12.61993, 56.4193], [12.65593, 56.45476], [12.71353, 56.46658], [12.83233, 56.44294], [12.88993, 56.45476], [12.90433, 56.46658], [12.91873, 56.48516], [12.93313, 56.50711], [12.94033, 56.52737], [12.93313, 56.54763], [12.90433, 56.59322], [12.88633, 56.63713], [12.87193, 56.64895], [12.84313, 56.65401], [12.81793, 56.65232], [12.77833, 56.64388], [12.76393, 56.64388], [12.74593, 56.64388], [12.73153, 56.64726], [12.68113, 56.67934], [12.67033, 56.69285], [12.66313, 56.7148], [12.64873, 56.72493], [12.63073, 56.73338], [12.61633, 56.75026], [12.59473, 56.78741], [12.60193, 56.80936], [12.59833, 56.82118], [12.53353, 56.84651], [12.52993, 56.84989], [12.52993, 56.85327], [12.52993, 56.85664], [12.52633, 56.86002], [12.51913, 56.86171], [12.50473, 56.86509], [12.49752, 56.86677], [12.47952, 56.88704], [12.46872, 56.8921], [12.43632, 56.89548], [12.41112, 56.90561], [12.37512, 56.91237], [12.35712, 56.92419], [12.34632, 56.94107], [12.34272, 56.96302], [12.34272, 56.96809], [12.35352, 56.97653], [12.35352, 56.97991], [12.35352, 56.98497], [12.34992, 56.99511], [12.34992, 57.00017], [12.34632, 57.00693], [12.34272, 57.01368], [12.33192, 57.02043], [12.30312, 57.02888], [12.27072, 57.04239], [12.24912, 57.06096], [12.24552, 57.07953], [12.23832, 57.08122], [12.22032, 57.09304], [12.23832, 57.10824], [12.23472, 57.12175], [12.20592, 57.14877], [12.20232, 57.15552], [12.19872, 57.17578], [12.19872, 57.18423], [12.19152, 57.18591], [12.16272, 57.18423], [12.14832, 57.1876], [12.18072, 57.20449], [12.19152, 57.21293], [12.18072, 57.21631], [12.15912, 57.21631], [12.13752, 57.21969], [12.11952, 57.22644], [12.10152, 57.23657], [12.13032, 57.23657], [12.14112, 57.23826], [12.15552, 57.24333], [12.14112, 57.24839], [12.12672, 57.25008], [12.09432, 57.25008], [12.09432, 57.25684], [12.10512, 57.26359], [12.11232, 57.27034], [12.11952, 57.27541], [12.14112, 57.28048], [12.14832, 57.28554], [12.14832, 57.2923], [12.14112, 57.29736], [12.14472, 57.31087], [12.13752, 57.31931], [12.12672, 57.32607], [12.11592, 57.33282], [12.11232, 57.33451], [12.10872, 57.33958], [12.10512, 57.34464], [12.09792, 57.34633], [12.09072, 57.34464], [12.07272, 57.33958], [12.06552, 57.33958], [12.05112, 57.3514], [12.06552, 57.36322], [12.09072, 57.37841], [12.10872, 57.39361], [12.06192, 57.39361], [12.08352, 57.40205], [12.09072, 57.41218], [12.09072, 57.42232], [12.05832, 57.45946], [12.05472, 57.46284], [12.04392, 57.46115], [12.03672, 57.45778], [12.02952, 57.45102], [12.02232, 57.44933], [12.00792, 57.43414], [11.99352, 57.36659], [11.97912, 57.34633], [11.97192, 57.3649], [11.95032, 57.36153], [11.93232, 57.36153], [11.94312, 57.38686], [11.93232, 57.38686], [11.92152, 57.38686], [11.91432, 57.39023], [11.90352, 57.39361], [11.91432, 57.40374], [11.91432, 57.41725], [11.90712, 57.43245], [11.90352, 57.44933], [11.90712, 57.46453], [11.91792, 57.47635], [11.92872, 57.4831], [11.94312, 57.48986], [11.92872, 57.4983], [11.91072, 57.50337], [11.91792, 57.50506], [11.93232, 57.51181], [11.91072, 57.52194], [11.90352, 57.52363], [11.91792, 57.53883], [11.91072, 57.59455], [11.91792, 57.62157], [11.91432, 57.62326], [11.90352, 57.62663], [11.89632, 57.62663], [11.89272, 57.61312], [11.87832, 57.60637], [11.86752, 57.60806], [11.86032, 57.6165], [11.85672, 57.63339], [11.84952, 57.64352], [11.84232, 57.65196], [11.83512, 57.66209], [11.84592, 57.68236], [11.91072, 57.68742], [11.92512, 57.70262], [11.90352, 57.69587], [11.87472, 57.69249], [11.84592, 57.69249], [11.82072, 57.69587], [11.77032, 57.71275], [11.74872, 57.71444], [11.75232, 57.69587], [11.73792, 57.69249], [11.71992, 57.69418], [11.70552, 57.69924], [11.70552, 57.70937], [11.70552, 57.72119], [11.80272, 57.77354], [11.80992, 57.78198], [11.80632, 57.78874], [11.78832, 57.79043], [11.76672, 57.78874], [11.75232, 57.78536], [11.72712, 57.80225], [11.70912, 57.82251], [11.68752, 57.83771], [11.65512, 57.83939], [11.67672, 57.8529], [11.69112, 57.85797], [11.70552, 57.85966], [11.69472, 57.88161], [11.70552, 57.89174], [11.75952, 57.90187], [11.75952, 57.90863], [11.74512, 57.90863], [11.74512, 57.91538], [11.75592, 57.91707], [11.75952, 57.91876], [11.76672, 57.92889], [11.73792, 57.93902], [11.74512, 57.95591], [11.78832, 57.99812], [11.79912, 58.02176], [11.80272, 58.03696], [11.79552, 58.04878], [11.78832, 58.05891], [11.78472, 58.06904], [11.78472, 58.07917], [11.80272, 58.08593], [11.79912, 58.09099], [11.79552, 58.09268], [11.79192, 58.09944], [11.81712, 58.10281], [11.82792, 58.12139], [11.83872, 58.18724], [11.84232, 58.194], [11.85312, 58.19568], [11.86392, 58.19737], [11.87472, 58.19906], [11.88552, 58.20582], [11.88912, 58.21595], [11.87472, 58.21595], [11.86032, 58.21764], [11.85312, 58.22608], [11.84592, 58.2531], [11.83512, 58.26154], [11.82432, 58.26829], [11.81352, 58.27842], [11.80992, 58.30206], [11.82432, 58.31726], [11.88192, 58.33246], [11.87112, 58.34597], [11.84952, 58.34259], [11.80632, 58.32739], [11.75232, 58.32908], [11.72712, 58.32739], [11.72712, 58.3122], [11.71272, 58.30713], [11.68032, 58.30713], [11.62992, 58.2818], [11.61912, 58.27842], [11.61192, 58.27505], [11.59032, 58.25647], [11.57952, 58.25141], [11.56872, 58.24972], [11.55072, 58.24972], [11.53632, 58.2531], [11.52552, 58.25816], [11.52912, 58.2531], [11.53992, 58.2379], [11.50752, 58.24296], [11.49671, 58.25816], [11.50392, 58.28011], [11.51832, 58.30544], [11.54352, 58.33415], [11.56872, 58.35441], [11.62272, 58.38818], [11.60832, 58.39494], [11.62272, 58.40676], [11.63712, 58.41351], [11.66952, 58.42195], [11.65152, 58.43715], [11.62992, 58.43208], [11.60472, 58.4152], [11.59032, 58.40169], [11.57952, 58.41351], [11.55792, 58.44897], [11.55432, 58.46248], [11.54712, 58.46248], [11.55432, 58.43377], [11.55072, 58.4], [11.53992, 58.36454], [11.52192, 58.33584], [11.49671, 58.3122], [11.46431, 58.29362], [11.39591, 58.26492], [11.40671, 58.27842], [11.41751, 58.29024], [11.42831, 58.29869], [11.44271, 58.30544], [11.44271, 58.3122], [11.42831, 58.3122], [11.39951, 58.30375], [11.38871, 58.30544], [11.38511, 58.31895], [11.38871, 58.32908], [11.39951, 58.33752], [11.41391, 58.33921], [11.44991, 58.3409], [11.44271, 58.34934], [11.42111, 58.36454], [11.42471, 58.38818], [11.40671, 58.38818], [11.39951, 58.37805], [11.39231, 58.36623], [11.38151, 58.35441], [11.37071, 58.34766], [11.35631, 58.34428], [11.34551, 58.34597], [11.35271, 58.35779], [11.38511, 58.39831], [11.40671, 58.41858], [11.41391, 58.42871], [11.42471, 58.44222], [11.41391, 58.43208], [11.37071, 58.4], [11.35631, 58.39325], [11.34911, 58.38818], [11.34551, 58.38312], [11.33831, 58.3713], [11.33471, 58.36792], [11.30591, 58.35948], [11.28071, 58.36623], [11.25191, 58.36623], [11.23031, 58.33921], [11.21951, 58.34597], [11.21951, 58.35272], [11.22311, 58.36116], [11.22311, 58.3713], [11.22311, 58.37974], [11.20511, 58.40169], [11.20871, 58.41858], [11.22311, 58.42533], [11.25911, 58.42195], [11.25191, 58.44222], [11.26271, 58.45235], [11.27711, 58.4591], [11.29511, 58.46923], [11.25911, 58.48274], [11.25191, 58.48781], [11.24831, 58.49287], [11.24111, 58.50301], [11.23751, 58.50807], [11.24111, 58.51314], [11.24471, 58.51651], [11.24831, 58.5182], [11.25191, 58.5182], [11.25191, 58.5486], [11.25551, 58.55535], [11.26631, 58.56211], [11.27351, 58.56548], [11.28071, 58.57055], [11.28791, 58.58068], [11.26631, 58.58068], [11.26991, 58.5925], [11.26631, 58.59757], [11.25551, 58.59925], [11.25191, 58.6077], [11.25191, 58.61614], [11.25911, 58.62627], [11.25911, 58.63471], [11.24831, 58.64822], [11.21231, 58.67862], [11.21591, 58.69888], [11.21951, 58.70732], [11.21231, 58.7107], [11.18711, 58.7107], [11.17631, 58.71914], [11.17991, 58.73603], [11.19071, 58.75291], [11.21231, 58.75798], [11.20511, 58.77149], [11.21231, 58.77993], [11.22311, 58.78837], [11.23031, 58.80019], [11.23391, 58.80864], [11.23031, 58.8441], [11.22671, 58.84916], [11.21591, 58.85085], [11.20151, 58.85423], [11.19791, 58.86436], [11.19791, 58.888], [11.19431, 58.89813], [11.19071, 58.90826], [11.19431, 58.91164], [11.19431, 58.91502], [11.19791, 58.92177], [11.14751, 58.9319], [11.11871, 58.94035], [11.10791, 58.95386], [11.11871, 58.96905], [11.14031, 58.9775], [11.18351, 58.991], [11.14031, 58.98932], [11.12231, 58.99438], [11.11511, 59.00789], [11.11871, 59.0214], [11.12951, 59.03153], [11.19431, 59.0805], [11.21951, 59.09063], [11.32031, 59.09907], [11.35631, 59.09232], [11.36711, 59.06361], [11.37791, 59.04166], [11.39231, 59.01971], [11.41391, 59.00114], [11.42831, 58.991], [11.43911, 58.991], [11.45351, 58.96061], [11.45351, 58.89644], [11.48231, 58.88631], [11.54712, 58.88462], [11.61192, 58.89307], [11.66592, 58.92008], [11.69472, 58.97412], [11.70192, 58.99945], [11.70912, 59.0214], [11.73432, 59.0653], [11.74512, 59.09232], [11.74872, 59.1396], [11.77392, 59.20208], [11.78472, 59.21896], [11.80272, 59.23416], [11.80992, 59.24936], [11.80992, 59.27131], [11.80632, 59.29326], [11.78472, 59.3608], [11.67672, 59.55837], [11.66952, 59.58032], [11.67672, 59.60733], [11.69472, 59.62253], [11.82792, 59.65968], [11.85312, 59.67319], [11.89272, 59.70527], [11.89632, 59.71372], [11.89632, 59.73229], [11.90352, 59.76944], [11.90352, 59.78464], [11.88912, 59.80152], [11.88552, 59.8049], [11.85312, 59.82347], [11.84232, 59.83867], [11.84952, 59.87244], [11.87472, 59.88426], [11.88912, 59.8927], [11.94312, 59.90284], [12.10152, 59.89439], [12.14472, 59.89777], [12.29232, 59.95856], [12.44712, 60.05143], [12.48312, 60.08182], [12.51193, 60.11729], [12.52633, 60.16119], [12.52273, 60.19834], [12.49392, 60.2625], [12.48672, 60.29627], [12.49032, 60.31147], [12.50473, 60.32498], [12.55873, 60.36044], [12.57673, 60.37564], [12.59473, 60.39421], [12.60553, 60.41954], [12.61273, 60.455], [12.60913, 60.48708], [12.59473, 60.5141], [12.48312, 60.65763], [12.37872, 60.75388], [12.34992, 60.79272], [12.33552, 60.82818], [12.31392, 60.90247], [12.29592, 60.93456], [12.25632, 60.98184], [12.25272, 61.0021], [12.28152, 61.01561], [12.51193, 61.04938], [12.56953, 61.05107], [12.68113, 61.04094], [12.70273, 61.046], [12.70993, 61.05782], [12.71353, 61.0612], [12.73153, 61.12874], [12.73873, 61.14225], [12.74593, 61.15069], [12.81793, 61.20473], [12.83953, 61.22668], [12.85393, 61.25539], [12.88993, 61.34995], [12.88633, 61.36177], [12.87553, 61.37021], [12.61273, 61.54751], [12.58393, 61.56102], [12.55153, 61.56608], [12.48312, 61.56946], [12.44352, 61.57284], [12.41472, 61.58297], [12.33912, 61.63363], [12.29232, 61.65051], [12.17712, 61.7113], [12.16272, 61.72481], [12.23832, 61.97979], [12.31752, 62.23476], [12.31392, 62.27191], [12.31392, 62.28542], [12.28512, 62.33608], [12.27792, 62.34452], [12.09072, 62.58598], [12.09072, 62.60625], [12.10152, 62.63327], [12.13752, 62.68223], [12.15552, 62.71094], [12.15552, 62.73289], [12.09792, 62.88655], [12.09432, 62.90681], [12.10512, 62.9237], [12.22392, 63.00137], [12.05832, 63.204], [11.99352, 63.28843], [12.20592, 63.45391], [12.22032, 63.47418], [12.22032, 63.49613], [12.16992, 63.59744], [12.29232, 63.65654], [12.48312, 63.8102], [12.68113, 63.95711], [12.75673, 63.99088], [12.98353, 64.05842], [13.23553, 64.09051], [13.58834, 64.04998], [13.94114, 64.00946], [13.96274, 64.00946], [13.98074, 64.01959], [14.14634, 64.16818], [14.16074, 64.18676], [14.16074, 64.20533], [14.11394, 64.44173], [14.09594, 64.46537], [14.05994, 64.47719], [13.98074, 64.48395], [13.94114, 64.4907], [13.64234, 64.58357], [13.90874, 64.78789], [14.17154, 64.99221], [14.31194, 65.08339], [14.33354, 65.11379], [14.33354, 65.11547], [14.33714, 65.12223], [14.36594, 65.2151], [14.38034, 65.24043], [14.40194, 65.25563], [14.48114, 65.2894], [14.51355, 65.3181], [14.51715, 65.36369], [14.50995, 65.41773], [14.50995, 65.46501], [14.56035, 65.70141], [14.57115, 65.71661], [14.63595, 65.78077], [14.65035, 65.80272], [14.64315, 65.84325], [14.53875, 66.12524], [14.79795, 66.13875], [15.05355, 66.15395], [15.48195, 66.27553], [15.49275, 66.28735], [15.48915, 66.3093], [15.48195, 66.34138], [15.47475, 66.35489], [15.43155, 66.46296], [15.42795, 66.49166], [15.66916, 66.59973], [16.03996, 66.88679], [16.12636, 66.93407], [16.30996, 67.01006], [16.37116, 67.02357], [16.39996, 67.03539], [16.41436, 67.05227], [16.44316, 67.18229], [16.43956, 67.20087], [16.12636, 67.42207], [16.18036, 67.49637], [16.19836, 67.50819], [16.36756, 67.5217], [16.42876, 67.53352], [16.48276, 67.55716], [16.58717, 67.62639], [16.60877, 67.64665], [16.76357, 67.87799], [16.78157, 67.89656], [16.80677, 67.91007], [17.22077, 68.04009], [17.29997, 68.0975], [17.32157, 68.10594], [17.60958, 68.03671], [17.89398, 67.96917], [17.92278, 67.97255], [17.95158, 67.99112], [17.98038, 68.01645], [18.16758, 68.15829], [18.18918, 68.19882], [18.13518, 68.39638], [18.13518, 68.42677], [18.15678, 68.51796], [18.16038, 68.52978], [18.17118, 68.53653], [18.18918, 68.53822], [18.43758, 68.57368], [18.48078, 68.56186], [18.64279, 68.50107], [18.70039, 68.49601], [19.03879, 68.50614], [19.48159, 68.4234], [19.9316, 68.35079], [19.9712, 68.35079], [20.0108, 68.3643], [20.2448, 68.47743], [19.964, 68.5416], [20.1512, 68.60745], [20.2376, 68.6598], [20.3384, 68.76618], [20.3528, 68.78644], [20.3564, 68.80502], [20.3492, 68.89282], [20.342, 68.90971], [20.1008, 69.02284], [20.3636, 69.0296], [20.62281, 69.03635], [20.67681, 69.01778], [20.79561, 69.01102], [20.86401, 68.98569], [20.91081, 68.98063], [20.93601, 68.96712], [20.93601, 68.94854], [20.91801, 68.93335], [20.88921, 68.92659], [20.88561, 68.90633], [20.90721, 68.89451], [21.07281, 68.86918], [21.15201, 68.84216]]], [[[18.14958, 62.74978], [18.16038, 62.7464], [18.16038, 62.73965], [18.15678, 62.72614], [18.14958, 62.71601], [18.14598, 62.70925], [18.14238, 62.70587], [18.13158, 62.70756], [18.12078, 62.70587], [18.11718, 62.7025], [18.12438, 62.69912], [18.13158, 62.69405], [18.12438, 62.6873], [18.07758, 62.68055], [18.02718, 62.68392], [18.00558, 62.70587], [18.01638, 62.72276], [18.02358, 62.73458], [18.02718, 62.74471], [18.04158, 62.75484], [18.06318, 62.75822], [18.08118, 62.75484], [18.09198, 62.74809], [18.10278, 62.74471], [18.12798, 62.75147], [18.14958, 62.74978]]], [[[18.93079, 57.74146], [18.94159, 57.72964], [18.90199, 57.72457], [18.86599, 57.72288], [18.85159, 57.72626], [18.83359, 57.7347], [18.81919, 57.73639], [18.80839, 57.7347], [18.80479, 57.72795], [18.80839, 57.71951], [18.81199, 57.70937], [18.79759, 57.6756], [18.77959, 57.65027], [18.77239, 57.64014], [18.76879, 57.63508], [18.76519, 57.62663], [18.76159, 57.6165], [18.76879, 57.61481], [18.81199, 57.60806], [18.80119, 57.59117], [18.79399, 57.57766], [18.79039, 57.56416], [18.79039, 57.54896], [18.78319, 57.53545], [18.76879, 57.52025], [18.76159, 57.50843], [18.77599, 57.4983], [18.76879, 57.48142], [18.77239, 57.47297], [18.78679, 57.46791], [18.80479, 57.4696], [18.79759, 57.46453], [18.79039, 57.44933], [18.82999, 57.4392], [18.86959, 57.43582], [18.87319, 57.4392], [18.87319, 57.44596], [18.88039, 57.44933], [18.89119, 57.44596], [18.90919, 57.4392], [18.91279, 57.43582], [18.91999, 57.42907], [18.92719, 57.41894], [18.93079, 57.40374], [18.92719, 57.39192], [18.90919, 57.38686], [18.88039, 57.38686], [18.87679, 57.38854], [18.86239, 57.39361], [18.85879, 57.39361], [18.85159, 57.39192], [18.84079, 57.38348], [18.83359, 57.3801], [18.80119, 57.37672], [18.76879, 57.3649], [18.73999, 57.34802], [18.71839, 57.32944], [18.67879, 57.31087], [18.66799, 57.29736], [18.67519, 57.2771], [18.68239, 57.27541], [18.70399, 57.2771], [18.71119, 57.27372], [18.71479, 57.24333], [18.67879, 57.2332], [18.67879, 57.22982], [18.59239, 57.218], [18.56359, 57.20955], [18.56359, 57.2028], [18.57799, 57.2028], [18.57799, 57.19605], [18.55639, 57.19267], [18.43038, 57.15383], [18.40518, 57.1437], [18.38718, 57.12681], [18.45558, 57.12681], [18.43038, 57.11668], [18.35838, 57.09642], [18.34398, 57.08291], [18.33678, 57.03057], [18.34758, 57.01875], [18.36558, 57.01199], [18.40158, 57.00355], [18.34398, 57.00355], [18.34398, 56.99679], [18.35838, 56.99004], [18.33318, 56.97653], [18.32238, 56.96978], [18.31158, 56.94783], [18.29718, 56.94107], [18.20358, 56.91574], [18.17118, 56.91237], [18.13878, 56.9225], [18.20358, 56.98666], [18.20718, 56.99511], [18.20358, 57.00524], [18.19998, 57.01706], [18.21438, 57.0255], [18.25038, 57.03394], [18.26478, 57.0407], [18.27198, 57.05421], [18.28278, 57.08122], [18.28998, 57.09304], [18.26478, 57.0846], [18.24318, 57.0694], [18.22158, 57.06096], [18.19998, 57.06603], [18.19998, 57.07278], [18.21438, 57.08122], [18.22518, 57.09473], [18.22878, 57.10824], [18.21438, 57.11331], [18.21798, 57.11837], [18.22518, 57.1285], [18.22878, 57.13357], [18.18558, 57.14539], [18.16038, 57.22982], [18.09918, 57.25852], [18.10278, 57.27879], [18.11718, 57.29736], [18.15318, 57.31425], [18.16758, 57.33113], [18.17118, 57.3514], [18.16758, 57.36659], [18.17838, 57.3801], [18.17838, 57.38517], [18.16758, 57.38854], [18.16038, 57.39361], [18.15678, 57.39868], [18.14598, 57.40881], [18.14598, 57.41387], [18.14598, 57.42569], [18.14238, 57.43245], [18.13158, 57.44596], [18.12078, 57.46453], [18.11358, 57.48817], [18.11358, 57.51181], [18.12798, 57.54896], [18.16038, 57.57766], [18.32598, 57.67223], [18.46278, 57.80393], [18.49878, 57.82589], [18.54919, 57.83939], [18.56359, 57.83771], [18.57799, 57.83264], [18.59599, 57.83095], [18.61039, 57.83602], [18.61399, 57.84277], [18.62119, 57.85797], [18.62479, 57.8681], [18.63919, 57.88667], [18.65719, 57.90187], [18.67879, 57.91369], [18.70039, 57.92213], [18.72559, 57.92382], [18.74359, 57.91876], [18.75799, 57.90694], [18.76879, 57.88836], [18.76879, 57.8833], [18.76879, 57.87823], [18.76519, 57.87485], [18.76159, 57.87148], [18.76519, 57.86472], [18.76879, 57.86303], [18.77239, 57.85966], [18.77599, 57.85628], [18.77959, 57.84784], [18.78319, 57.83939], [18.80479, 57.82589], [18.81199, 57.85121], [18.82639, 57.86303], [18.84439, 57.87317], [18.85159, 57.89174], [18.84799, 57.89681], [18.84079, 57.90525], [18.83719, 57.912], [18.85159, 57.91538], [18.91279, 57.92213], [18.91279, 57.91538], [18.89839, 57.89849], [18.91639, 57.88836], [18.94159, 57.88836], [18.94159, 57.90187], [18.95599, 57.90863], [18.97759, 57.912], [18.99559, 57.912], [19.00999, 57.90863], [19.00279, 57.90187], [19.00639, 57.89343], [19.01359, 57.88161], [19.02439, 57.87148], [19.03879, 57.8681], [19.04959, 57.86303], [19.07839, 57.83433], [19.08559, 57.82589], [19.01359, 57.82251], [18.98479, 57.80731], [18.98119, 57.77016], [18.97039, 57.78029], [18.95599, 57.78536], [18.94879, 57.78198], [18.94879, 57.77016], [18.93799, 57.76341], [18.93079, 57.75159], [18.93079, 57.74146]]], [[[19.20439, 57.93564], [19.16119, 57.92551], [19.13959, 57.90863], [19.15399, 57.90187], [19.16119, 57.89681], [19.16119, 57.89005], [19.16119, 57.87992], [19.13239, 57.8529], [19.12879, 57.84615], [19.11439, 57.84784], [19.09999, 57.8529], [19.08559, 57.85966], [19.07119, 57.8681], [19.03519, 57.90525], [19.03879, 57.91707], [19.04599, 57.92382], [19.06759, 57.93902], [19.07479, 57.94915], [19.07839, 57.95928], [19.08559, 57.96773], [19.09999, 57.97617], [19.11439, 57.97955], [19.15039, 57.97955], [19.16479, 57.9863], [19.17199, 57.98799], [19.18639, 57.98461], [19.20439, 57.98292], [19.22239, 57.98968], [19.22599, 57.97448], [19.24039, 57.9711], [19.27279, 57.97617], [19.30519, 57.97617], [19.31959, 57.97279], [19.33759, 57.96435], [19.33399, 57.95928], [19.32679, 57.95591], [19.31959, 57.95591], [19.30879, 57.95591], [19.29439, 57.94409], [19.24759, 57.95253], [19.22599, 57.94577], [19.20439, 57.93564]]], [[[18.74359, 59.20714], [18.75079, 59.20545], [18.73639, 59.19701], [18.66799, 59.17506], [18.66079, 59.17675], [18.66439, 59.18857], [18.67879, 59.1987], [18.68959, 59.20883], [18.70399, 59.21221], [18.71479, 59.20883], [18.74359, 59.20714]]], [[[18.51679, 59.27131], [18.51679, 59.24936], [18.53119, 59.2426], [18.57799, 59.24429], [18.55279, 59.22572], [18.52039, 59.22909], [18.46998, 59.25273], [18.43038, 59.2578], [18.42678, 59.26118], [18.41958, 59.273], [18.41238, 59.27806], [18.39798, 59.2865], [18.34398, 59.30001], [18.46278, 59.29833], [18.52399, 59.28819], [18.61399, 59.2578], [18.55999, 59.2578], [18.53839, 59.25949], [18.51679, 59.27131]]], [[[18.74359, 59.25949], [18.73639, 59.25949], [18.73279, 59.2578], [18.72199, 59.26286], [18.72559, 59.273], [18.73999, 59.28482], [18.75799, 59.29495], [18.77599, 59.29833], [18.79039, 59.29664], [18.79759, 59.29495], [18.80479, 59.29326], [18.81199, 59.28988], [18.80839, 59.28313], [18.79759, 59.27806], [18.79039, 59.273], [18.77959, 59.25949], [18.77599, 59.2578], [18.77959, 59.25442], [18.77599, 59.25273], [18.76879, 59.25104], [18.76519, 59.25104], [18.75439, 59.25611], [18.74359, 59.25949]]], [[[18.73999, 59.35067], [18.74359, 59.34561], [18.74719, 59.3321], [18.73999, 59.32028], [18.72559, 59.31183], [18.68239, 59.30001], [18.67879, 59.30001], [18.67159, 59.30339], [18.67519, 59.31183], [18.68239, 59.31352], [18.68599, 59.3169], [18.68239, 59.32197], [18.68239, 59.33041], [18.67519, 59.34054], [18.66439, 59.34729], [18.65359, 59.35405], [18.64999, 59.35911], [18.63919, 59.36756], [18.64639, 59.37262], [18.68959, 59.37093], [18.68959, 59.37431], [18.69679, 59.37431], [18.70759, 59.37093], [18.71479, 59.36756], [18.73279, 59.35405], [18.73639, 59.35236], [18.73999, 59.35067]]], [[[18.93439, 59.39964], [18.94159, 59.39289], [18.94519, 59.38951], [18.94879, 59.37938], [18.93799, 59.37262], [18.91999, 59.37938], [18.90919, 59.38782], [18.90559, 59.3912], [18.89839, 59.39457], [18.89839, 59.40133], [18.90919, 59.40639], [18.91999, 59.40639], [18.93439, 59.39964]]], [[[18.85519, 59.38613], [18.84799, 59.38951], [18.84799, 59.39626], [18.85519, 59.40302], [18.86599, 59.39964], [18.86959, 59.39289], [18.86599, 59.38951], [18.85519, 59.38613]]], [[[18.90919, 59.41821], [18.89479, 59.40639], [18.87319, 59.40808], [18.86239, 59.42497], [18.87319, 59.44017], [18.89839, 59.44523], [18.91279, 59.44692], [18.91639, 59.44692], [18.92359, 59.44185], [18.92719, 59.43341], [18.90919, 59.41821]]], [[[18.58159, 59.45536], [18.57799, 59.46381], [18.58159, 59.43003], [18.57439, 59.43172], [18.56359, 59.42835], [18.55639, 59.42159], [18.54919, 59.42328], [18.54559, 59.42835], [18.54199, 59.43679], [18.53479, 59.44692], [18.52759, 59.45536], [18.52039, 59.46381], [18.51679, 59.47394], [18.51319, 59.479], [18.50959, 59.48238], [18.51319, 59.49082], [18.52399, 59.49589], [18.53839, 59.49589], [18.54919, 59.49251], [18.55639, 59.48238], [18.55639, 59.48745], [18.55999, 59.49082], [18.56359, 59.49251], [18.57079, 59.4942], [18.57799, 59.49589], [18.57079, 59.49589], [18.56359, 59.49589], [18.55999, 59.49758], [18.55639, 59.49927], [18.54919, 59.49927], [18.54559, 59.50264], [18.55279, 59.5094], [18.55999, 59.51784], [18.58159, 59.52966], [18.59239, 59.5381], [18.61039, 59.54486], [18.63199, 59.54992], [18.65359, 59.54992], [18.67519, 59.54486], [18.68599, 59.53979], [18.68599, 59.53473], [18.68959, 59.53304], [18.69319, 59.53304], [18.73999, 59.53979], [18.73639, 59.53473], [18.68239, 59.52122], [18.65719, 59.50602], [18.64639, 59.50433], [18.63919, 59.49927], [18.63199, 59.48913], [18.62479, 59.48745], [18.60679, 59.4942], [18.60319, 59.49251], [18.60319, 59.48745], [18.59959, 59.48576], [18.59599, 59.48745], [18.60679, 59.46718], [18.60319, 59.45536], [18.59239, 59.45199], [18.58159, 59.45536]]], [[[18.81559, 59.60227], [18.82639, 59.60902], [18.86599, 59.63266], [18.92359, 59.6563], [18.92359, 59.64786], [18.90559, 59.63435], [18.85879, 59.60396], [18.85519, 59.60058], [18.82999, 59.59214], [18.82639, 59.58876], [18.82639, 59.58538], [18.82279, 59.58369], [18.81559, 59.58369], [18.80839, 59.58201], [18.78319, 59.57356], [18.76879, 59.57187], [18.75799, 59.57187], [18.75799, 59.57525], [18.77599, 59.58032], [18.79759, 59.58876], [18.81559, 59.60227]]], [[[18.90559, 59.58369], [18.89479, 59.58201], [18.88399, 59.57863], [18.86239, 59.58369], [18.85879, 59.59551], [18.86959, 59.60565], [18.93799, 59.64955], [18.95239, 59.65293], [18.96319, 59.64786], [18.97759, 59.63435], [18.98119, 59.63266], [18.98479, 59.62929], [18.98479, 59.62422], [18.98119, 59.62422], [18.97399, 59.62253], [18.96679, 59.61915], [18.95599, 59.61747], [18.93799, 59.61915], [18.92719, 59.62253], [18.91279, 59.59214], [18.90559, 59.58369]]], [[[18.92719, 59.78632], [18.91639, 59.78801], [18.89119, 59.78632], [18.88399, 59.79477], [18.89839, 59.80996], [18.94159, 59.8488], [18.95239, 59.86062], [18.95959, 59.864], [18.97039, 59.86231], [18.97759, 59.85724], [18.98839, 59.85049], [18.99559, 59.83867], [18.99559, 59.82685], [18.99199, 59.81334], [18.99199, 59.80828], [18.99559, 59.80828], [18.99559, 59.80996], [18.99919, 59.80828], [19.00279, 59.8049], [19.00279, 59.79983], [18.99919, 59.79477], [18.98839, 59.7897], [18.97039, 59.78632], [18.95599, 59.78632], [18.94159, 59.7897], [18.93439, 59.79308], [18.93079, 59.7897], [18.92719, 59.78632]]], [[[18.78679, 60.18483], [18.78679, 60.17807], [18.78319, 60.17639], [18.78319, 60.1747], [18.79039, 60.17639], [18.79399, 60.17807], [18.80119, 60.17639], [18.80479, 60.16794], [18.80839, 60.16119], [18.78319, 60.15275], [18.76159, 60.14937], [18.73639, 60.15275], [18.72559, 60.15612], [18.72199, 60.16119], [18.71479, 60.17301], [18.71479, 60.18314], [18.71479, 60.18821], [18.71839, 60.19496], [18.72559, 60.19665], [18.72919, 60.19665], [18.72919, 60.20003], [18.71119, 60.21185], [18.71839, 60.21691], [18.73999, 60.21522], [18.75439, 60.20847], [18.76159, 60.2034], [18.76519, 60.19665], [18.77239, 60.19158], [18.78319, 60.18989], [18.78679, 60.18483]]], [[[19.22239, 58.39494], [19.24759, 58.38649], [19.30519, 58.37974], [19.33039, 58.36792], [19.29079, 58.35103], [19.25119, 58.34259], [19.21519, 58.35441], [19.18639, 58.39494], [19.22239, 58.39494]]], [[[20.82801, 63.65317], [20.86401, 63.67681], [20.86761, 63.67512], [20.87121, 63.67005], [20.86401, 63.65992], [20.85681, 63.65148], [20.84241, 63.64472], [20.82441, 63.64303], [20.82801, 63.65317]]], [[[20.93241, 63.74604], [20.93601, 63.73759], [20.93601, 63.72746], [20.93241, 63.71564], [20.92161, 63.70382], [20.90721, 63.69538], [20.89281, 63.69031], [20.88561, 63.69031], [20.87841, 63.69031], [20.86401, 63.68356], [20.86041, 63.69369], [20.88201, 63.74266], [20.88921, 63.74941], [20.89641, 63.75448], [20.90721, 63.75617], [20.91801, 63.76461], [20.93961, 63.77305], [20.94681, 63.77474], [20.94681, 63.77305], [20.94321, 63.76968], [20.93961, 63.7663], [20.94321, 63.76123], [20.94321, 63.75617], [20.93601, 63.75279], [20.93241, 63.74604]]], [[[20.90361, 63.79332], [20.92161, 63.77305], [20.87481, 63.75448], [20.88201, 63.76123], [20.87481, 63.77137], [20.86401, 63.77305], [20.85321, 63.77137], [20.83881, 63.76799], [20.86401, 63.79669], [20.90361, 63.79332]]], [[[22.32202, 65.44643], [22.33282, 65.44306], [22.35082, 65.44981], [22.37242, 65.45994], [22.39042, 65.45994], [22.40842, 65.45488], [22.41922, 65.44981], [22.41202, 65.44137], [22.38682, 65.43293], [22.37602, 65.43124], [22.29322, 65.42786], [22.28602, 65.43124], [22.28602, 65.44306], [22.29322, 65.45319], [22.30762, 65.45488], [22.31842, 65.4515], [22.32202, 65.44643]]], [[[22.22842, 65.4363], [22.23202, 65.43124], [22.23202, 65.42448], [22.23202, 65.41773], [22.22122, 65.41942], [22.21042, 65.42279], [22.20322, 65.42617], [22.15282, 65.42955], [22.14922, 65.43461], [22.14202, 65.44643], [22.14562, 65.45488], [22.14562, 65.45825], [22.14562, 65.46839], [22.15642, 65.47514], [22.17442, 65.47514], [22.21042, 65.46501], [22.21402, 65.45994], [22.20682, 65.45657], [22.20682, 65.44981], [22.21762, 65.44137], [22.22842, 65.4363]]], [[[22.34362, 65.49034], [22.33282, 65.49203], [22.32202, 65.50047], [22.30762, 65.50722], [22.29322, 65.5106], [22.27882, 65.51398], [22.27162, 65.5106], [22.27522, 65.50047], [22.27162, 65.50047], [22.27162, 65.49709], [22.27162, 65.49034], [22.28242, 65.48358], [22.28602, 65.47852], [22.27882, 65.47852], [22.26442, 65.4819], [22.21762, 65.50722], [22.19242, 65.5258], [22.18522, 65.53762], [22.19962, 65.54268], [22.21042, 65.54437], [22.22482, 65.54437], [22.30402, 65.52242], [22.31122, 65.52242], [22.31842, 65.52411], [22.32562, 65.52073], [22.33642, 65.51229], [22.35802, 65.50385], [22.35802, 65.4954], [22.34362, 65.49034]]], [[[22.59563, 65.52749], [22.61003, 65.52411], [22.61723, 65.51736], [22.61363, 65.51229], [22.60643, 65.5106], [22.58843, 65.51229], [22.56683, 65.51736], [22.55243, 65.53086], [22.55963, 65.53762], [22.57763, 65.53255], [22.58483, 65.52918], [22.59563, 65.52749]]], [[[22.57043, 65.5545], [22.53803, 65.56295], [22.53443, 65.56801], [22.53083, 65.57646], [22.53443, 65.58152], [22.54523, 65.58152], [22.55963, 65.58152], [22.57763, 65.58321], [22.62443, 65.59334], [22.64243, 65.58828], [22.63883, 65.57983], [22.62083, 65.57646], [22.61363, 65.57139], [22.61363, 65.56295], [22.60643, 65.55788], [22.59563, 65.5545], [22.58843, 65.5545], [22.57403, 65.55788], [22.57043, 65.55788], [22.57763, 65.5545], [22.57043, 65.5545]]], [[[22.58843, 65.59334], [22.57043, 65.59503], [22.55963, 65.60178], [22.55603, 65.60516], [22.56683, 65.61192], [22.59563, 65.6136], [22.60283, 65.6001], [22.58843, 65.59334]]], [[[22.89803, 65.70141], [22.88363, 65.71998], [22.88723, 65.73687], [22.90523, 65.74194], [22.93043, 65.74194], [22.95563, 65.73349], [22.95923, 65.72505], [22.94483, 65.72505], [22.94483, 65.72167], [22.96283, 65.71661], [22.97723, 65.70985], [22.98443, 65.69972], [22.98083, 65.69297], [22.97003, 65.69634], [22.96283, 65.69634], [22.95923, 65.68959], [22.96283, 65.68115], [22.97363, 65.66764], [22.95563, 65.67102], [22.92683, 65.68452], [22.89803, 65.70141]]], [[[23.69004, 65.74869], [23.69724, 65.74025], [23.70444, 65.73518], [23.71164, 65.74025], [23.71524, 65.75207], [23.71884, 65.75038], [23.72964, 65.74531], [23.74044, 65.74194], [23.75484, 65.74194], [23.76564, 65.74362], [23.77644, 65.75038], [23.78004, 65.74869], [23.78724, 65.74362], [23.79084, 65.747], [23.79444, 65.75376], [23.79804, 65.75376], [23.80164, 65.75038], [23.80164, 65.74362], [23.79804, 65.73518], [23.79444, 65.72843], [23.78724, 65.72505], [23.78364, 65.72167], [23.78364, 65.7183], [23.77284, 65.71154], [23.73684, 65.69634], [23.70084, 65.70816], [23.68284, 65.72167], [23.68284, 65.74362], [23.69004, 65.74869]]], [[[22.73963, 65.71323], [22.73243, 65.7183], [22.72523, 65.72336], [22.72523, 65.73012], [22.72883, 65.73856], [22.73243, 65.75207], [22.73603, 65.76558], [22.74683, 65.77064], [22.79003, 65.75038], [22.80083, 65.73518], [22.81163, 65.71492], [22.80443, 65.70479], [22.76123, 65.70816], [22.73963, 65.71323]]]]}}, {"type": "Feature", "properties": {"name_en": "Finland", "name_zh": "芬蘭", "iso_n3": "246"}, "geometry": {"type": "MultiPolygon", "coordinates": [[[[21.63442, 60.1156], [21.62722, 60.10715], [21.61282, 60.10209], [21.59842, 60.10209], [21.57322, 60.10715], [21.56242, 60.10715], [21.53362, 60.10209], [21.52282, 60.09702], [21.51562, 60.09702], [21.50482, 60.10378], [21.49401, 60.11053], [21.48321, 60.1156], [21.49761, 60.12066], [21.51922, 60.12235], [21.55882, 60.12235], [21.54802, 60.13417], [21.53362, 60.13755], [21.49761, 60.13586], [21.53002, 60.1595], [21.56962, 60.16963], [21.61282, 60.16963], [21.65602, 60.15612], [21.64882, 60.1443], [21.63802, 60.13924], [21.61282, 60.12911], [21.63082, 60.12911], [21.63802, 60.12404], [21.63442, 60.1156]]], [[[21.35721, 60.1747], [21.32481, 60.17639], [21.31041, 60.17976], [21.29961, 60.18652], [21.28881, 60.19158], [21.27081, 60.18989], [21.28521, 60.2034], [21.30681, 60.21016], [21.35361, 60.21185], [21.36801, 60.19665], [21.39321, 60.19158], [21.44721, 60.18989], [21.44721, 60.18314], [21.40761, 60.18483], [21.39321, 60.17807], [21.38601, 60.16288], [21.37881, 60.16288], [21.37161, 60.16963], [21.35721, 60.1747]]], [[[21.56242, 60.22704], [21.56242, 60.24055], [21.56962, 60.25575], [21.58762, 60.26926], [21.60562, 60.26926], [21.60562, 60.26081], [21.59842, 60.25744], [21.60202, 60.25406], [21.61642, 60.25575], [21.62722, 60.25237], [21.62002, 60.24393], [21.60922, 60.23549], [21.60562, 60.22873], [21.60202, 60.22198], [21.59122, 60.22198], [21.58762, 60.22198], [21.57682, 60.22198], [21.56242, 60.22704]]], [[[21.29601, 60.37733], [21.30321, 60.38408], [21.30681, 60.38915], [21.32121, 60.39083], [21.33921, 60.38408], [21.35361, 60.37057], [21.35721, 60.35875], [21.35361, 60.352], [21.34641, 60.35369], [21.33921, 60.35369], [21.33201, 60.35537], [21.33561, 60.36382], [21.33201, 60.36551], [21.32481, 60.36719], [21.30321, 60.36382], [21.29601, 60.37057], [21.29601, 60.37733]]], [[[21.44721, 60.49384], [21.43281, 60.48877], [21.42921, 60.48033], [21.44361, 60.47189], [21.41841, 60.47695], [21.39321, 60.49046], [21.37161, 60.50903], [21.36081, 60.53268], [21.34641, 60.52254], [21.33561, 60.51917], [21.32841, 60.52592], [21.32481, 60.54281], [21.33561, 60.558], [21.35361, 60.56138], [21.39321, 60.55969], [21.41121, 60.54281], [21.46161, 60.53943], [21.48321, 60.52592], [21.47601, 60.52592], [21.47601, 60.52423], [21.47241, 60.52423], [21.46161, 60.52592], [21.45801, 60.51579], [21.45801, 60.50735], [21.45801, 60.4989], [21.46161, 60.49215], [21.44721, 60.49384]]], [[[21.30321, 60.51917], [21.30681, 60.50903], [21.32481, 60.48202], [21.31761, 60.48202], [21.29961, 60.48708], [21.26721, 60.49046], [21.24921, 60.4989], [21.26001, 60.51917], [21.25281, 60.53099], [21.23841, 60.54112], [21.22761, 60.55969], [21.24921, 60.55969], [21.27801, 60.54281], [21.30321, 60.51917]]], [[[21.24201, 60.62892], [21.24921, 60.63568], [21.25281, 60.64412], [21.26001, 60.6475], [21.27081, 60.64243], [21.27081, 60.63399], [21.27441, 60.62724], [21.28161, 60.62048], [21.29241, 60.61542], [21.28161, 60.60022], [21.27801, 60.58671], [21.28161, 60.57489], [21.29961, 60.57489], [21.29961, 60.56814], [21.28161, 60.56645], [21.27441, 60.5732], [21.27081, 60.58164], [21.26361, 60.5884], [21.24561, 60.59009], [21.23481, 60.59346], [21.22401, 60.60191], [21.21321, 60.6171], [21.22041, 60.62217], [21.24201, 60.62892]]], [[[21.18801, 60.85688], [21.18801, 60.86026], [21.20601, 60.86364], [21.22041, 60.85857], [21.22401, 60.85013], [21.22761, 60.84675], [21.23481, 60.84844], [21.24201, 60.84844], [21.24561, 60.84675], [21.25281, 60.84675], [21.26001, 60.8535], [21.26721, 60.85182], [21.26721, 60.83831], [21.26361, 60.82986], [21.24921, 60.83324], [21.20961, 60.84506], [21.20601, 60.84337], [21.20241, 60.84506], [21.20241, 60.84844], [21.19521, 60.85182], [21.18801, 60.85688]]], [[[21.30681, 60.91936], [21.31401, 60.92274], [21.28161, 60.943], [21.26361, 60.94975], [21.24201, 60.95144], [21.27081, 60.96833], [21.28521, 60.97171], [21.30321, 60.97171], [21.32121, 60.95651], [21.33561, 60.94638], [21.37521, 60.93118], [21.35361, 60.91936], [21.33921, 60.91598], [21.32841, 60.91092], [21.32481, 60.88896], [21.31761, 60.88052], [21.29601, 60.87883], [21.27441, 60.8839], [21.26361, 60.88221], [21.23121, 60.88221], [21.21681, 60.8839], [21.20241, 60.88896], [21.22761, 60.8991], [21.27801, 60.88896], [21.29961, 60.89572], [21.29601, 60.8991], [21.29241, 60.90247], [21.29241, 60.90585], [21.29241, 60.90923], [21.29601, 60.9126], [21.30681, 60.91936]]], [[[21.35361, 61.19797], [21.35721, 61.19966], [21.35721, 61.20304], [21.36441, 61.20811], [21.37881, 61.21486], [21.38961, 61.20979], [21.38601, 61.20135], [21.38961, 61.19291], [21.42201, 61.17602], [21.42921, 61.17265], [21.43281, 61.17096], [21.42201, 61.17265], [21.38961, 61.18109], [21.36801, 61.17602], [21.35361, 61.17602], [21.34641, 61.17771], [21.35001, 61.17771], [21.34641, 61.18109], [21.34281, 61.19122], [21.34641, 61.19629], [21.35361, 61.19797]]], [[[21.47241, 61.63025], [21.48321, 61.64038], [21.52282, 61.63363], [21.52642, 61.62856], [21.52282, 61.62518], [21.51562, 61.62518], [21.51202, 61.62181], [21.50842, 61.61843], [21.50122, 61.61843], [21.47961, 61.62012], [21.46161, 61.62687], [21.46161, 61.62856], [21.47241, 61.63025]]], [[[21.15561, 62.9676], [21.15921, 62.97605], [21.15201, 62.97942], [21.14121, 62.98449], [21.13041, 62.99293], [21.13041, 63.00137], [21.13761, 63.00644], [21.14481, 63.00982], [21.15201, 63.00982], [21.15561, 63.00644], [21.15921, 63.00475], [21.18441, 62.99969], [21.19521, 62.99462], [21.20601, 62.98618], [21.21681, 62.97436], [21.22041, 62.96085], [21.22041, 62.95072], [21.21681, 62.94734], [21.20961, 62.94565], [21.19161, 62.95409], [21.18441, 62.95072], [21.16641, 62.94565], [21.14841, 62.95409], [21.13761, 62.96254], [21.13761, 62.9676], [21.14121, 62.9676], [21.14841, 62.96591], [21.15201, 62.96423], [21.15561, 62.9676]]], [[[21.29241, 63.17868], [21.29241, 63.17192], [21.29961, 63.17023], [21.31761, 63.16517], [21.30321, 63.15672], [21.28521, 63.15166], [21.24201, 63.14997], [21.23121, 63.15841], [21.22041, 63.17023], [21.20601, 63.18374], [21.18801, 63.19218], [21.17721, 63.18881], [21.16281, 63.18205], [21.14841, 63.18205], [21.13401, 63.19894], [21.15561, 63.19894], [21.15561, 63.20569], [21.14121, 63.21076], [21.11241, 63.22764], [21.10161, 63.23609], [21.09801, 63.24622], [21.08001, 63.27661], [21.08001, 63.28843], [21.11961, 63.27155], [21.15921, 63.27324], [21.19881, 63.27999], [21.24201, 63.28168], [21.24201, 63.27492], [21.22761, 63.27155], [21.21681, 63.2631], [21.19521, 63.23946], [21.19881, 63.23102], [21.19881, 63.22933], [21.19521, 63.22596], [21.20961, 63.22089], [21.26361, 63.2192], [21.27081, 63.21751], [21.27801, 63.21245], [21.28521, 63.21076], [21.29601, 63.21582], [21.29961, 63.22258], [21.29601, 63.22933], [21.28881, 63.2344], [21.29241, 63.23946], [21.31401, 63.25128], [21.35721, 63.26142], [21.39681, 63.26142], [21.42201, 63.24622], [21.41481, 63.23271], [21.41481, 63.22089], [21.41841, 63.20907], [21.42921, 63.19894], [21.40401, 63.19218], [21.37881, 63.1905], [21.36441, 63.19387], [21.37881, 63.20569], [21.36441, 63.20569], [21.29241, 63.17868]]], [[[21.37521, 63.34922], [21.37521, 63.33402], [21.35721, 63.31545], [21.31761, 63.28843], [21.31401, 63.30363], [21.30681, 63.30532], [21.29241, 63.30194], [21.27801, 63.30194], [21.22761, 63.32896], [21.23481, 63.33234], [21.23841, 63.33402], [21.24921, 63.33571], [21.27801, 63.34078], [21.31041, 63.35598], [21.34641, 63.36442], [21.37521, 63.34922]]], [[[21.97642, 60.13079], [21.99082, 60.13079], [21.99802, 60.12911], [22.01242, 60.12235], [22.00882, 60.1156], [21.98722, 60.11222], [21.97282, 60.11222], [21.94402, 60.11391], [21.94042, 60.1156], [21.92962, 60.12404], [21.93682, 60.13079], [21.95122, 60.13586], [21.96202, 60.13755], [21.97642, 60.13079]]], [[[21.86842, 60.15612], [21.79282, 60.15612], [21.82522, 60.14937], [21.81802, 60.14599], [21.80722, 60.14261], [21.79642, 60.14093], [21.80002, 60.13924], [21.80722, 60.13586], [21.78202, 60.12404], [21.75322, 60.1156], [21.72082, 60.11391], [21.69562, 60.12235], [21.70282, 60.12742], [21.70642, 60.12911], [21.70282, 60.14261], [21.71722, 60.14768], [21.72082, 60.14937], [21.72082, 60.15612], [21.70642, 60.16119], [21.70642, 60.17132], [21.72442, 60.18314], [21.74242, 60.18989], [21.80002, 60.19665], [21.85402, 60.19665], [21.88642, 60.18314], [21.88642, 60.17639], [21.87562, 60.17639], [21.86482, 60.17639], [21.85402, 60.1747], [21.84682, 60.16963], [21.85402, 60.16794], [21.86842, 60.15612]]], [[[22.02682, 60.20509], [22.04122, 60.21185], [22.05922, 60.21185], [22.07362, 60.19665], [22.01242, 60.16963], [22.01602, 60.16794], [22.03042, 60.15781], [22.03762, 60.15612], [22.00882, 60.13755], [21.97642, 60.13586], [21.95122, 60.14937], [21.93682, 60.17639], [21.95122, 60.18145], [21.99802, 60.18989], [22.02682, 60.20509]]], [[[22.29322, 60.24562], [22.29682, 60.22198], [22.26802, 60.19665], [22.23202, 60.18483], [22.21042, 60.20509], [22.22122, 60.22367], [22.24642, 60.24224], [22.27162, 60.25237], [22.29322, 60.24562]]], [[[22.28962, 60.27263], [22.28242, 60.26926], [22.27882, 60.26588], [22.26442, 60.26081], [22.26082, 60.25913], [22.21402, 60.25237], [22.19962, 60.25406], [22.21762, 60.26588], [22.20322, 60.27601], [22.18162, 60.28108], [22.15642, 60.28108], [22.14202, 60.27939], [22.18162, 60.27939], [22.16362, 60.25913], [22.13842, 60.2625], [22.10962, 60.27095], [22.08802, 60.26926], [22.08082, 60.26926], [22.07722, 60.28277], [22.08442, 60.30134], [22.10602, 60.31316], [22.13122, 60.31485], [22.25002, 60.31147], [22.32202, 60.29627], [22.34002, 60.28614], [22.33642, 60.27432], [22.33282, 60.26926], [22.31122, 60.26588], [22.30402, 60.26757], [22.29682, 60.27095], [22.28962, 60.27263]]], [[[21.99802, 60.29627], [22.00882, 60.29796], [22.00522, 60.2929], [21.99442, 60.28783], [21.98362, 60.28445], [21.97642, 60.28445], [21.97282, 60.28614], [21.98002, 60.28952], [21.99802, 60.29627]]], [[[21.97282, 60.30978], [21.97642, 60.30303], [21.95842, 60.28108], [21.94402, 60.2777], [21.92602, 60.2777], [21.90802, 60.27939], [21.89722, 60.28952], [21.88642, 60.28952], [21.87562, 60.30472], [21.87922, 60.30978], [21.89362, 60.30978], [21.90802, 60.30978], [21.92602, 60.31316], [21.95842, 60.31147], [21.97282, 60.30978]]], [[[22.30042, 60.36719], [22.28962, 60.35875], [22.20322, 60.34355], [22.19242, 60.34187], [22.17082, 60.34355], [22.15642, 60.352], [22.15642, 60.35875], [22.16362, 60.36213], [22.25722, 60.37395], [22.28602, 60.37564], [22.30042, 60.36719]]], [[[22.10602, 60.35369], [22.12042, 60.37226], [22.13842, 60.37901], [22.14562, 60.3807], [22.20682, 60.38239], [22.20682, 60.37564], [22.11322, 60.35369], [22.10602, 60.35369]]], [[[21.90082, 60.33849], [21.90082, 60.34187], [21.87922, 60.35031], [21.86842, 60.35369], [21.83602, 60.35706], [21.81442, 60.36382], [21.79282, 60.37395], [21.78562, 60.38577], [21.79282, 60.39759], [21.80722, 60.40603], [21.82882, 60.40941], [21.84682, 60.40941], [21.84682, 60.41616], [21.80002, 60.44318], [21.80362, 60.45669], [21.80722, 60.46682], [21.81802, 60.47189], [21.83242, 60.47189], [21.84682, 60.46344], [21.89362, 60.44993], [21.90082, 60.4398], [21.90442, 60.43136], [21.91162, 60.42629], [21.92242, 60.42461], [21.93322, 60.42292], [21.95122, 60.40265], [21.95122, 60.3959], [21.92242, 60.40097], [21.90802, 60.40097], [21.89362, 60.3959], [21.90802, 60.39083], [21.93682, 60.38239], [21.95122, 60.37564], [21.94402, 60.36888], [21.97642, 60.36888], [21.98722, 60.36551], [21.99802, 60.35537], [21.97282, 60.34862], [21.96202, 60.34693], [21.98002, 60.34187], [21.98722, 60.34187], [21.99802, 60.34187], [21.99802, 60.33342], [21.98002, 60.32836], [21.96202, 60.32836], [21.94042, 60.33005], [21.92242, 60.33342], [21.91882, 60.33342], [21.91522, 60.33005], [21.90802, 60.32667], [21.90082, 60.32667], [21.90082, 60.33005], [21.90082, 60.33849]]], [[[21.71362, 60.4702], [21.69922, 60.46007], [21.68842, 60.455], [21.68122, 60.46513], [21.69202, 60.48371], [21.71362, 60.50903], [21.74242, 60.52592], [21.76402, 60.52592], [21.76042, 60.51241], [21.74962, 60.50228], [21.72442, 60.48202], [21.71362, 60.4702]]], [[[22.07362, 63.31207], [22.07002, 63.31883], [22.07722, 63.3222], [22.09162, 63.32389], [22.10962, 63.32896], [22.12402, 63.32558], [22.13122, 63.32558], [22.13842, 63.3222], [22.14922, 63.31545], [22.15642, 63.31038], [22.16362, 63.31207], [22.16362, 63.31714], [22.17082, 63.31883], [22.17802, 63.31714], [22.18522, 63.31545], [22.18882, 63.31038], [22.19602, 63.31038], [22.20322, 63.31207], [22.20682, 63.31714], [22.21042, 63.32558], [22.21402, 63.33234], [22.22122, 63.33909], [22.22482, 63.34078], [22.23202, 63.33909], [22.23562, 63.33065], [22.23562, 63.32558], [22.23922, 63.31376], [22.24642, 63.30701], [22.24282, 63.30194], [22.23562, 63.2935], [22.22122, 63.27999], [22.21042, 63.27324], [22.18882, 63.27324], [22.15642, 63.28843], [22.11322, 63.28337], [22.11322, 63.28168], [22.13842, 63.2783], [22.16002, 63.27324], [22.16362, 63.2631], [22.15642, 63.25635], [22.14922, 63.25635], [22.14562, 63.25466], [22.14562, 63.25128], [22.13482, 63.25128], [22.08442, 63.26142], [22.08082, 63.26648], [22.08442, 63.26986], [22.07722, 63.27492], [22.06642, 63.2783], [22.07002, 63.28337], [22.07722, 63.28674], [22.08442, 63.28843], [22.08802, 63.29519], [22.08442, 63.30363], [22.07362, 63.31207]]], [[[21.99802, 63.28843], [21.99442, 63.28506], [21.99442, 63.27999], [21.99082, 63.2783], [21.98362, 63.27661], [21.98002, 63.27999], [21.97282, 63.28674], [21.97642, 63.29856], [21.99082, 63.31038], [22.00162, 63.31376], [22.02322, 63.30701], [22.03042, 63.3087], [22.02682, 63.31376], [22.01242, 63.32052], [22.00882, 63.32558], [22.01242, 63.32558], [22.01962, 63.32558], [22.02322, 63.32389], [22.02682, 63.3222], [22.03402, 63.3222], [22.05922, 63.30194], [22.05922, 63.29519], [22.04842, 63.28168], [22.03042, 63.27661], [22.01242, 63.2783], [22.00882, 63.28168], [22.00882, 63.28843], [22.00522, 63.29181], [21.99802, 63.28843]]], [[[21.98362, 63.37286], [21.98722, 63.37793], [21.99802, 63.38468], [22.01602, 63.38468], [22.03042, 63.38299], [22.04482, 63.38806], [22.05922, 63.38806], [22.06642, 63.38637], [22.07002, 63.38468], [22.08082, 63.38299], [22.08802, 63.38468], [22.09522, 63.38299], [22.09522, 63.37962], [22.08802, 63.37793], [22.08082, 63.37624], [22.08082, 63.37286], [22.08442, 63.3678], [22.07722, 63.35935], [22.05922, 63.35766], [22.02682, 63.36611], [22.01242, 63.36442], [22.00162, 63.35429], [21.99802, 63.34922], [21.98362, 63.34078], [21.96562, 63.33234], [21.95842, 63.33234], [21.94762, 63.33402], [21.94762, 63.3374], [21.94762, 63.34078], [21.95122, 63.34416], [21.95482, 63.34922], [21.96202, 63.35429], [21.96562, 63.35935], [21.97282, 63.36442], [21.97642, 63.36948], [21.98362, 63.37286]]], [[[22.43362, 59.86738], [22.45882, 59.87244], [22.48042, 59.87413], [22.48762, 59.87582], [22.49842, 59.87751], [22.50923, 59.87582], [22.51283, 59.87413], [22.50563, 59.86906], [22.44442, 59.85218], [22.42642, 59.8488], [22.41562, 59.85218], [22.41562, 59.86062], [22.42282, 59.86569], [22.42642, 59.86569], [22.43362, 59.86738]]], [[[23.84844, 59.95518], [23.85564, 59.96362], [23.87004, 59.97207], [23.89164, 59.97713], [23.91684, 59.97376], [23.92404, 59.96869], [23.92044, 59.967], [23.92044, 59.96025], [23.90964, 59.95349], [23.89524, 59.95349], [23.89524, 59.9518], [23.89524, 59.95012], [23.88444, 59.94843], [23.87004, 59.94674], [23.85564, 59.95349], [23.85204, 59.9518], [23.84844, 59.95518]]], [[[22.85843, 60.0109], [22.85123, 60.02779], [22.85483, 60.0413], [22.88363, 60.04299], [22.88363, 60.04805], [22.87643, 60.05143], [22.86203, 60.05143], [22.85483, 60.05481], [22.86203, 60.06325], [22.88723, 60.06832], [22.91603, 60.06832], [22.92683, 60.06494], [22.91963, 60.05818], [22.91603, 60.04974], [22.91243, 60.0413], [22.90523, 60.03792], [22.90163, 60.03792], [22.89443, 60.03286], [22.88363, 60.01935], [22.88003, 60.0109], [22.87283, 60.00584], [22.85843, 60.0109]]], [[[22.40842, 60.00922], [22.39402, 60.00584], [22.38682, 59.99402], [22.38322, 59.99233], [22.37242, 60.00415], [22.35802, 60.02104], [22.35442, 60.03286], [22.35082, 60.04805], [22.34722, 60.06325], [22.35442, 60.07507], [22.36882, 60.08014], [22.38322, 60.07507], [22.38322, 60.06156], [22.38682, 60.05143], [22.40842, 60.05312], [22.40122, 60.07507], [22.41202, 60.0852], [22.43002, 60.08182], [22.44802, 60.06663], [22.44802, 60.02948], [22.44802, 60.01259], [22.44442, 59.9974], [22.43722, 59.9974], [22.42642, 60.00753], [22.40842, 60.00922]]], [[[22.89803, 60.08182], [22.86923, 60.08182], [22.86203, 60.08182], [22.84403, 60.08182], [22.84403, 60.0852], [22.85483, 60.09196], [22.86563, 60.1004], [22.87283, 60.11053], [22.88003, 60.11391], [22.89083, 60.11897], [22.91603, 60.12573], [22.93763, 60.12404], [22.94843, 60.11897], [22.95923, 60.11053], [22.96283, 60.10378], [22.96283, 60.09702], [22.95563, 60.08858], [22.94843, 60.0852], [22.93763, 60.08351], [22.93043, 60.0852], [22.93403, 60.09027], [22.92683, 60.09027], [22.91603, 60.0852], [22.89803, 60.08182]]], [[[22.87283, 60.21522], [22.86563, 60.20678], [22.84043, 60.20171], [22.83323, 60.19327], [22.83323, 60.18145], [22.84043, 60.16963], [22.83323, 60.16963], [22.82963, 60.16794], [22.82603, 60.16457], [22.81883, 60.16288], [22.82603, 60.16119], [22.84043, 60.15612], [22.83683, 60.14599], [22.83323, 60.14261], [22.84763, 60.11053], [22.81163, 60.08182], [22.72883, 60.04636], [22.72883, 60.03961], [22.73963, 60.03961], [22.74683, 60.03792], [22.75763, 60.03286], [22.74683, 60.0261], [22.73603, 60.00922], [22.72883, 60.00415], [22.70363, 60.00753], [22.69643, 60.00584], [22.68203, 59.9974], [22.66763, 60.01597], [22.65323, 60.03286], [22.64603, 60.02272], [22.61363, 60.00246], [22.61003, 60.00077], [22.60643, 59.99571], [22.60643, 59.98389], [22.59923, 59.98389], [22.60283, 59.99908], [22.59923, 60.00753], [22.59203, 60.0109], [22.57763, 60.00415], [22.57403, 60.01766], [22.58123, 60.02441], [22.58843, 60.03286], [22.59203, 60.04636], [22.58123, 60.03792], [22.54523, 60.02104], [22.53083, 60.00753], [22.48762, 60.00246], [22.46962, 59.9974], [22.46962, 60.02441], [22.47322, 60.03623], [22.47682, 60.04636], [22.47322, 60.05818], [22.47322, 60.07169], [22.47682, 60.08182], [22.47322, 60.09027], [22.46242, 60.09702], [22.43362, 60.10546], [22.42282, 60.1156], [22.44442, 60.11897], [22.48042, 60.13248], [22.50203, 60.13586], [22.59923, 60.13586], [22.59923, 60.14261], [22.41562, 60.14937], [22.42642, 60.17132], [22.43362, 60.20003], [22.44802, 60.22198], [22.47682, 60.22535], [22.45522, 60.20003], [22.45162, 60.18821], [22.46602, 60.18314], [22.56683, 60.19327], [22.60283, 60.20678], [22.62083, 60.21185], [22.81523, 60.22704], [22.84403, 60.24224], [22.86563, 60.26588], [22.89083, 60.28614], [22.91963, 60.29627], [22.95563, 60.2929], [22.94843, 60.27095], [22.93043, 60.25744], [22.90523, 60.24731], [22.88363, 60.23549], [22.87643, 60.22535], [22.87283, 60.21522]]], [[[22.29322, 60.15275], [22.29322, 60.15612], [22.28962, 60.16457], [22.29322, 60.16963], [22.29682, 60.17301], [22.30042, 60.17639], [22.30042, 60.18145], [22.30402, 60.18821], [22.31482, 60.19158], [22.37602, 60.2034], [22.38682, 60.19496], [22.36882, 60.17807], [22.34362, 60.16963], [22.31842, 60.16457], [22.31842, 60.1595], [22.33282, 60.15443], [22.33642, 60.14768], [22.32202, 60.14768], [22.30042, 60.14768], [22.28962, 60.14937], [22.29322, 60.15275]]], [[[25.86446, 60.20509], [25.85366, 60.20003], [25.83566, 60.19665], [25.82126, 60.19665], [25.81406, 60.20847], [25.82126, 60.21691], [25.83926, 60.2186], [25.87526, 60.21691], [25.86446, 60.20509]]], [[[25.63406, 60.2186], [25.63766, 60.20509], [25.61246, 60.21185], [25.60166, 60.21522], [25.60886, 60.22198], [25.62326, 60.23886], [25.59086, 60.24224], [25.56926, 60.25744], [25.56566, 60.2777], [25.58006, 60.29627], [25.59806, 60.29121], [25.68446, 60.24562], [25.67726, 60.23886], [25.65926, 60.2338], [25.64486, 60.22873], [25.63406, 60.2186]]], [[[22.43002, 60.33342], [22.44442, 60.33342], [22.45882, 60.33342], [22.46962, 60.33173], [22.47682, 60.3216], [22.45522, 60.30809], [22.42642, 60.29965], [22.39402, 60.2929], [22.36882, 60.2929], [22.37602, 60.29965], [22.37962, 60.30641], [22.38682, 60.3216], [22.36882, 60.31485], [22.35082, 60.31316], [22.31122, 60.3216], [22.32922, 60.3368], [22.35082, 60.34862], [22.37242, 60.35369], [22.39762, 60.35537], [22.40122, 60.35369], [22.40122, 60.34862], [22.40122, 60.34355], [22.40122, 60.34187], [22.43002, 60.33342]]], [[[26.55927, 60.41616], [26.57367, 60.42123], [26.58087, 60.42798], [26.58087, 60.43474], [26.58447, 60.44149], [26.59167, 60.44656], [26.60247, 60.44656], [26.64567, 60.43136], [26.65287, 60.42629], [26.64927, 60.42123], [26.63487, 60.41447], [26.57367, 60.40603], [26.55927, 60.39759], [26.54847, 60.37901], [26.53767, 60.37733], [26.52687, 60.38577], [26.50887, 60.40265], [26.51247, 60.4111], [26.55927, 60.41616]]], [[[22.80083, 63.73759], [22.79363, 63.74097], [22.78283, 63.74435], [22.77563, 63.74097], [22.77923, 63.73422], [22.77563, 63.72746], [22.76483, 63.72746], [22.75763, 63.7224], [22.73963, 63.72071], [22.71803, 63.72746], [22.70363, 63.73591], [22.69283, 63.7511], [22.68563, 63.75448], [22.68203, 63.75786], [22.68203, 63.76292], [22.70363, 63.76968], [22.71083, 63.77305], [22.71803, 63.77812], [22.73603, 63.78487], [22.76483, 63.79163], [22.78283, 63.78994], [22.79003, 63.78319], [22.79723, 63.77812], [22.80083, 63.77643], [22.80443, 63.77812], [22.80803, 63.77981], [22.82243, 63.77981], [22.82963, 63.77643], [22.82603, 63.77305], [22.82243, 63.77137], [22.81883, 63.76968], [22.81883, 63.76292], [22.81523, 63.75617], [22.81163, 63.75279], [22.80803, 63.74773], [22.80083, 63.73759]]], [[[28.71569, 68.72734], [28.46008, 68.5416], [28.44928, 68.52978], [28.44568, 68.51458], [28.46008, 68.49094], [28.48168, 68.46223], [28.66529, 68.20388], [28.69049, 68.18362], [28.72649, 68.17349], [29.01449, 68.1279], [29.29889, 68.0823], [29.33129, 68.07217], [29.36009, 68.05698], [29.44289, 67.99112], [29.48249, 67.96073], [29.6517, 67.82395], [29.7129, 67.79187], [30.0081, 67.68549], [29.9865, 67.67198], [29.9793, 67.66185], [29.9721, 67.65003], [29.9649, 67.58417], [29.9613, 67.57235], [29.9325, 67.52676], [29.9145, 67.50819], [29.5185, 67.2988], [29.5077, 67.28867], [29.49689, 67.2701], [29.48969, 67.26334], [29.48249, 67.25659], [29.42849, 67.23295], [29.10089, 66.99148], [29.05049, 66.90705], [29.09009, 66.83782], [29.32049, 66.68078], [29.36369, 66.62675], [29.36369, 66.62506], [29.39249, 66.6048], [29.39609, 66.59636], [29.39609, 66.58622], [29.39969, 66.57609], [29.41049, 66.56765], [29.5257, 66.49166], [29.5329, 66.47478], [29.5473, 66.43256], [29.5509, 66.4123], [29.5689, 66.37853], [29.5941, 66.34645], [29.6517, 66.28735], [29.7921, 66.18097], [29.8749, 66.13369], [29.9001, 66.10836], [29.9217, 66.06783], [29.9505, 65.99185], [29.9577, 65.97327], [29.9973, 65.93106], [30.0081, 65.91586], [30.0405, 65.8652], [30.0765, 65.82299], [30.0837, 65.80441], [30.1125, 65.71154], [30.1161, 65.6879], [30.1125, 65.66595], [30.0981, 65.65582], [30.0657, 65.66088], [30.0045, 65.67777], [29.7633, 65.64738], [29.7021, 65.6288], [29.7309, 65.60854], [29.8065, 65.5849], [29.8389, 65.56464], [29.8245, 65.55113], [29.7453, 65.5106], [29.7309, 65.49709], [29.7273, 65.49203], [29.7165, 65.45488], [29.7309, 65.36538], [29.7201, 65.32992], [29.6157, 65.26913], [29.5797, 65.23536], [29.6265, 65.2151], [29.7669, 65.21679], [29.8317, 65.20497], [29.8389, 65.16613], [29.8281, 65.15938], [29.8173, 65.15262], [29.8101, 65.14587], [29.8065, 65.13574], [29.8209, 65.12729], [29.8389, 65.12561], [29.8497, 65.12223], [29.8461, 65.10872], [29.8209, 65.09352], [29.6661, 65.07833], [29.6265, 65.06144], [29.5977, 65.03442], [29.5869, 64.99221], [29.6337, 64.90778], [29.6985, 64.83855], [29.7813, 64.79633], [29.8785, 64.78451], [30.0621, 64.78451], [30.1017, 64.77607], [30.1197, 64.76763], [30.1197, 64.76087], [30.1161, 64.75412], [30.1125, 64.74399], [30.1089, 64.73217], [30.1053, 64.72541], [30.1089, 64.72035], [30.1197, 64.70853], [30.1305, 64.70177], [30.1701, 64.68151], [30.1881, 64.66294], [30.1809, 64.64267], [30.1593, 64.62579], [30.1377, 64.61565], [29.9649, 64.57851], [29.9577, 64.57513], [29.9541, 64.56837], [29.9577, 64.56669], [29.9649, 64.565], [29.9685, 64.56331], [29.9685, 64.54473], [29.9721, 64.53629], [29.9793, 64.52616], [29.9793, 64.52447], [29.9793, 64.52109], [29.9793, 64.51772], [29.9793, 64.51603], [29.9901, 64.51265], [29.9937, 64.51096], [29.9901, 64.50421], [30.0369, 64.4907], [30.0693, 64.47213], [30.0621, 64.44849], [30.0405, 64.42316], [30.0333, 64.39614], [30.0513, 64.37757], [30.0945, 64.36068], [30.1629, 64.34211], [30.3213, 64.31847], [30.3717, 64.30158], [30.4005, 64.28301], [30.4221, 64.26443], [30.4473, 64.25092], [30.50491, 64.24417], [30.53731, 64.23404], [30.55891, 64.22053], [30.55171, 64.19858], [30.53371, 64.18], [30.53371, 64.16312], [30.54451, 64.14623], [30.56251, 64.12766], [30.58771, 64.08544], [30.58051, 64.05167], [30.55171, 64.02128], [30.50851, 63.99088], [30.3285, 63.89632], [30.2673, 63.83047], [30.2025, 63.79332], [30.0513, 63.76292], [29.9973, 63.74773], [29.9793, 63.74097], [30.0009, 63.71564], [30.2421, 63.58225], [30.3789, 63.53328], [30.4401, 63.49106], [30.4617, 63.47249], [30.4869, 63.46236], [30.82171, 63.37624], [30.97651, 63.28843], [31.17811, 63.22596], [31.20331, 63.21245], [31.22491, 63.19556], [31.23211, 63.1753], [31.23571, 63.15672], [31.23931, 63.13646], [31.25011, 63.1162], [31.26451, 63.101], [31.28971, 63.08412], [31.35091, 63.06216], [31.37971, 63.04866], [31.44451, 63.00137], [31.46971, 62.99124], [31.48051, 62.98618], [31.50572, 62.9676], [31.52012, 62.94396], [31.53452, 62.92032], [31.57052, 62.90513], [31.48051, 62.82576], [31.44091, 62.78861], [31.41211, 62.7464], [31.36171, 62.65184], [31.34731, 62.62989], [31.30411, 62.59612], [31.28251, 62.57248], [31.26091, 62.5252], [31.24291, 62.50324], [31.22131, 62.49142], [31.16731, 62.47623], [31.15291, 62.46778], [31.14211, 62.45596], [31.12411, 62.43401], [30.98011, 62.35803], [30.96571, 62.3479], [30.94051, 62.31412], [30.92611, 62.3023], [30.90811, 62.29217], [30.79291, 62.25334], [30.70291, 62.21112], [30.66691, 62.1993], [30.64891, 62.19255], [30.63451, 62.1841], [30.60571, 62.15202], [30.4797, 62.06759], [30.3393, 61.99161], [30.1449, 61.84977], [29.9793, 61.72819], [29.8425, 61.66064], [29.8209, 61.64376], [29.7993, 61.60999], [29.7777, 61.5931], [29.6337, 61.51036], [29.6049, 61.49854], [29.5401, 61.48503], [29.5185, 61.4749], [29.5005, 61.4597], [29.48249, 61.43438], [29.46449, 61.41411], [29.31689, 61.33813], [29.28809, 61.31617], [29.27729, 61.30435], [29.26289, 61.29085], [29.20169, 61.24525], [29.12969, 61.21317], [28.98209, 61.16758], [28.92809, 61.14732], [28.85609, 61.11186], [28.79849, 61.09666], [28.78049, 61.08653], [28.75169, 61.0612], [28.69049, 61.02743], [28.66889, 61.01223], [28.65449, 60.99197], [28.61489, 60.96157], [28.52489, 60.94975], [28.48168, 60.93287], [28.33768, 60.85857], [28.24408, 60.79103], [28.14688, 60.75726], [28.00288, 60.66438], [27.98128, 60.64919], [27.89128, 60.6036], [27.80848, 60.55294], [27.79048, 60.56138], [27.77608, 60.5732], [27.76168, 60.57996], [27.74008, 60.57489], [27.74368, 60.57151], [27.75088, 60.56307], [27.75448, 60.55969], [27.73648, 60.55632], [27.73288, 60.5445], [27.74008, 60.53099], [27.75448, 60.51917], [27.73648, 60.5141], [27.73288, 60.51241], [27.74728, 60.50566], [27.75448, 60.50566], [27.71848, 60.48877], [27.70408, 60.48539], [27.63568, 60.49215], [27.64648, 60.50397], [27.67528, 60.51072], [27.69328, 60.51917], [27.65008, 60.52254], [27.63208, 60.52085], [27.61768, 60.51241], [27.60688, 60.50059], [27.61048, 60.49215], [27.61768, 60.48371], [27.62848, 60.47189], [27.59248, 60.47695], [27.50968, 60.5141], [27.47367, 60.50566], [27.48087, 60.50397], [27.48807, 60.50228], [27.49167, 60.49215], [27.48807, 60.48877], [27.47727, 60.48202], [27.47367, 60.47864], [27.48447, 60.47526], [27.49167, 60.4702], [27.50248, 60.46513], [27.50608, 60.45669], [27.45567, 60.46344], [27.36927, 60.49721], [27.32607, 60.50566], [27.25047, 60.50735], [27.23247, 60.51241], [27.23247, 60.52592], [27.25767, 60.5293], [27.30807, 60.52592], [27.28647, 60.53605], [27.21087, 60.55969], [27.22887, 60.57996], [27.21447, 60.58502], [27.19287, 60.57996], [27.17847, 60.56814], [27.18207, 60.55294], [27.19647, 60.53774], [27.20007, 60.52254], [27.17847, 60.51241], [27.17487, 60.52592], [27.17127, 60.5293], [27.14967, 60.52592], [27.13887, 60.5293], [27.12447, 60.54281], [27.11367, 60.54618], [27.10647, 60.54281], [27.09567, 60.5293], [27.08847, 60.52592], [27.07767, 60.5293], [27.06327, 60.54281], [27.05607, 60.54618], [27.04527, 60.54618], [27.03447, 60.54112], [27.02367, 60.53605], [27.02367, 60.5293], [27.02727, 60.51917], [27.02007, 60.5141], [27.01287, 60.50903], [26.99847, 60.48877], [26.97687, 60.48371], [26.93007, 60.48539], [26.95527, 60.46851], [26.96607, 60.45838], [26.96247, 60.44656], [26.95527, 60.44993], [26.92287, 60.46682], [26.91567, 60.47526], [26.82207, 60.45838], [26.79327, 60.45669], [26.80047, 60.46344], [26.80767, 60.4702], [26.81487, 60.48539], [26.79687, 60.48539], [26.77527, 60.48202], [26.75727, 60.47695], [26.74287, 60.46851], [26.73927, 60.46007], [26.73927, 60.44318], [26.73927, 60.43643], [26.73207, 60.43305], [26.71047, 60.42629], [26.69967, 60.41954], [26.68887, 60.41785], [26.67087, 60.42798], [26.64927, 60.44149], [26.63487, 60.44993], [26.61687, 60.45331], [26.59527, 60.45162], [26.57727, 60.44656], [26.57367, 60.43643], [26.55207, 60.43305], [26.52687, 60.4398], [26.50167, 60.45331], [26.48366, 60.46851], [26.47646, 60.48708], [26.49086, 60.4989], [26.51607, 60.50566], [26.53767, 60.51579], [26.56287, 60.54281], [26.56647, 60.54956], [26.56287, 60.5732], [26.56647, 60.58164], [26.58087, 60.59178], [26.62407, 60.61035], [26.66727, 60.60697], [26.75367, 60.57489], [26.73207, 60.61204], [26.69967, 60.64074], [26.66007, 60.65256], [26.61687, 60.64243], [26.59167, 60.62892], [26.55207, 60.59178], [26.46566, 60.50735], [26.45486, 60.47526], [26.48726, 60.44318], [26.46926, 60.42798], [26.46206, 60.42123], [26.45126, 60.41616], [26.42246, 60.41616], [26.41526, 60.4111], [26.42246, 60.3959], [26.41166, 60.39759], [26.40086, 60.40265], [26.38286, 60.41616], [26.38286, 60.40434], [26.38286, 60.39928], [26.37566, 60.3959], [26.36126, 60.3959], [26.35046, 60.39252], [26.35046, 60.38577], [26.34686, 60.37901], [26.34326, 60.37564], [26.32526, 60.38239], [26.31086, 60.39928], [26.30006, 60.41616], [26.28926, 60.42292], [26.27846, 60.42967], [26.26406, 60.44149], [26.24606, 60.45162], [26.23166, 60.44993], [26.22806, 60.43811], [26.24246, 60.42461], [26.27486, 60.40265], [26.17766, 60.4111], [26.17046, 60.40941], [26.15246, 60.39928], [26.14166, 60.3959], [26.13446, 60.40265], [26.09486, 60.42292], [26.06246, 60.43305], [26.04806, 60.43811], [26.01206, 60.46175], [25.97966, 60.47526], [25.94726, 60.48371], [25.91846, 60.48539], [25.91846, 60.47864], [25.97246, 60.46513], [25.98326, 60.45838], [26.00486, 60.4398], [26.03006, 60.43305], [26.03726, 60.42461], [26.04086, 60.41447], [26.04086, 60.40603], [26.03366, 60.40097], [26.01566, 60.40097], [26.00846, 60.40097], [26.01206, 60.38915], [26.02286, 60.3807], [26.05886, 60.36888], [26.08046, 60.35031], [26.08766, 60.34355], [26.10206, 60.34187], [26.10926, 60.33511], [26.10566, 60.32329], [26.09846, 60.31147], [26.09126, 60.30641], [26.04086, 60.29965], [26.03726, 60.32329], [25.99766, 60.35537], [26.00486, 60.36888], [25.99406, 60.36719], [25.98326, 60.36382], [25.97606, 60.35706], [25.96886, 60.35537], [25.95806, 60.35537], [25.94726, 60.35875], [25.88966, 60.38915], [25.86806, 60.39759], [25.84286, 60.40265], [25.87886, 60.37733], [25.90046, 60.36719], [25.91846, 60.36044], [25.90766, 60.34018], [25.88606, 60.31991], [25.88246, 60.30641], [25.89326, 60.29121], [25.92206, 60.26588], [25.92926, 60.24562], [25.90766, 60.24562], [25.89326, 60.24899], [25.88246, 60.25575], [25.86806, 60.26588], [25.87526, 60.27263], [25.86086, 60.28445], [25.84286, 60.28783], [25.82126, 60.28952], [25.79966, 60.2929], [25.77086, 60.31485], [25.75286, 60.31991], [25.73846, 60.31316], [25.74566, 60.29627], [25.78166, 60.28277], [25.85006, 60.26588], [25.78166, 60.25068], [25.78166, 60.24562], [25.76366, 60.24055], [25.73486, 60.24731], [25.65566, 60.2929], [25.64846, 60.29965], [25.65206, 60.31316], [25.65926, 60.32329], [25.67006, 60.32667], [25.64846, 60.33342], [25.64846, 60.34187], [25.70606, 60.34187], [25.69166, 60.36213], [25.67006, 60.36382], [25.64486, 60.35706], [25.63046, 60.34693], [25.60166, 60.33849], [25.52606, 60.32667], [25.52606, 60.3216], [25.54046, 60.31654], [25.54766, 60.30641], [25.54406, 60.2929], [25.54046, 60.27939], [25.53686, 60.27601], [25.52966, 60.27432], [25.52246, 60.27095], [25.51526, 60.25406], [25.51166, 60.24899], [25.50446, 60.24562], [25.36045, 60.24562], [25.36405, 60.26081], [25.34965, 60.26757], [25.31365, 60.27263], [25.31725, 60.26757], [25.32085, 60.25575], [25.32085, 60.25068], [25.29205, 60.24562], [25.19845, 60.24562], [25.19125, 60.24393], [25.19125, 60.24055], [25.19125, 60.22873], [25.19125, 60.22704], [25.18405, 60.22367], [25.17325, 60.22535], [25.15525, 60.23211], [25.15525, 60.22367], [25.19125, 60.21185], [25.20565, 60.20509], [25.19485, 60.20003], [25.18045, 60.20003], [25.19845, 60.18989], [25.17685, 60.18314], [25.11565, 60.17639], [25.09405, 60.17639], [25.09765, 60.18314], [25.09765, 60.18652], [25.10125, 60.18989], [25.05805, 60.17807], [25.04725, 60.16963], [25.06885, 60.16288], [25.06165, 60.15612], [25.04365, 60.15612], [25.02925, 60.14768], [25.01125, 60.15106], [24.99685, 60.16288], [25.01125, 60.16963], [25.02205, 60.18483], [25.02565, 60.20003], [25.01845, 60.21185], [25.00045, 60.21353], [24.98605, 60.20003], [24.96085, 60.15106], [24.95005, 60.1443], [24.86725, 60.14093], [24.84565, 60.1443], [24.83485, 60.15612], [24.87085, 60.16119], [24.86725, 60.17976], [24.84205, 60.19496], [24.80605, 60.18989], [24.82765, 60.16288], [24.81325, 60.15781], [24.78445, 60.14599], [24.77365, 60.14261], [24.71965, 60.13924], [24.68725, 60.13248], [24.68005, 60.13079], [24.67285, 60.12573], [24.67285, 60.11897], [24.67645, 60.10546], [24.66925, 60.1004], [24.65485, 60.1004], [24.65125, 60.10884], [24.64765, 60.12066], [24.64405, 60.12911], [24.62965, 60.13586], [24.56845, 60.15443], [24.55405, 60.15612], [24.55045, 60.15275], [24.56125, 60.14261], [24.57565, 60.13586], [24.59005, 60.13248], [24.59725, 60.12742], [24.58645, 60.1156], [24.57565, 60.10715], [24.56125, 60.10378], [24.54685, 60.1004], [24.53965, 60.08689], [24.60805, 60.1004], [24.60445, 60.09196], [24.59365, 60.0852], [24.57565, 60.07338], [24.59365, 60.06663], [24.59365, 60.05987], [24.52525, 60.03454], [24.48924, 60.00584], [24.46764, 59.99571], [24.44604, 59.99233], [24.41724, 59.99064], [24.42444, 60.00584], [24.45324, 60.03792], [24.46404, 60.04636], [24.44604, 60.04805], [24.42084, 60.03623], [24.37404, 60.00415], [24.36684, 60.02272], [24.34884, 60.01597], [24.33084, 60.00415], [24.31284, 59.9974], [24.32004, 60.01428], [24.33084, 60.02104], [24.34524, 60.0261], [24.35604, 60.03623], [24.35964, 60.04299], [24.35964, 60.05143], [24.35964, 60.06156], [24.36684, 60.07338], [24.32004, 60.07507], [24.29484, 60.07169], [24.27684, 60.05987], [24.29124, 60.05312], [24.26244, 60.0413], [24.25164, 60.03961], [24.23724, 60.03961], [24.20484, 60.04636], [24.17604, 60.04805], [24.15804, 60.04299], [24.15804, 60.03454], [24.18324, 60.0261], [24.16524, 60.01935], [24.14724, 60.02272], [24.13284, 60.02779], [24.11484, 60.03286], [24.10764, 60.03117], [24.06804, 60.02104], [24.05724, 60.02104], [24.04644, 60.0261], [24.02844, 60.00922], [24.01044, 60.0109], [24.00324, 60.02104], [24.01764, 60.03286], [24.01764, 60.03961], [23.99964, 60.03792], [23.98884, 60.03117], [23.98164, 60.02272], [23.97084, 60.01259], [23.95644, 60.00415], [23.94204, 59.99908], [23.87364, 59.99233], [23.79804, 59.95687], [23.77284, 59.96869], [23.60724, 59.95687], [23.59284, 59.96194], [23.58204, 59.97376], [23.57484, 59.97713], [23.56044, 59.97713], [23.49563, 59.96869], [23.45243, 59.95687], [23.43083, 59.95687], [23.44163, 59.97207], [23.48483, 60.0109], [23.49923, 60.01935], [23.52804, 60.02441], [23.54244, 60.02948], [23.54244, 60.03623], [23.53524, 60.04468], [23.53524, 60.05312], [23.53884, 60.06325], [23.54604, 60.07338], [23.51004, 60.06663], [23.49923, 60.06325], [23.49203, 60.05481], [23.48483, 60.04468], [23.47763, 60.03623], [23.46323, 60.03286], [23.45243, 60.02779], [23.44883, 60.01766], [23.44523, 60.00584], [23.43803, 59.99402], [23.43083, 59.98895], [23.40923, 59.98051], [23.39843, 59.97376], [23.36603, 59.94505], [23.32643, 59.9231], [23.23643, 59.89777], [23.22203, 59.88595], [23.22203, 59.86738], [23.23283, 59.85218], [23.25083, 59.8488], [23.25083, 59.84036], [23.08163, 59.82685], [23.06723, 59.8201], [23.00603, 59.82685], [22.98443, 59.82347], [22.96643, 59.81841], [22.90523, 59.81165], [22.88723, 59.81334], [22.90523, 59.8201], [22.93043, 59.84205], [22.94483, 59.8488], [22.98803, 59.85218], [23.12843, 59.88595], [23.16803, 59.88933], [23.16083, 59.90959], [23.16443, 59.91803], [23.17883, 59.91803], [23.18963, 59.91634], [23.22203, 59.91634], [23.24723, 59.9231], [23.26883, 59.93661], [23.29403, 59.95856], [23.30843, 59.97882], [23.32643, 60.00922], [23.33363, 60.02948], [23.31563, 60.02272], [23.25083, 59.94843], [23.22203, 59.92985], [23.20403, 59.92985], [23.20403, 59.93323], [23.20763, 59.93998], [23.21123, 59.94336], [23.20043, 59.94843], [23.18963, 59.95012], [23.17883, 59.94843], [23.16803, 59.94336], [23.17163, 59.93661], [23.13203, 59.94336], [23.12123, 59.93323], [23.11763, 59.9231], [23.11043, 59.9231], [23.10323, 59.92985], [23.09963, 59.93998], [23.11043, 59.97038], [23.11043, 59.97376], [23.12843, 59.98389], [23.20403, 59.9974], [23.21843, 60.00753], [23.24003, 60.03286], [23.25803, 60.03961], [23.20403, 60.04974], [23.10683, 60.03961], [23.06003, 60.03961], [23.03483, 60.04468], [23.01323, 60.05143], [22.99523, 60.06156], [22.99163, 60.07676], [22.99883, 60.09027], [23.01323, 60.10209], [23.04563, 60.12235], [23.02403, 60.13586], [23.02043, 60.12911], [23.00963, 60.11222], [23.00603, 60.10715], [22.99523, 60.10378], [22.97723, 60.09871], [22.97003, 60.09364], [22.97003, 60.11053], [22.95923, 60.12235], [22.94123, 60.12742], [22.90883, 60.13248], [22.88723, 60.1443], [22.87643, 60.14937], [22.88363, 60.1595], [22.88723, 60.16963], [22.88003, 60.17807], [22.86563, 60.18314], [22.92323, 60.23042], [22.94123, 60.24562], [23.00603, 60.2777], [23.02403, 60.2929], [23.03123, 60.30303], [23.03843, 60.31991], [23.04563, 60.32667], [23.07083, 60.33849], [23.08163, 60.34524], [23.08163, 60.35537], [23.06003, 60.35706], [23.03483, 60.34355], [23.00963, 60.32329], [22.99883, 60.30641], [22.94123, 60.31654], [22.87643, 60.30134], [22.73603, 60.23886], [22.61003, 60.22029], [22.55243, 60.20509], [22.52363, 60.20509], [22.53803, 60.21353], [22.59203, 60.23211], [22.57403, 60.23549], [22.57043, 60.24224], [22.59203, 60.2625], [22.60283, 60.26757], [22.64963, 60.27939], [22.59923, 60.27601], [22.57403, 60.27095], [22.52723, 60.25237], [22.50203, 60.24731], [22.44802, 60.24562], [22.45882, 60.25237], [22.45882, 60.25913], [22.45882, 60.26419], [22.46242, 60.27263], [22.46962, 60.2777], [22.48762, 60.28445], [22.50923, 60.30134], [22.54163, 60.31823], [22.54523, 60.33342], [22.59563, 60.36382], [22.62803, 60.37564], [22.63163, 60.38915], [22.62443, 60.39928], [22.58123, 60.37564], [22.54523, 60.37226], [22.46242, 60.37564], [22.48402, 60.40265], [22.32562, 60.38239], [22.29322, 60.38239], [22.27882, 60.38577], [22.25002, 60.40434], [22.18162, 60.42967], [22.16002, 60.43474], [22.11682, 60.43643], [22.10962, 60.44487], [22.10962, 60.45669], [22.10242, 60.46175], [22.08442, 60.44656], [22.06282, 60.43643], [22.04842, 60.43811], [22.01962, 60.45669], [22.01602, 60.46007], [22.01962, 60.46851], [22.01962, 60.47189], [22.01242, 60.47189], [22.00162, 60.4702], [21.99802, 60.47189], [21.99082, 60.47526], [21.98362, 60.47695], [21.98002, 60.48033], [21.98362, 60.49215], [21.93682, 60.49215], [21.94042, 60.4989], [21.94402, 60.51241], [21.95122, 60.51917], [21.93322, 60.52423], [21.90442, 60.5293], [21.87562, 60.5293], [21.85402, 60.52592], [21.84322, 60.51579], [21.84682, 60.50397], [21.87562, 60.47864], [21.82882, 60.48539], [21.80722, 60.48539], [21.78562, 60.47864], [21.78922, 60.49553], [21.80362, 60.52592], [21.80722, 60.54618], [21.80362, 60.56138], [21.80722, 60.57489], [21.81802, 60.58502], [21.84682, 60.5884], [21.83242, 60.59684], [21.82882, 60.60697], [21.83242, 60.6171], [21.83962, 60.62892], [21.77482, 60.6036], [21.75322, 60.59178], [21.73162, 60.58164], [21.67762, 60.57658], [21.66322, 60.56814], [21.65962, 60.55969], [21.67042, 60.5445], [21.66322, 60.53605], [21.65962, 60.53099], [21.65602, 60.52592], [21.65602, 60.51917], [21.65602, 60.50903], [21.64162, 60.49553], [21.61282, 60.48877], [21.58042, 60.48708], [21.55882, 60.49215], [21.58402, 60.50566], [21.56962, 60.52592], [21.51922, 60.56814], [21.53362, 60.56814], [21.58042, 60.55969], [21.58042, 60.56814], [21.55522, 60.57151], [21.48681, 60.57489], [21.45441, 60.56814], [21.44361, 60.56814], [21.43281, 60.56982], [21.41841, 60.57827], [21.40761, 60.57996], [21.40761, 60.5884], [21.41481, 60.5884], [21.41841, 60.59009], [21.42921, 60.59346], [21.41481, 60.60866], [21.44361, 60.60191], [21.46161, 60.60191], [21.46881, 60.60866], [21.42201, 60.62892], [21.40041, 60.63399], [21.37881, 60.6475], [21.36441, 60.6627], [21.35361, 60.6762], [21.35361, 60.68127], [21.35721, 60.68296], [21.35721, 60.68465], [21.35361, 60.68971], [21.42561, 60.67958], [21.44001, 60.67958], [21.44721, 60.69309], [21.44001, 60.70322], [21.43281, 60.71335], [21.42201, 60.72517], [21.46881, 60.72517], [21.46881, 60.73193], [21.44721, 60.73193], [21.42561, 60.73699], [21.40761, 60.74375], [21.38601, 60.75219], [21.40401, 60.75894], [21.41121, 60.75894], [21.42201, 60.75894], [21.40041, 60.77414], [21.38601, 60.77921], [21.37521, 60.77921], [21.38241, 60.79272], [21.37521, 60.80791], [21.36081, 60.81636], [21.34641, 60.81298], [21.33921, 60.81636], [21.33201, 60.82142], [21.32841, 60.82818], [21.32481, 60.83493], [21.33561, 60.84506], [21.31761, 60.86532], [21.33201, 60.8687], [21.38241, 60.86364], [21.40761, 60.86532], [21.42921, 60.87546], [21.41841, 60.88052], [21.40761, 60.88221], [21.38241, 60.88221], [21.37521, 60.8839], [21.35361, 60.90247], [21.36441, 60.90416], [21.38241, 60.91429], [21.38961, 60.91598], [21.40041, 60.91429], [21.40761, 60.90754], [21.41481, 60.90247], [21.42921, 60.90247], [21.42201, 60.9126], [21.41841, 60.92442], [21.41121, 60.93287], [21.40401, 60.93793], [21.39321, 60.93962], [21.38961, 60.943], [21.38601, 60.94975], [21.37881, 60.9582], [21.33561, 61.00379], [21.31761, 61.01223], [21.33201, 61.02405], [21.33921, 61.02743], [21.31041, 61.03756], [21.30321, 61.046], [21.29961, 61.05951], [21.32121, 61.05951], [21.36441, 61.04431], [21.38601, 61.04094], [21.40761, 61.04263], [21.40761, 61.04769], [21.40761, 61.05107], [21.38961, 61.05782], [21.36801, 61.05951], [21.39681, 61.06964], [21.45441, 61.05445], [21.48321, 61.05951], [21.46881, 61.06627], [21.45441, 61.07809], [21.45081, 61.09159], [21.46161, 61.10173], [21.45081, 61.12537], [21.44721, 61.1355], [21.43641, 61.14225], [21.44361, 61.14225], [21.46881, 61.14901], [21.46161, 61.14901], [21.45441, 61.15069], [21.45081, 61.15238], [21.44361, 61.15576], [21.45801, 61.16927], [21.44361, 61.16927], [21.45441, 61.17602], [21.47241, 61.17771], [21.50482, 61.17771], [21.49761, 61.18784], [21.49761, 61.19122], [21.52642, 61.19966], [21.55882, 61.20473], [21.54442, 61.22499], [21.52282, 61.23512], [21.47601, 61.24525], [21.48681, 61.25539], [21.49761, 61.26045], [21.50842, 61.26721], [21.50482, 61.27903], [21.54442, 61.27903], [21.54442, 61.28747], [21.54082, 61.29253], [21.54442, 61.31111], [21.54442, 61.32124], [21.54082, 61.32631], [21.53362, 61.32968], [21.53002, 61.33475], [21.53002, 61.33981], [21.53002, 61.34995], [21.53002, 61.35501], [21.52282, 61.37528], [21.51922, 61.38203], [21.50482, 61.38878], [21.49041, 61.39385], [21.46161, 61.39892], [21.44721, 61.40229], [21.47961, 61.41074], [21.54082, 61.40905], [21.57322, 61.4158], [21.55882, 61.431], [21.54082, 61.44282], [21.51202, 61.45802], [21.44361, 61.4749], [21.42201, 61.48503], [21.55522, 61.4749], [21.59122, 61.48503], [21.56962, 61.51374], [21.56602, 61.5188], [21.55162, 61.52218], [21.52282, 61.51712], [21.51202, 61.5188], [21.46881, 61.54751], [21.46161, 61.55764], [21.46161, 61.56271], [21.46521, 61.5644], [21.48321, 61.56777], [21.50842, 61.56946], [21.62362, 61.54582], [21.68842, 61.52387], [21.71722, 61.5188], [21.71722, 61.52725], [21.64882, 61.56102], [21.61282, 61.58466], [21.59122, 61.62856], [21.57322, 61.63532], [21.55162, 61.64038], [21.53722, 61.65051], [21.53722, 61.65727], [21.54442, 61.67246], [21.54082, 61.68091], [21.51922, 61.70455], [21.51922, 61.7113], [21.53722, 61.70792], [21.56962, 61.69442], [21.58762, 61.69779], [21.55882, 61.71299], [21.49041, 61.73663], [21.46881, 61.76027], [21.47241, 61.77209], [21.48321, 61.7856], [21.49041, 61.79911], [21.48681, 61.81093], [21.47241, 61.81768], [21.45441, 61.81937], [21.44361, 61.82613], [21.44721, 61.84132], [21.41841, 61.86327], [21.40401, 61.87678], [21.39321, 61.8886], [21.40401, 61.89367], [21.41121, 61.90042], [21.41481, 61.90718], [21.39321, 61.91393], [21.38961, 61.92069], [21.38601, 61.93082], [21.37881, 61.93757], [21.37161, 61.93926], [21.32481, 61.93757], [21.31761, 61.93926], [21.31401, 61.93926], [21.28881, 61.94939], [21.27801, 61.95108], [21.29601, 61.97134], [21.28161, 61.97979], [21.23481, 61.98485], [21.27801, 62.05071], [21.28521, 62.07435], [21.28881, 62.12163], [21.29601, 62.13007], [21.31401, 62.10981], [21.32841, 62.13851], [21.33201, 62.15202], [21.32481, 62.16384], [21.33921, 62.17566], [21.37161, 62.18579], [21.38241, 62.19424], [21.38961, 62.20774], [21.38241, 62.21788], [21.35361, 62.23138], [21.37521, 62.26684], [21.35361, 62.26684], [21.33921, 62.25502], [21.32841, 62.24152], [21.31401, 62.23138], [21.31761, 62.24827], [21.32841, 62.27698], [21.33201, 62.29386], [21.33201, 62.34114], [21.33921, 62.35634], [21.28521, 62.34452], [21.27081, 62.34958], [21.26361, 62.35972], [21.26001, 62.37154], [21.26361, 62.38504], [21.27801, 62.39686], [21.27081, 62.41037], [21.20601, 62.35972], [21.20241, 62.34958], [21.21681, 62.33439], [21.19521, 62.33776], [21.18801, 62.35296], [21.19521, 62.37322], [21.20241, 62.39011], [21.19521, 62.3918], [21.18801, 62.39518], [21.18081, 62.39686], [21.18801, 62.40868], [21.19521, 62.41375], [21.20241, 62.41713], [21.18441, 62.42388], [21.16641, 62.4205], [21.14841, 62.41375], [21.13401, 62.40362], [21.13041, 62.41713], [21.14841, 62.44752], [21.15561, 62.46441], [21.13761, 62.45765], [21.12321, 62.45428], [21.11601, 62.45934], [21.11241, 62.47792], [21.11601, 62.49649], [21.12321, 62.51], [21.13761, 62.52013], [21.15561, 62.52688], [21.14841, 62.53533], [21.12681, 62.5539], [21.14841, 62.56234], [21.16641, 62.57585], [21.18801, 62.5843], [21.20961, 62.58261], [21.19521, 62.60118], [21.12321, 62.60963], [21.10521, 62.62313], [21.09441, 62.61976], [21.08361, 62.613], [21.06561, 62.59612], [21.06921, 62.61976], [21.08361, 62.65859], [21.08001, 62.67886], [21.09801, 62.68055], [21.12681, 62.69068], [21.14841, 62.70419], [21.15921, 62.71938], [21.15921, 62.72951], [21.15561, 62.7312], [21.14841, 62.7312], [21.14121, 62.73289], [21.12321, 62.74302], [21.11601, 62.74978], [21.10881, 62.76666], [21.11241, 62.78186], [21.13041, 62.7903], [21.15201, 62.79368], [21.17001, 62.78524], [21.18441, 62.78186], [21.18801, 62.7903], [21.19161, 62.79368], [21.20961, 62.80719], [21.21681, 62.81563], [21.22041, 62.83083], [21.22401, 62.84603], [21.22761, 62.85785], [21.24201, 62.86967], [21.26721, 62.86967], [21.33561, 62.85616], [21.35721, 62.85953], [21.36441, 62.8646], [21.38241, 62.87473], [21.38961, 62.8798], [21.39681, 62.88655], [21.40041, 62.90006], [21.40761, 62.91357], [21.41841, 62.93552], [21.42201, 62.94227], [21.42921, 62.94396], [21.46161, 62.95072], [21.44721, 62.98618], [21.44361, 63.00475], [21.44361, 63.0267], [21.44001, 63.03515], [21.44001, 63.03852], [21.44361, 63.04021], [21.45801, 63.04697], [21.46881, 63.04866], [21.47601, 63.04359], [21.47961, 63.04359], [21.48321, 63.05879], [21.49401, 63.0723], [21.52282, 63.06385], [21.56602, 63.04021], [21.59482, 63.03515], [21.62722, 63.02333], [21.65602, 63.01826], [21.68842, 63.0267], [21.64522, 63.05541], [21.58042, 63.08412], [21.55882, 63.09594], [21.55162, 63.10776], [21.57322, 63.12295], [21.55882, 63.11958], [21.54442, 63.11789], [21.53362, 63.11958], [21.51922, 63.12633], [21.51562, 63.13815], [21.51922, 63.14828], [21.51562, 63.15504], [21.50482, 63.15672], [21.51202, 63.16854], [21.52282, 63.17192], [21.55162, 63.17192], [21.55162, 63.17868], [21.51202, 63.18543], [21.50122, 63.19218], [21.49761, 63.20907], [21.50482, 63.21751], [21.52282, 63.22596], [21.54442, 63.23102], [21.55882, 63.23271], [21.61642, 63.204], [21.64882, 63.19725], [21.66682, 63.2192], [21.68842, 63.21076], [21.71362, 63.20232], [21.74242, 63.19894], [21.76402, 63.20569], [21.74962, 63.21076], [21.71722, 63.21582], [21.70282, 63.2192], [21.70282, 63.22596], [21.74242, 63.23946], [21.75682, 63.24115], [21.80002, 63.23946], [21.82162, 63.24453], [21.86842, 63.25973], [21.89362, 63.25973], [21.88282, 63.24622], [21.88282, 63.23609], [21.89002, 63.19725], [21.89002, 63.18881], [21.87922, 63.17868], [21.90442, 63.1753], [21.98362, 63.14322], [21.97282, 63.16517], [21.95482, 63.18543], [21.98362, 63.1905], [21.99442, 63.19725], [22.00522, 63.20569], [22.00882, 63.21582], [22.01242, 63.22427], [22.01602, 63.23271], [22.02322, 63.23946], [22.04482, 63.24622], [22.05202, 63.24115], [22.06282, 63.23271], [22.07362, 63.22596], [22.08802, 63.22596], [22.11322, 63.23609], [22.12762, 63.23946], [22.13842, 63.23778], [22.16002, 63.23102], [22.17442, 63.23271], [22.18162, 63.23609], [22.18162, 63.23946], [22.18162, 63.24453], [22.18162, 63.24622], [22.18882, 63.24622], [22.19602, 63.24453], [22.20322, 63.24115], [22.20322, 63.23946], [22.24642, 63.26648], [22.26802, 63.28506], [22.27882, 63.30194], [22.28602, 63.30194], [22.30762, 63.27661], [22.32922, 63.28337], [22.35082, 63.30532], [22.37242, 63.32052], [22.36522, 63.32727], [22.35802, 63.33402], [22.34722, 63.34922], [22.33282, 63.35935], [22.30402, 63.37286], [22.25362, 63.40663], [22.25002, 63.4117], [22.23202, 63.4117], [22.21762, 63.41508], [22.20682, 63.42014], [22.19602, 63.43196], [22.19242, 63.45898], [22.21402, 63.4708], [22.24642, 63.46911], [22.27522, 63.4556], [22.30402, 63.43534], [22.33642, 63.43027], [22.36522, 63.42859], [22.40122, 63.41845], [22.31842, 63.46067], [22.27882, 63.48769], [22.27162, 63.51301], [22.28242, 63.52652], [22.29322, 63.5299], [22.31842, 63.52821], [22.33642, 63.52315], [22.33642, 63.51301], [22.33282, 63.50288], [22.33282, 63.49275], [22.35442, 63.48769], [22.37962, 63.486], [22.39762, 63.47755], [22.39402, 63.45223], [22.40842, 63.45729], [22.42282, 63.46742], [22.43722, 63.47249], [22.43722, 63.47924], [22.43002, 63.48937], [22.43002, 63.49782], [22.43722, 63.50626], [22.44442, 63.51808], [22.46242, 63.55523], [22.47322, 63.56198], [22.48402, 63.56705], [22.49482, 63.5738], [22.49842, 63.58562], [22.50203, 63.58731], [22.54523, 63.57549], [22.53803, 63.58731], [22.49842, 63.62277], [22.51283, 63.63628], [22.52363, 63.64135], [22.53083, 63.64472], [22.53083, 63.65148], [22.52723, 63.65317], [22.52363, 63.65823], [22.56683, 63.65317], [22.58483, 63.65654], [22.59203, 63.67512], [22.59203, 63.69369], [22.58843, 63.70382], [22.59563, 63.70382], [22.61363, 63.69876], [22.62803, 63.68694], [22.63883, 63.68356], [22.64243, 63.68863], [22.64603, 63.69876], [22.65323, 63.70382], [22.66403, 63.70551], [22.67483, 63.70213], [22.68923, 63.69369], [22.70363, 63.68356], [22.70723, 63.67174], [22.70363, 63.65823], [22.71443, 63.64979], [22.73243, 63.62784], [22.73963, 63.62277], [22.75403, 63.62446], [22.77203, 63.62784], [22.79003, 63.6329], [22.80083, 63.63966], [22.81163, 63.64303], [22.81883, 63.64472], [22.82963, 63.64641], [22.83323, 63.65485], [22.83323, 63.66161], [22.83323, 63.66667], [22.83683, 63.67174], [22.84043, 63.67681], [22.85483, 63.68694], [22.88723, 63.69538], [22.90163, 63.70551], [22.88363, 63.71227], [22.83323, 63.72577], [22.90163, 63.72577], [22.88363, 63.74266], [22.87643, 63.74604], [22.90163, 63.73928], [22.91603, 63.73928], [22.92683, 63.74266], [22.92683, 63.74941], [22.93043, 63.75617], [22.93043, 63.76461], [22.92683, 63.76799], [22.90883, 63.77305], [22.89803, 63.78319], [22.90163, 63.79501], [22.92323, 63.80176], [22.94123, 63.80007], [22.95563, 63.79332], [22.97363, 63.77137], [22.99163, 63.76123], [23.00243, 63.76292], [23.00243, 63.77305], [22.99163, 63.78825], [22.99523, 63.80007], [22.99523, 63.80683], [22.99163, 63.81527], [23.04923, 63.8406], [23.06363, 63.85242], [23.07443, 63.85748], [23.12123, 63.84904], [23.13203, 63.85242], [23.14283, 63.85917], [23.15363, 63.86424], [23.15003, 63.86424], [23.14283, 63.8693], [23.14283, 63.87606], [23.15363, 63.8845], [23.16803, 63.88619], [23.19683, 63.89126], [23.27603, 63.88957], [23.30483, 63.89463], [23.32643, 63.91152], [23.35163, 63.89801], [23.37323, 63.90139], [23.39483, 63.91152], [23.41643, 63.92503], [23.38403, 63.93854], [23.36963, 63.94698], [23.36963, 63.95542], [23.38043, 63.96893], [23.37683, 63.97906], [23.36963, 63.9875], [23.36603, 63.99764], [23.36963, 64.0027], [23.38043, 64.04829], [23.39483, 64.05674], [23.41643, 64.05674], [23.44883, 64.04829], [23.45603, 64.04492], [23.46683, 64.03816], [23.47763, 64.03478], [23.48843, 64.03647], [23.49563, 64.03985], [23.50644, 64.04154], [23.53884, 64.03141], [23.60364, 64.02803], [23.61804, 64.03816], [23.60724, 64.0618], [23.58204, 64.08544], [23.56764, 64.09726], [23.57484, 64.10739], [23.58564, 64.10908], [23.61444, 64.10402], [23.62164, 64.10739], [23.64324, 64.12428], [23.65764, 64.12934], [23.66124, 64.14285], [23.67924, 64.15467], [23.70444, 64.16649], [23.70804, 64.16818], [23.72244, 64.17831], [23.71524, 64.17831], [23.71884, 64.19351], [23.72604, 64.20871], [23.73684, 64.21546], [23.75844, 64.20871], [23.77284, 64.20871], [23.81964, 64.22053], [23.83404, 64.22728], [23.84124, 64.23572], [23.86284, 64.26781], [23.88084, 64.26612], [23.92404, 64.2543], [23.94204, 64.24755], [23.93484, 64.25768], [23.92764, 64.27119], [23.92404, 64.28469], [23.92764, 64.30158], [23.94204, 64.31678], [23.97084, 64.33535], [23.98524, 64.35055], [23.99604, 64.37925], [24.00324, 64.38939], [24.02484, 64.39783], [24.06804, 64.40627], [24.08604, 64.41471], [24.07884, 64.4316], [24.09324, 64.42991], [24.10404, 64.4316], [24.11484, 64.43498], [24.12564, 64.44173], [24.12924, 64.44004], [24.16884, 64.45186], [24.20484, 64.45186], [24.21204, 64.45524], [24.21204, 64.47381], [24.21204, 64.48057], [24.21924, 64.48732], [24.23004, 64.48901], [24.25884, 64.48563], [24.26964, 64.4907], [24.27684, 64.49745], [24.28044, 64.51096], [24.28764, 64.51434], [24.30564, 64.52278], [24.32724, 64.52447], [24.34524, 64.53123], [24.35964, 64.54811], [24.35964, 64.55487], [24.35604, 64.565], [24.35604, 64.57175], [24.37404, 64.58019], [24.37404, 64.58864], [24.37044, 64.59539], [24.36684, 64.59708], [24.37404, 64.61734], [24.38124, 64.62916], [24.41004, 64.65111], [24.41364, 64.65956], [24.41724, 64.668], [24.42444, 64.67644], [24.42804, 64.67813], [24.44244, 64.68151], [24.47124, 64.70008], [24.51085, 64.71022], [24.52885, 64.71866], [24.54685, 64.73386], [24.53605, 64.74399], [24.53245, 64.74736], [24.53245, 64.75412], [24.54325, 64.76425], [24.55765, 64.771], [24.58645, 64.78114], [24.55045, 64.79633], [24.53965, 64.80478], [24.55765, 64.80984], [24.57925, 64.80815], [24.65845, 64.78789], [24.66925, 64.78958], [24.67645, 64.79464], [24.67645, 64.79971], [24.66565, 64.80646], [24.66205, 64.81322], [24.66925, 64.8301], [24.69085, 64.83517], [24.73045, 64.83517], [24.73765, 64.85543], [24.77365, 64.86556], [24.89605, 64.87232], [25.07245, 64.91622], [25.09405, 64.91791], [25.11205, 64.91453], [25.12285, 64.9044], [25.13005, 64.89427], [25.14445, 64.88414], [25.15165, 64.88414], [25.15885, 64.88752], [25.16605, 64.8892], [25.17685, 64.88414], [25.18045, 64.88076], [25.18405, 64.86556], [25.18765, 64.8605], [25.20205, 64.84868], [25.21645, 64.84192], [25.23445, 64.83686], [25.25965, 64.83517], [25.25965, 64.8301], [25.24885, 64.8301], [25.24165, 64.82842], [25.22365, 64.82335], [25.25965, 64.8166], [25.35325, 64.8301], [25.36045, 64.83348], [25.34965, 64.85206], [25.35325, 64.8605], [25.36765, 64.89258], [25.36765, 64.89934], [25.36045, 64.91116], [25.34605, 64.91116], [25.33525, 64.90609], [25.32085, 64.9044], [25.30645, 64.90947], [25.28125, 64.92298], [25.24165, 64.92973], [25.22365, 64.93817], [25.19125, 64.96688], [25.19485, 64.97026], [25.20565, 64.97701], [25.21285, 64.98039], [25.20565, 64.98714], [25.22005, 64.99052], [25.32085, 64.98376], [25.33885, 64.97701], [25.37485, 64.96012], [25.40005, 64.95168], [25.42165, 64.9483], [25.43965, 64.95337], [25.44325, 64.96688], [25.43605, 64.98039], [25.42525, 64.98883], [25.41805, 64.99896], [25.42165, 65.01416], [25.41445, 65.01922], [25.41445, 65.02429], [25.41445, 65.02936], [25.41805, 65.03442], [25.39285, 65.04793], [25.38205, 65.05637], [25.37485, 65.0665], [25.37485, 65.07664], [25.37125, 65.08508], [25.36405, 65.09015], [25.35685, 65.0969], [25.32445, 65.11041], [25.21285, 65.12392], [25.22005, 65.14587], [25.22725, 65.156], [25.25965, 65.17289], [25.27405, 65.17964], [25.28125, 65.19146], [25.28485, 65.20497], [25.28125, 65.22017], [25.29205, 65.21848], [25.30285, 65.22017], [25.31725, 65.22185], [25.32805, 65.22692], [25.32085, 65.22861], [25.30645, 65.23199], [25.29925, 65.23367], [25.31005, 65.24887], [25.31365, 65.25394], [25.29565, 65.259], [25.28845, 65.26069], [25.28125, 65.26069], [25.29565, 65.27082], [25.30645, 65.30291], [25.32085, 65.31641], [25.31725, 65.31979], [25.31005, 65.32655], [25.30645, 65.32992], [25.31725, 65.33161], [25.32085, 65.3333], [25.33525, 65.34343], [25.26685, 65.3772], [25.28125, 65.38058], [25.30645, 65.38227], [25.32085, 65.38565], [25.33165, 65.39071], [25.34605, 65.40591], [25.35685, 65.41097], [25.34605, 65.42786], [25.35685, 65.46501], [25.35325, 65.48358], [25.32445, 65.50722], [25.29205, 65.5258], [25.22005, 65.55788], [25.19845, 65.56295], [25.16965, 65.56295], [25.14805, 65.55957], [25.12645, 65.56126], [25.10125, 65.57646], [25.09765, 65.5849], [25.09405, 65.59165], [25.09045, 65.59503], [25.08685, 65.60516], [25.07245, 65.6136], [25.06165, 65.61698], [25.03645, 65.6136], [25.02205, 65.62036], [25.00405, 65.62711], [24.95725, 65.62205], [24.93565, 65.62374], [24.92485, 65.63049], [24.90685, 65.64569], [24.89605, 65.65075], [24.86005, 65.6592], [24.82045, 65.66257], [24.78085, 65.6592], [24.74485, 65.65075], [24.71965, 65.63724], [24.70525, 65.63387], [24.68725, 65.63218], [24.67645, 65.63556], [24.67285, 65.64569], [24.66925, 65.68284], [24.66925, 65.69128], [24.65845, 65.69466], [24.59725, 65.70985], [24.58285, 65.71661], [24.56845, 65.73012], [24.55405, 65.74531], [24.55045, 65.76389], [24.56125, 65.78922], [24.57565, 65.80779], [24.63325, 65.86014], [24.64405, 65.87871], [24.65485, 65.88546], [24.66925, 65.89222], [24.69805, 65.89391], [24.70885, 65.89897], [24.70885, 65.91248], [24.69445, 65.90404], [24.64405, 65.89222], [24.63325, 65.89053], [24.62605, 65.89053], [24.61885, 65.88884], [24.61525, 65.88209], [24.61525, 65.87027], [24.61525, 65.86689], [24.61165, 65.86351], [24.58645, 65.85507], [24.54325, 65.80948], [24.51805, 65.79597], [24.49284, 65.79597], [24.47484, 65.79766], [24.45324, 65.79766], [24.43164, 65.78922], [24.42804, 65.78584], [24.42444, 65.78246], [24.42444, 65.7774], [24.41724, 65.77233], [24.40644, 65.76895], [24.35604, 65.77908], [24.32724, 65.79766], [24.31644, 65.80272], [24.27684, 65.80948], [24.23724, 65.82299], [24.24804, 65.80948], [24.25164, 65.79428], [24.24444, 65.78077], [24.22284, 65.77571], [24.20484, 65.77908], [24.18684, 65.7909], [24.17244, 65.80441], [24.16164, 65.81623], [24.16164, 65.82299], [24.16164, 65.84156], [24.12564, 65.86858], [24.10404, 65.90911], [24.07524, 65.92768], [24.05364, 65.94794], [24.05724, 65.96989], [24.05364, 65.98509], [24.02844, 66.03575], [24.02124, 66.04926], [24.01044, 66.05601], [23.98524, 66.06614], [23.97444, 66.0729], [23.96724, 66.08134], [23.91324, 66.14888], [23.88804, 66.1607], [23.78724, 66.1759], [23.75124, 66.18941], [23.72244, 66.20629], [23.69004, 66.25695], [23.67924, 66.28228], [23.66484, 66.30592], [23.66124, 66.31605], [23.66484, 66.32618], [23.67204, 66.33969], [23.67564, 66.34982], [23.67564, 66.36333], [23.67204, 66.38191], [23.66844, 66.39542], [23.66484, 66.40555], [23.64684, 66.42412], [23.64324, 66.43594], [23.65404, 66.45958], [23.67564, 66.47478], [23.70444, 66.48322], [23.72964, 66.4866], [23.72964, 66.50348], [23.75484, 66.51193], [23.78724, 66.51868], [23.80524, 66.52881], [23.80884, 66.53894], [23.86284, 66.55414], [23.88084, 66.56427], [23.89164, 66.57947], [23.89164, 66.59636], [23.88804, 66.61324], [23.88084, 66.63182], [23.89164, 66.6487], [23.89884, 66.66559], [23.90244, 66.68585], [23.90244, 66.70611], [23.89164, 66.74326], [23.89164, 66.75171], [23.92404, 66.77366], [23.93844, 66.79054], [23.96004, 66.79392], [23.98524, 66.79223], [23.99964, 66.79561], [24.00324, 66.80574], [23.99964, 66.81249], [23.96004, 66.86146], [23.93484, 66.88848], [23.91324, 66.90368], [23.87364, 66.92394], [23.81604, 66.97629], [23.79084, 66.98811], [23.76204, 66.99486], [23.74404, 67.00161], [23.71884, 67.01681], [23.68284, 67.04889], [23.67564, 67.05903], [23.67204, 67.06578], [23.67204, 67.07422], [23.66844, 67.08773], [23.66484, 67.09786], [23.65764, 67.10462], [23.64684, 67.10799], [23.62164, 67.12995], [23.60004, 67.14008], [23.58204, 67.15359], [23.57484, 67.17385], [23.58564, 67.1806], [23.59644, 67.19074], [23.60724, 67.20087], [23.61444, 67.21438], [23.59644, 67.21775], [23.59284, 67.22451], [23.59284, 67.24477], [23.60364, 67.25997], [23.62164, 67.26841], [23.73684, 67.29036], [23.76204, 67.30725], [23.78724, 67.33764], [23.75124, 67.34608], [23.75124, 67.36972], [23.76204, 67.39674], [23.76564, 67.42038], [23.75124, 67.42714], [23.72964, 67.4322], [23.66124, 67.43558], [23.59284, 67.45415], [23.55324, 67.45246], [23.51364, 67.44402], [23.47763, 67.44402], [23.44523, 67.46091], [23.43083, 67.48624], [23.44523, 67.50481], [23.46683, 67.5217], [23.48483, 67.54365], [23.47403, 67.55547], [23.49923, 67.5656], [23.53524, 67.57742], [23.55324, 67.58755], [23.54964, 67.61119], [23.54244, 67.62639], [23.51724, 67.65341], [23.51004, 67.6686], [23.49923, 67.70913], [23.48843, 67.72433], [23.48483, 67.73783], [23.48483, 67.79693], [23.48123, 67.8172], [23.47763, 67.84084], [23.48123, 67.86448], [23.49923, 67.88136], [23.53164, 67.89318], [23.60364, 67.90331], [23.63604, 67.91345], [23.66124, 67.93202], [23.66124, 67.95059], [23.64324, 67.96242], [23.57484, 67.97255], [23.48483, 68.01645], [23.45603, 68.02489], [23.38403, 68.05191], [23.37323, 68.06035], [23.36963, 68.0688], [23.33003, 68.1279], [23.31923, 68.13803], [23.30483, 68.14478], [23.27243, 68.14478], [23.18603, 68.12283], [23.16443, 68.12283], [23.15723, 68.1279], [23.15363, 68.1279], [23.15003, 68.12958], [23.15003, 68.13972], [23.15003, 68.14478], [23.15363, 68.15322], [23.16083, 68.17855], [23.15723, 68.187], [23.15003, 68.19375], [23.15363, 68.21739], [23.13923, 68.23428], [23.09603, 68.25623], [23.08163, 68.26467], [23.07803, 68.27311], [23.07443, 68.28156], [23.06723, 68.29], [23.05283, 68.29844], [22.90523, 68.33728], [22.87643, 68.35079], [22.83323, 68.38456], [22.80803, 68.39469], [22.74683, 68.38625], [22.71803, 68.39807], [22.68923, 68.41664], [22.66043, 68.42677], [22.64243, 68.42677], [22.62443, 68.42509], [22.60643, 68.42509], [22.56683, 68.43691], [22.52003, 68.43859], [22.45522, 68.4521], [22.37962, 68.45379], [22.37242, 68.45717], [22.37602, 68.46561], [22.37242, 68.46899], [22.30402, 68.47574], [22.07362, 68.47743], [22.03762, 68.48756], [22.03762, 68.49263], [22.03762, 68.49938], [22.03762, 68.50614], [22.03042, 68.50951], [22.02322, 68.5112], [22.01242, 68.51627], [21.99802, 68.5264], [21.96922, 68.5416], [21.96562, 68.54666], [21.91882, 68.56861], [21.73882, 68.58719], [21.71722, 68.61927], [21.66322, 68.63278], [21.57322, 68.66655], [21.49401, 68.67499], [21.46521, 68.68681], [21.45081, 68.69695], [21.42201, 68.72734], [21.41481, 68.73916], [21.40761, 68.74929], [21.38601, 68.75436], [21.31401, 68.75436], [21.30681, 68.75605], [21.29961, 68.75942], [21.29241, 68.76787], [21.28881, 68.76955], [21.27441, 68.77631], [21.21681, 68.81684], [21.15201, 68.84216], [21.07281, 68.86918], [20.90721, 68.89451], [20.88561, 68.90633], [20.88921, 68.92659], [20.91801, 68.93335], [20.93601, 68.94854], [20.93601, 68.96712], [20.91081, 68.98063], [20.86401, 68.98569], [20.79561, 69.01102], [20.67681, 69.01778], [20.62281, 69.03635], [20.71641, 69.09883], [20.74521, 69.10389], [21.03321, 69.04142], [21.07281, 69.03635], [21.09801, 69.0431], [21.15561, 69.08701], [21.03321, 69.18157], [21.06201, 69.21534], [21.08001, 69.23054], [21.09801, 69.23898], [21.31401, 69.29133], [21.63802, 69.27106], [21.66322, 69.26262], [21.94762, 69.06506], [22.02322, 69.01271], [22.16002, 68.9553], [22.17442, 68.94348], [22.18882, 68.91815], [22.19962, 68.90802], [22.27882, 68.85736], [22.35802, 68.83203], [22.37242, 68.8219], [22.39762, 68.73241], [22.40842, 68.71214], [22.43002, 68.71045], [22.54163, 68.72565], [22.57043, 68.72734], [22.59563, 68.72396], [22.85123, 68.67499], [23.02043, 68.68681], [23.07083, 68.68006], [23.09963, 68.66993], [23.17523, 68.62096], [23.19683, 68.61758], [23.48123, 68.68513], [23.64324, 68.69526], [23.73324, 68.71552], [23.76924, 68.75605], [23.78724, 68.79995], [23.85204, 68.81684], [23.92764, 68.81684], [24.13284, 68.77631], [24.16524, 68.75436], [24.18684, 68.74423], [24.33084, 68.70877], [24.48204, 68.6885], [24.66205, 68.66655], [24.75565, 68.63785], [24.83125, 68.59394], [24.86005, 68.56355], [24.87805, 68.55511], [24.90685, 68.55679], [24.92845, 68.5703], [24.93925, 68.58888], [24.95005, 68.60576], [24.98245, 68.61589], [25.00765, 68.61421], [25.07245, 68.63109], [25.09765, 68.63447], [25.11925, 68.63785], [25.13365, 68.64798], [25.14445, 68.66824], [25.13365, 68.67668], [25.13365, 68.68344], [25.13725, 68.6885], [25.14445, 68.69526], [25.14445, 68.74254], [25.14805, 68.76449], [25.16245, 68.78475], [25.20205, 68.81346], [25.38565, 68.87425], [25.43245, 68.88438], [25.48285, 68.88776], [25.60166, 68.87256], [25.62686, 68.87425], [25.65206, 68.88269], [25.66646, 68.89789], [25.67726, 68.91308], [25.69526, 68.9249], [25.72766, 68.94179], [25.73846, 68.95192], [25.74206, 68.96543], [25.75286, 68.97894], [25.79606, 68.99414], [25.80326, 69.00596], [25.79966, 69.01271], [25.79246, 69.01778], [25.77446, 69.02622], [25.76726, 69.03128], [25.76366, 69.03466], [25.76726, 69.03973], [25.76366, 69.0431], [25.74926, 69.05999], [25.74926, 69.06506], [25.75646, 69.07519], [25.76006, 69.08194], [25.76006, 69.11571], [25.76366, 69.11909], [25.76726, 69.12247], [25.77086, 69.12753], [25.77086, 69.13429], [25.76726, 69.14273], [25.75646, 69.15962], [25.74926, 69.16468], [25.73486, 69.1917], [25.73846, 69.21872], [25.77446, 69.29808], [25.78526, 69.31328], [25.87886, 69.37069], [25.87166, 69.37913], [25.84286, 69.41797], [25.86446, 69.44161], [25.87886, 69.44667], [25.88606, 69.45512], [25.88606, 69.47876], [25.89326, 69.49058], [25.90766, 69.5024], [25.90046, 69.50915], [25.88966, 69.51422], [25.88606, 69.52097], [25.90046, 69.53279], [25.96166, 69.54799], [25.98686, 69.56487], [26.00486, 69.58683], [26.00486, 69.61047], [25.97966, 69.63411], [25.96526, 69.64255], [25.96166, 69.65268], [25.96886, 69.66281], [25.97966, 69.67463], [26.00486, 69.68983], [26.03366, 69.69658], [26.18126, 69.71178], [26.19926, 69.71516], [26.21006, 69.7236], [26.22446, 69.73204], [26.26766, 69.75906], [26.31806, 69.79452], [26.41886, 69.83505], [26.44766, 69.85531], [26.43686, 69.87388], [26.44766, 69.88233], [26.48006, 69.89921], [26.50167, 69.91779], [26.53407, 69.92454], [26.70687, 69.93467], [26.77167, 69.92792], [26.86527, 69.93805], [26.89407, 69.93467], [26.95167, 69.91948], [26.98047, 69.92285], [27.00927, 69.92285], [27.08127, 69.90259], [27.09927, 69.90259], [27.31167, 69.92961], [27.35127, 69.94818], [27.34407, 69.95156], [27.32967, 69.95662], [27.32247, 69.96], [27.33327, 69.96844], [27.34767, 69.97182], [27.36567, 69.97182], [27.38007, 69.97351], [27.44487, 70.0039], [27.56368, 70.02417], [27.57088, 70.04105], [27.61408, 70.06132], [27.66448, 70.06807], [27.79048, 70.05963], [27.86608, 70.07483], [27.89848, 70.07145], [27.92728, 70.05287], [27.98128, 70.00897], [28.16848, 69.89415], [28.19008, 69.8857], [28.38088, 69.857], [28.38088, 69.82154], [28.40608, 69.80296], [28.44208, 69.79114], [28.48168, 69.78608], [28.80569, 69.73036], [29.12969, 69.67463], [29.14769, 69.6645], [29.20169, 69.58683], [29.34569, 69.46356], [29.23049, 69.37744], [28.86329, 69.21703], [28.85249, 69.20352], [28.84529, 69.18157], [28.82729, 69.10727], [28.82729, 69.09038], [28.83809, 69.08025], [28.95329, 69.02791], [28.83449, 68.984], [28.71209, 68.96881], [28.45648, 68.89958], [28.40968, 68.89789], [28.41328, 68.87931], [28.42768, 68.87087], [28.44568, 68.8658], [28.64729, 68.87087], [28.72649, 68.8658], [28.80209, 68.83541], [28.74809, 68.75942], [28.71569, 68.72734]]], [[[24.81685, 64.96857], [24.80605, 64.96688], [24.79165, 64.96688], [24.78085, 64.96688], [24.77005, 64.9635], [24.76285, 64.95675], [24.75205, 64.95337], [24.73405, 64.95168], [24.71245, 64.95168], [24.70165, 64.95844], [24.70885, 64.97363], [24.70525, 64.97701], [24.69805, 64.98714], [24.68365, 64.99727], [24.65845, 64.97194], [24.63325, 64.96857], [24.59725, 64.99221], [24.57925, 65.00909], [24.56845, 65.0226], [24.56125, 65.0378], [24.58645, 65.04962], [24.65485, 65.08001], [24.74125, 65.08339], [24.83485, 65.09521], [24.88165, 65.08677], [24.89605, 65.07326], [24.87445, 65.0665], [24.88165, 65.05975], [24.90685, 65.05975], [24.93565, 65.05975], [24.99325, 65.05468], [25.03285, 65.05806], [25.06165, 65.04286], [25.02925, 65.03442], [24.96085, 65.03442], [24.87805, 65.04455], [24.82045, 65.04286], [24.80245, 65.02429], [24.72325, 65.00403], [24.75205, 64.97532], [24.81325, 64.9787], [24.82765, 64.97363], [24.81685, 64.96857]]]]}}, {"type": "Feature", "properties": {"name_en": "Denmark", "name_zh": "丹麥", "iso_n3": "208"}, "geometry": {"type": "MultiPolygon", "coordinates": [[[[10.51751, 54.8523], [10.4419, 54.84217], [10.4203, 54.82866], [10.4059, 54.82528], [10.3843, 54.83035], [10.2115, 54.94011], [10.1935, 54.96206], [10.1899, 54.97726], [10.2043, 54.96881], [10.2871, 54.94011], [10.3123, 54.92829], [10.3375, 54.90634], [10.3483, 54.8962], [10.3627, 54.89283], [10.3807, 54.89283], [10.3915, 54.8962], [10.3951, 54.90296], [10.3879, 54.91984], [10.4023, 54.90802], [10.4167, 54.87932], [10.4275, 54.87256], [10.4455, 54.87256], [10.4599, 54.87425], [10.4635, 54.8827], [10.4491, 54.89958], [10.4671, 54.89114], [10.4851, 54.88438], [10.4995, 54.87425], [10.4995, 54.85906], [10.50671, 54.85568], [10.51751, 54.8523]]], [[[10.74071, 54.75268], [10.72991, 54.74085], [10.71911, 54.73579], [10.69391, 54.73579], [10.68311, 54.74423], [10.65791, 54.80333], [10.64711, 54.81515], [10.63271, 54.8236], [10.60031, 54.83879], [10.62551, 54.83879], [10.63991, 54.84386], [10.65431, 54.8523], [10.66871, 54.86581], [10.67951, 54.8827], [10.68311, 54.88776], [10.69391, 54.8827], [10.69751, 54.88101], [10.72271, 54.88607], [10.72271, 54.8962], [10.71911, 54.90802], [10.70831, 54.90296], [10.70111, 54.90127], [10.69031, 54.90296], [10.68311, 54.90802], [10.69751, 54.93166], [10.71911, 54.94855], [10.77311, 54.98739], [10.79831, 54.99583], [10.85591, 55.04311], [10.86311, 55.07182], [10.89551, 55.12078], [10.93511, 55.15962], [10.95671, 55.15456], [10.90991, 55.0296], [10.88831, 54.99752], [10.83791, 54.93673], [10.74071, 54.75268]]], [[[9.9667, 54.85906], [9.9523, 54.86243], [9.9379, 54.87088], [9.8911, 54.87932], [9.8731, 54.88607], [9.8731, 54.89283], [9.9019, 54.90127], [9.9307, 54.89283], [9.9631, 54.87932], [9.9919, 54.87256], [9.9919, 54.87932], [9.9451, 54.90296], [9.8983, 54.91309], [9.8875, 54.91309], [9.8767, 54.9114], [9.8623, 54.90296], [9.8551, 54.89958], [9.8155, 54.90127], [9.7795, 54.91647], [9.7615, 54.94348], [9.7651, 54.97557], [9.7579, 54.97557], [9.7579, 54.98232], [9.7795, 54.97219], [9.8047, 54.95699], [9.8263, 54.94517], [9.8479, 54.94855], [9.8443, 54.95193], [9.8371, 54.95868], [9.8335, 54.96544], [9.8371, 54.96881], [9.8407, 54.9705], [9.8335, 54.97557], [9.7939, 54.99245], [9.7867, 55.0009], [9.7975, 55.00934], [9.7975, 55.01609], [9.7219, 55.01272], [9.7075, 55.01272], [9.6967, 55.01778], [9.6859, 55.01778], [9.6751, 55.02116], [9.6679, 55.0296], [9.6715, 55.03467], [9.6895, 55.04311], [9.6967, 55.04986], [9.6787, 55.04986], [9.6607, 55.04649], [9.6463, 55.0448], [9.6283, 55.04986], [9.6283, 55.05831], [9.7183, 55.08195], [9.7507, 55.08532], [9.7939, 55.08026], [9.8515, 55.03973], [9.8839, 55.0296], [9.9307, 55.02622], [9.9595, 55.0144], [9.9883, 54.99752], [10.0099, 54.97557], [10.0243, 54.96037], [10.0639, 54.89114], [10.0639, 54.88101], [10.0495, 54.87932], [10.0207, 54.87932], [10.0063, 54.87425], [9.9883, 54.86581], [9.9667, 54.85906]]], [[[10.4779, 55.04311], [10.4095, 55.04649], [10.3879, 55.04986], [10.3807, 55.05493], [10.3699, 55.05831], [10.3627, 55.06337], [10.3519, 55.06506], [10.3267, 55.06337], [10.3123, 55.06337], [10.2331, 55.09208], [10.2043, 55.09377], [10.1971, 55.08532], [10.1971, 55.06506], [10.1827, 55.07013], [10.1575, 55.08701], [10.1431, 55.09208], [10.1215, 55.09208], [10.0819, 55.08701], [10.0675, 55.09208], [10.1431, 55.12585], [10.1575, 55.13936], [10.1395, 55.15456], [10.1251, 55.17144], [10.1143, 55.18326], [10.0927, 55.18833], [10.0783, 55.18664], [10.0675, 55.18157], [10.0567, 55.17989], [10.0387, 55.18157], [10.0171, 55.19508], [10.0027, 55.19677], [9.9919, 55.18833], [9.9955, 55.17313], [10.0279, 55.14274], [10.0243, 55.12585], [10.0207, 55.12416], [9.9847, 55.12754], [9.9847, 55.13092], [9.9847, 55.13429], [9.9847, 55.13936], [9.9883, 55.13936], [9.9883, 55.14274], [9.9883, 55.15118], [9.9739, 55.17482], [9.9703, 55.18495], [9.9739, 55.19508], [9.9811, 55.20521], [9.9811, 55.21366], [9.9631, 55.21872], [9.9235, 55.22379], [9.9127, 55.22885], [9.9019, 55.23392], [9.8947, 55.23899], [9.8947, 55.24405], [9.8839, 55.25418], [9.8803, 55.25925], [9.8839, 55.266], [9.8947, 55.27445], [9.8947, 55.27951], [9.8947, 55.29133], [9.8839, 55.30822], [9.8803, 55.31497], [9.8839, 55.34874], [9.8731, 55.35381], [9.8587, 55.35381], [9.8299, 55.35212], [9.8155, 55.3555], [9.8011, 55.36225], [9.7795, 55.38083], [9.7939, 55.3842], [9.8119, 55.38589], [9.8299, 55.38927], [9.8407, 55.3994], [9.7867, 55.4146], [9.7939, 55.41291], [9.8191, 55.4146], [9.8083, 55.42473], [9.7903, 55.43148], [9.7507, 55.43486], [9.7363, 55.43824], [9.7039, 55.46188], [9.7039, 55.46863], [9.7291, 55.46188], [9.7579, 55.44668], [9.7867, 55.43655], [9.8119, 55.44161], [9.7147, 55.49058], [9.6751, 55.49565], [9.6823, 55.50578], [9.6931, 55.51085], [9.7039, 55.51253], [9.7183, 55.5176], [9.7543, 55.54462], [9.8083, 55.54968], [9.8263, 55.54799], [9.8299, 55.54293], [9.8299, 55.53449], [9.8407, 55.52435], [9.8875, 55.50916], [9.9415, 55.51929], [10.0387, 55.55813], [10.1683, 55.58177], [10.2115, 55.60034], [10.2367, 55.60541], [10.2655, 55.6071], [10.2727, 55.60541], [10.2727, 55.60203], [10.2799, 55.58852], [10.2799, 55.58514], [10.2943, 55.58852], [10.2979, 55.59528], [10.2943, 55.61554], [10.3087, 55.61892], [10.3375, 55.61047], [10.4059, 55.58346], [10.4239, 55.57164], [10.4347, 55.55981], [10.4455, 55.55306], [10.4527, 55.54968], [10.4707, 55.54968], [10.4887, 55.54631], [10.51751, 55.5328], [10.50311, 55.53786], [10.4851, 55.53786], [10.4743, 55.5328], [10.4707, 55.52098], [10.4743, 55.51591], [10.4887, 55.50916], [10.4923, 55.5024], [10.4851, 55.49396], [10.4779, 55.49227], [10.4671, 55.49227], [10.4563, 55.48889], [10.4203, 55.4585], [10.4347, 55.44161], [10.4707, 55.4433], [10.4923, 55.46525], [10.50311, 55.46357], [10.56791, 55.48214], [10.60391, 55.48889], [10.60751, 55.49227], [10.60751, 55.49903], [10.60391, 55.50578], [10.59671, 55.50916], [10.58951, 55.51085], [10.57871, 55.51422], [10.57151, 55.51929], [10.56791, 55.52435], [10.57151, 55.5328], [10.58231, 55.52942], [10.59671, 55.52098], [10.60031, 55.5176], [10.61471, 55.52773], [10.61111, 55.54293], [10.60031, 55.5615], [10.59311, 55.57839], [10.60031, 55.57332], [10.61471, 55.56488], [10.61471, 55.58177], [10.60751, 55.6071], [10.60751, 55.61216], [10.62911, 55.61385], [10.65791, 55.59528], [10.70471, 55.54968], [10.70471, 55.54462], [10.70831, 55.53449], [10.70831, 55.52773], [10.71551, 55.52435], [10.71551, 55.52098], [10.73711, 55.50916], [10.74431, 55.49565], [10.74071, 55.48721], [10.73351, 55.48214], [10.70471, 55.47032], [10.65791, 55.46019], [10.58951, 55.46357], [10.57151, 55.46188], [10.56071, 55.45512], [10.55351, 55.4433], [10.56431, 55.43655], [10.57871, 55.43655], [10.59311, 55.44161], [10.58951, 55.44668], [10.58951, 55.45006], [10.59671, 55.46019], [10.61471, 55.45681], [10.68311, 55.44837], [10.69751, 55.43993], [10.79831, 55.35887], [10.80191, 55.35043], [10.82711, 55.30653], [10.83431, 55.28964], [10.82711, 55.28964], [10.81631, 55.30146], [10.79831, 55.30822], [10.78031, 55.30484], [10.77311, 55.28627], [10.78031, 55.27445], [10.80551, 55.25081], [10.81271, 55.23561], [10.81631, 55.21366], [10.81271, 55.19508], [10.80551, 55.1782], [10.79111, 55.15624], [10.78751, 55.14949], [10.78751, 55.12923], [10.78391, 55.12416], [10.75871, 55.10559], [10.74791, 55.09377], [10.74431, 55.08195], [10.73351, 55.07182], [10.71911, 55.06506], [10.70471, 55.06337], [10.66511, 55.06506], [10.62191, 55.06506], [10.60391, 55.06337], [10.58591, 55.05831], [10.56791, 55.04986], [10.55711, 55.03973], [10.53911, 55.0296], [10.51751, 55.03129], [10.4779, 55.04311]]], [[[8.41148, 55.43824], [8.42948, 55.43317], [8.44748, 55.43486], [8.46188, 55.42811], [8.46188, 55.41629], [8.45108, 55.39265], [8.45468, 55.3842], [8.46188, 55.37238], [8.46908, 55.35381], [8.47628, 55.34537], [8.45108, 55.3403], [8.42588, 55.3555], [8.40068, 55.38083], [8.37188, 55.42811], [8.36468, 55.44837], [8.37548, 55.46357], [8.40788, 55.46863], [8.41148, 55.43824]]], [[[10.51751, 55.97689], [10.52831, 55.98871], [10.54271, 55.99716], [10.55711, 55.99547], [10.56431, 55.95325], [10.57871, 55.93637], [10.60391, 55.92455], [10.62911, 55.92117], [10.61831, 55.91104], [10.61471, 55.90091], [10.61471, 55.88909], [10.62191, 55.88064], [10.63991, 55.86545], [10.65071, 55.87051], [10.65791, 55.88064], [10.66511, 55.8874], [10.66871, 55.88064], [10.65431, 55.86545], [10.62911, 55.84518], [10.62191, 55.8283], [10.62551, 55.79453], [10.61471, 55.77764], [10.58231, 55.75907], [10.54631, 55.76582], [10.52111, 55.78777], [10.51031, 55.82492], [10.51751, 55.84518], [10.52831, 55.85363], [10.54271, 55.85869], [10.56071, 55.86545], [10.57151, 55.87896], [10.58231, 55.89415], [10.57871, 55.91104], [10.56791, 55.92792], [10.54991, 55.93637], [10.52831, 55.94143], [10.51391, 55.95156], [10.51751, 55.97689]]], [[[8.65629, 55.08195], [8.67069, 55.10728], [8.68149, 55.1326], [8.57709, 55.14442], [8.56269, 55.14274], [8.55909, 55.13429], [8.55909, 55.09714], [8.55189, 55.09208], [8.54109, 55.09039], [8.53029, 55.08195], [8.51589, 55.07013], [8.49788, 55.06506], [8.48348, 55.06844], [8.46908, 55.07857], [8.45828, 55.1039], [8.46188, 55.12754], [8.46548, 55.15118], [8.46908, 55.1782], [8.49068, 55.19677], [8.53029, 55.20015], [8.57349, 55.19339], [8.59509, 55.18157], [8.58069, 55.1782], [8.56989, 55.17313], [8.55189, 55.16131], [8.55549, 55.14949], [8.61309, 55.14442], [8.67069, 55.13767], [8.68869, 55.14105], [8.68869, 55.16131], [8.66709, 55.19508], [8.65629, 55.2373], [8.64909, 55.27951], [8.64909, 55.29133], [8.65989, 55.30653], [8.65989, 55.31497], [8.65989, 55.32679], [8.64909, 55.35212], [8.63829, 55.39771], [8.63109, 55.41797], [8.61669, 55.43824], [8.59149, 55.45006], [8.55549, 55.45512], [8.49068, 55.45512], [8.44028, 55.46357], [8.40068, 55.48552], [8.31068, 55.56319], [8.31068, 55.56995], [8.33228, 55.57164], [8.33228, 55.57839], [8.31428, 55.58346], [8.28908, 55.58346], [8.26748, 55.58008], [8.24948, 55.57164], [8.23868, 55.55813], [8.24228, 55.54799], [8.27108, 55.53111], [8.26388, 55.52942], [8.25668, 55.52604], [8.24228, 55.5176], [8.26748, 55.51422], [8.29268, 55.50409], [8.31788, 55.48889], [8.32508, 55.47201], [8.31428, 55.46863], [8.19188, 55.52604], [8.17028, 55.53449], [8.10908, 55.53955], [8.09468, 55.54968], [8.09468, 55.56319], [8.14868, 55.64931], [8.17028, 55.68815], [8.18108, 55.72867], [8.18468, 55.7692], [8.13428, 55.96676], [8.13068, 55.97689], [8.12708, 55.97858], [8.12708, 55.98365], [8.12708, 55.98703], [8.13068, 55.9904], [8.13788, 55.98871], [8.13788, 55.98534], [8.14148, 55.98365], [8.14508, 55.98196], [8.15228, 55.97689], [8.17388, 55.90091], [8.19188, 55.87389], [8.19548, 55.86207], [8.19188, 55.85363], [8.18468, 55.84012], [8.18108, 55.8283], [8.18468, 55.81479], [8.19188, 55.81141], [8.23868, 55.82661], [8.28548, 55.84687], [8.30708, 55.85194], [8.34668, 55.86882], [8.38628, 55.89246], [8.39348, 55.90935], [8.38628, 55.92624], [8.37188, 55.94312], [8.35748, 55.95832], [8.31788, 55.98534], [8.31788, 56.01742], [8.30708, 56.05288], [8.28188, 56.07652], [8.24948, 56.09003], [8.17028, 56.11029], [8.14868, 56.11198], [8.14148, 56.10354], [8.14148, 56.05963], [8.14148, 56.03937], [8.13428, 56.01742], [8.13788, 56.00053], [8.13428, 55.99378], [8.11988, 55.99716], [8.11628, 56.00222], [8.11268, 56.01235], [8.10908, 56.02417], [8.10188, 56.09678], [8.10548, 56.11873], [8.13068, 56.18121], [8.13428, 56.20485], [8.12348, 56.55101], [8.12708, 56.5679], [8.13428, 56.58647], [8.17748, 56.67259], [8.19908, 56.6996], [8.21348, 56.71142], [8.22068, 56.70974], [8.22428, 56.6996], [8.23148, 56.69623], [8.23148, 56.68778], [8.20988, 56.6557], [8.20268, 56.64726], [8.20268, 56.6405], [8.20988, 56.63713], [8.21348, 56.63544], [8.23148, 56.63375], [8.23508, 56.63037], [8.24228, 56.62024], [8.24588, 56.61011], [8.25308, 56.60673], [8.29628, 56.60167], [8.30708, 56.59829], [8.29268, 56.59322], [8.29628, 56.58309], [8.29268, 56.5679], [8.29988, 56.55776], [8.30708, 56.55439], [8.31428, 56.55608], [8.31788, 56.56283], [8.31068, 56.57127], [8.31068, 56.57803], [8.34308, 56.58478], [8.39348, 56.58478], [8.43668, 56.57972], [8.45468, 56.5679], [8.46548, 56.56621], [8.51589, 56.54426], [8.53029, 56.54763], [8.54109, 56.55608], [8.55189, 56.5679], [8.55909, 56.57803], [8.56629, 56.57803], [8.59509, 56.53244], [8.59509, 56.52399], [8.59149, 56.52062], [8.59509, 56.51048], [8.60229, 56.50035], [8.61669, 56.4936], [8.63829, 56.48009], [8.64909, 56.47502], [8.66709, 56.47671], [8.72829, 56.48347], [8.73189, 56.48516], [8.73909, 56.49022], [8.74269, 56.49698], [8.74269, 56.50711], [8.74269, 56.5223], [8.74629, 56.53075], [8.74989, 56.5527], [8.75349, 56.55776], [8.76069, 56.55945], [8.76429, 56.56283], [8.75709, 56.57127], [8.72829, 56.58647], [8.71749, 56.58647], [8.71029, 56.58816], [8.70309, 56.59322], [8.70309, 56.60167], [8.69949, 56.6118], [8.68149, 56.61686], [8.68149, 56.627], [8.69589, 56.63375], [8.74269, 56.63544], [8.80389, 56.69623], [8.82189, 56.6996], [8.86149, 56.70805], [8.91549, 56.70805], [8.91909, 56.71142], [8.89389, 56.71649], [8.85069, 56.71649], [8.83989, 56.72156], [8.85069, 56.74013], [8.86509, 56.75533], [8.87589, 56.76377], [8.90829, 56.77728], [8.95509, 56.80261], [8.97309, 56.80598], [8.98389, 56.8043], [9.00189, 56.79923], [9.01629, 56.79754], [9.02709, 56.79923], [9.03429, 56.8043], [9.03789, 56.80936], [9.04509, 56.81274], [9.06309, 56.81274], [9.08469, 56.80767], [9.10629, 56.80092], [9.11349, 56.78741], [9.12069, 56.76377], [9.13509, 56.75026], [9.14949, 56.74013], [9.16389, 56.73], [9.17469, 56.70805], [9.14949, 56.70467], [9.11709, 56.67934], [9.09189, 56.67428], [9.09189, 56.66752], [9.09909, 56.65908], [9.08829, 56.64895], [9.05949, 56.63375], [9.04869, 56.62024], [9.04869, 56.60673], [9.05229, 56.57465], [9.05949, 56.56621], [9.07749, 56.5679], [9.09189, 56.57803], [9.10629, 56.61011], [9.12069, 56.61349], [9.13869, 56.6118], [9.15669, 56.61349], [9.14949, 56.62193], [9.14229, 56.62531], [9.13149, 56.62531], [9.12069, 56.62024], [9.12789, 56.63206], [9.13509, 56.63882], [9.14229, 56.64726], [9.14949, 56.66077], [9.15669, 56.66077], [9.14949, 56.63882], [9.17469, 56.63544], [9.21069, 56.63882], [9.23229, 56.63713], [9.24669, 56.63206], [9.26109, 56.63375], [9.27549, 56.63375], [9.28629, 56.62024], [9.28269, 56.61011], [9.26109, 56.59154], [9.25029, 56.57803], [9.26109, 56.57634], [9.26469, 56.57127], [9.26469, 56.56621], [9.27189, 56.55776], [9.27909, 56.5527], [9.30429, 56.54426], [9.31149, 56.54088], [9.31149, 56.53581], [9.31509, 56.53075], [9.32589, 56.53075], [9.34029, 56.54763], [9.34749, 56.5527], [9.36189, 56.54426], [9.37269, 56.5527], [9.37269, 56.56621], [9.35109, 56.57127], [9.31869, 56.56114], [9.31869, 56.55945], [9.31149, 56.55776], [9.30069, 56.55776], [9.29349, 56.56114], [9.29349, 56.56621], [9.29709, 56.57127], [9.30069, 56.60842], [9.31869, 56.6405], [9.32589, 56.66921], [9.30429, 56.69623], [9.29709, 56.70129], [9.28989, 56.70467], [9.27189, 56.70298], [9.23229, 56.69285], [9.22149, 56.68441], [9.19989, 56.67596], [9.17829, 56.67596], [9.16749, 56.68947], [9.18189, 56.70129], [9.22509, 56.71649], [9.23589, 56.73338], [9.24309, 56.74688], [9.23949, 56.75364], [9.21429, 56.7587], [9.20349, 56.76377], [9.19629, 56.77052], [9.18909, 56.77728], [9.18549, 56.78403], [9.17829, 56.79416], [9.17469, 56.80598], [9.17469, 56.81781], [9.18189, 56.82118], [9.20349, 56.84145], [9.20709, 56.84651], [9.21069, 56.85158], [9.21069, 56.8634], [9.20709, 56.87522], [9.19989, 56.88028], [9.18909, 56.88197], [9.17829, 56.88535], [9.16389, 56.89379], [9.18189, 56.91912], [9.19989, 56.93938], [9.22149, 56.95458], [9.25029, 56.97315], [9.25749, 56.97484], [9.26469, 56.97653], [9.27549, 56.97653], [9.27909, 56.97991], [9.28629, 56.99342], [9.28989, 56.99679], [9.43749, 57.02381], [9.46989, 57.02381], [9.5851, 56.99679], [9.5851, 56.99004], [9.5743, 56.98497], [9.5743, 56.97822], [9.5815, 56.97315], [9.5959, 56.96978], [9.6067, 56.96978], [9.6175, 56.97484], [9.6535, 57.00693], [9.6715, 57.0255], [9.6895, 57.03901], [9.7291, 57.04745], [9.7615, 57.05927], [9.8083, 57.05252], [9.9163, 57.05927], [9.8551, 57.08798], [9.8263, 57.09473], [9.8047, 57.10486], [9.7939, 57.10655], [9.7867, 57.10317], [9.7507, 57.07785], [9.7327, 57.06603], [9.7111, 57.06096], [9.6931, 57.0694], [9.6751, 57.07953], [9.6571, 57.07616], [9.6211, 57.05927], [9.5815, 57.04914], [9.49509, 57.04914], [9.26469, 57.00355], [9.24669, 57.00186], [9.22509, 57.00693], [9.11349, 57.05927], [9.12069, 57.04576], [9.11349, 57.03901], [9.08109, 57.03057], [9.05589, 57.02043], [9.04149, 57.01706], [9.02709, 57.01706], [9.03069, 57.02381], [9.01269, 57.03057], [8.99829, 57.02888], [8.98029, 57.02043], [8.96229, 57.0103], [8.94789, 57.01199], [8.92629, 57.00017], [8.90829, 56.98835], [8.90109, 56.98666], [8.89389, 57.00017], [8.87229, 57.00524], [8.85069, 57.00355], [8.83269, 56.99679], [8.84709, 56.98835], [8.81109, 56.96978], [8.76069, 56.95627], [8.72469, 56.96133], [8.70309, 56.95796], [8.67789, 56.95289], [8.66709, 56.94614], [8.66349, 56.92587], [8.64909, 56.91405], [8.63469, 56.90561], [8.62029, 56.89379], [8.61669, 56.86509], [8.61309, 56.8634], [8.61309, 56.85495], [8.60949, 56.84989], [8.60229, 56.84482], [8.56989, 56.81781], [8.54829, 56.81781], [8.53749, 56.81443], [8.53029, 56.80936], [8.52309, 56.8043], [8.50869, 56.80092], [8.49068, 56.79416], [8.48348, 56.78066], [8.49068, 56.74688], [8.49068, 56.73169], [8.47628, 56.72156], [8.47628, 56.71649], [8.51589, 56.71818], [8.52669, 56.71649], [8.53389, 56.70298], [8.52669, 56.69454], [8.51229, 56.68947], [8.50149, 56.68947], [8.49068, 56.69116], [8.46548, 56.6996], [8.45468, 56.70298], [8.44028, 56.6996], [8.42228, 56.69116], [8.40788, 56.68947], [8.40788, 56.68103], [8.45468, 56.68947], [8.46908, 56.6861], [8.49068, 56.67765], [8.50149, 56.67428], [8.56989, 56.69116], [8.58789, 56.68947], [8.58789, 56.68103], [8.58789, 56.66246], [8.58789, 56.65401], [8.60229, 56.6405], [8.60949, 56.63037], [8.59149, 56.61686], [8.58429, 56.61011], [8.56989, 56.60673], [8.55549, 56.60504], [8.54829, 56.60167], [8.54829, 56.59829], [8.55909, 56.59322], [8.54109, 56.59322], [8.51229, 56.60673], [8.48708, 56.62531], [8.47628, 56.63713], [8.46908, 56.65232], [8.44388, 56.66414], [8.41508, 56.67259], [8.38988, 56.67428], [8.37188, 56.68103], [8.35388, 56.69285], [8.33228, 56.70805], [8.31788, 56.72156], [8.30708, 56.7587], [8.30348, 56.76377], [8.28908, 56.76715], [8.26028, 56.77728], [8.24228, 56.77728], [8.25668, 56.74013], [8.26388, 56.71818], [8.26028, 56.70467], [8.24588, 56.70467], [8.23868, 56.72493], [8.23508, 56.77052], [8.24948, 56.81274], [8.27108, 56.84313], [8.45108, 57.00355], [8.50509, 57.03394], [8.58789, 57.10655], [8.61669, 57.12344], [8.65269, 57.12175], [8.73549, 57.10655], [8.78229, 57.10486], [8.87589, 57.11668], [8.91549, 57.12681], [8.96229, 57.15721], [8.98029, 57.16059], [9.23229, 57.14032], [9.32229, 57.14708], [9.41229, 57.16565], [9.49869, 57.19773], [9.5743, 57.24333], [9.7867, 57.45946], [9.8263, 57.48986], [9.8947, 57.53207], [9.9307, 57.56753], [9.9415, 57.5726], [9.9667, 57.59117], [10.0171, 57.59624], [10.1071, 57.59286], [10.1971, 57.6013], [10.2799, 57.62157], [10.3519, 57.64859], [10.4707, 57.71782], [10.53911, 57.74315], [10.56431, 57.7499], [10.59671, 57.75159], [10.62551, 57.74821], [10.65071, 57.73639], [10.59311, 57.72626], [10.54271, 57.69924], [10.4599, 57.63001], [10.4311, 57.57091], [10.4599, 57.52532], [10.51031, 57.48479], [10.54631, 57.43582], [10.51751, 57.39192], [10.51751, 57.33958], [10.53911, 57.23657], [10.52111, 57.22137], [10.4707, 57.20111], [10.4455, 57.18423], [10.4131, 57.1437], [10.3951, 57.11668], [10.3843, 57.07447], [10.3591, 57.0255], [10.3483, 57.0103], [10.3375, 57.00355], [10.3303, 57.00017], [10.3195, 56.99679], [10.2727, 56.99848], [10.2583, 56.99511], [10.2403, 56.99342], [10.1575, 57.02381], [10.0927, 57.06096], [10.0531, 57.0694], [10.0207, 57.08798], [9.9955, 57.09304], [9.9739, 57.08629], [9.9451, 57.06096], [9.9271, 57.05927], [9.9451, 57.05758], [9.9667, 57.07278], [9.9847, 57.07953], [10.0027, 57.0846], [10.0243, 57.07953], [10.1215, 57.02212], [10.1539, 57.01368], [10.1935, 56.99342], [10.2151, 56.99004], [10.2943, 56.98835], [10.3123, 56.98329], [10.2871, 56.96302], [10.2799, 56.95627], [10.2763, 56.94276], [10.2691, 56.91574], [10.2655, 56.9073], [10.2727, 56.8921], [10.2835, 56.83976], [10.2871, 56.80092], [10.2943, 56.77897], [10.3195, 56.73675], [10.3267, 56.73], [10.3375, 56.72324], [10.3411, 56.71818], [10.3267, 56.70805], [10.3195, 56.70805], [10.2943, 56.7148], [10.2835, 56.71649], [10.2367, 56.71649], [10.2223, 56.71142], [10.2043, 56.70298], [10.1863, 56.71142], [10.1683, 56.71987], [10.1467, 56.72156], [10.1215, 56.71649], [10.0999, 56.70636], [10.0891, 56.70467], [10.0747, 56.70298], [10.0567, 56.69792], [10.0279, 56.68441], [9.9919, 56.67765], [9.9451, 56.65739], [9.8047, 56.64726], [9.8047, 56.6405], [9.8515, 56.63544], [10.0027, 56.66077], [10.0351, 56.67259], [10.0495, 56.67428], [10.0531, 56.67765], [10.0531, 56.68103], [10.0567, 56.6861], [10.0639, 56.68947], [10.0711, 56.68778], [10.0855, 56.68272], [10.0891, 56.68103], [10.0999, 56.68272], [10.1143, 56.6861], [10.1251, 56.69285], [10.1287, 56.6996], [10.1359, 56.71311], [10.1503, 56.7148], [10.1827, 56.70805], [10.1791, 56.70467], [10.1755, 56.69623], [10.1935, 56.69285], [10.2403, 56.68778], [10.2835, 56.68947], [10.3087, 56.6996], [10.3339, 56.70467], [10.3519, 56.68103], [10.3591, 56.64895], [10.3411, 56.62024], [10.2727, 56.59154], [10.2223, 56.56114], [10.2151, 56.55776], [10.2079, 56.52568], [10.2043, 56.51724], [10.2115, 56.50542], [10.2079, 56.49022], [10.1971, 56.4784], [10.1827, 56.46996], [10.2151, 56.46996], [10.2259, 56.47502], [10.2259, 56.51386], [10.2259, 56.54088], [10.2367, 56.55439], [10.2799, 56.57127], [10.3123, 56.5966], [10.3303, 56.60336], [10.3519, 56.5966], [10.3555, 56.58985], [10.3591, 56.5679], [10.3591, 56.56114], [10.3663, 56.55776], [10.3951, 56.54426], [10.4707, 56.52062], [10.54991, 56.51555], [10.78751, 56.53581], [10.82351, 56.53412], [10.85591, 56.52399], [10.87031, 56.51555], [10.90271, 56.48347], [10.96391, 56.44801], [10.96391, 56.44294], [10.94231, 56.42943], [10.92791, 56.40579], [10.92431, 56.38046], [10.92431, 56.35682], [10.90991, 56.33487], [10.81991, 56.26057], [10.77311, 56.24369], [10.75511, 56.22849], [10.75151, 56.21667], [10.75151, 56.18459], [10.73711, 56.15419], [10.70831, 56.15082], [10.67231, 56.16601], [10.65071, 56.18797], [10.67591, 56.19134], [10.68671, 56.19641], [10.69031, 56.20823], [10.68671, 56.22174], [10.67591, 56.2268], [10.66511, 56.2268], [10.65431, 56.23356], [10.62911, 56.23693], [10.60391, 56.22174], [10.58231, 56.19979], [10.54991, 56.17783], [10.55711, 56.15419], [10.56791, 56.12887], [10.57511, 56.11198], [10.56431, 56.10523], [10.54631, 56.10185], [10.53191, 56.10016], [10.51751, 56.10354], [10.50671, 56.11029], [10.4995, 56.13055], [10.4923, 56.14069], [10.4995, 56.14406], [10.51751, 56.15082], [10.52471, 56.15419], [10.51751, 56.16433], [10.51031, 56.16939], [10.4671, 56.17783], [10.4599, 56.17615], [10.4383, 56.1677], [10.4095, 56.16433], [10.3915, 56.17277], [10.3771, 56.18628], [10.3555, 56.20147], [10.3771, 56.20316], [10.4095, 56.21836], [10.4275, 56.22174], [10.4419, 56.21667], [10.4599, 56.20654], [10.4779, 56.20316], [10.4923, 56.21667], [10.4743, 56.23187], [10.4743, 56.24538], [10.50311, 56.27746], [10.4923, 56.27746], [10.4779, 56.28084], [10.4635, 56.28759], [10.4527, 56.29435], [10.4419, 56.29941], [10.4167, 56.29266], [10.4023, 56.29772], [10.3987, 56.28421], [10.3951, 56.27577], [10.3843, 56.27239], [10.3699, 56.27071], [10.3627, 56.26564], [10.3375, 56.23356], [10.3123, 56.21498], [10.2583, 56.18965], [10.2331, 56.17108], [10.2187, 56.14744], [10.2259, 56.13393], [10.2439, 56.11873], [10.2583, 56.09847], [10.2655, 56.07314], [10.2619, 56.05457], [10.2475, 56.03768], [10.2295, 56.01742], [10.2547, 56.02417], [10.2727, 56.02417], [10.2763, 56.01742], [10.2511, 55.98703], [10.2511, 55.97352], [10.2511, 55.94819], [10.2511, 55.9313], [10.2475, 55.92286], [10.2439, 55.91442], [10.2223, 55.89753], [10.2187, 55.88909], [10.2115, 55.88909], [10.2007, 55.88571], [10.1899, 55.87896], [10.1827, 55.87389], [10.1899, 55.87051], [10.1971, 55.86207], [10.2007, 55.85025], [10.1899, 55.8435], [10.1863, 55.83843], [10.1827, 55.83336], [10.1719, 55.83168], [10.1611, 55.83336], [10.1503, 55.83843], [10.1359, 55.85194], [10.1323, 55.85869], [10.1287, 55.86545], [10.1251, 55.87389], [10.1143, 55.88064], [10.1035, 55.88233], [10.0063, 55.88064], [9.9919, 55.87727], [9.9847, 55.8722], [9.9775, 55.86376], [9.9703, 55.85869], [9.9451, 55.85363], [9.8911, 55.85532], [9.8659, 55.85194], [9.8911, 55.83674], [10.0351, 55.81817], [10.0459, 55.81479], [10.0423, 55.80297], [10.0243, 55.78271], [10.0171, 55.76582], [10.0207, 55.75738], [10.0351, 55.75569], [10.0603, 55.75569], [10.0603, 55.74894], [10.0171, 55.73712], [10.0063, 55.7253], [10.0171, 55.70841], [10.0135, 55.70672], [10.0063, 55.70166], [9.9811, 55.7101], [9.8731, 55.69152], [9.8227, 55.67633], [9.7939, 55.67464], [9.7327, 55.68815], [9.6967, 55.70503], [9.6859, 55.70841], [9.5815, 55.70841], [9.5599, 55.71516], [9.5563, 55.71179], [9.5563, 55.70841], [9.5527, 55.70503], [9.5527, 55.70166], [9.5743, 55.6949], [9.6463, 55.6949], [9.6571, 55.68984], [9.7111, 55.65944], [9.7219, 55.64762], [9.7291, 55.63749], [9.7399, 55.62905], [9.7579, 55.62736], [9.8551, 55.62736], [9.8371, 55.61554], [9.7867, 55.5919], [9.7579, 55.57164], [9.7435, 55.56657], [9.7219, 55.56488], [9.7111, 55.55981], [9.7111, 55.55137], [9.7111, 55.54124], [9.7075, 55.53786], [9.6427, 55.52773], [9.6211, 55.51929], [9.6067, 55.5176], [9.5959, 55.5176], [9.5743, 55.52435], [9.5599, 55.52435], [9.5635, 55.51929], [9.5671, 55.5176], [9.5527, 55.50578], [9.5167, 55.49903], [9.49869, 55.48889], [9.5167, 55.48383], [9.5347, 55.48383], [9.5851, 55.49058], [9.5923, 55.49396], [9.6031, 55.49565], [9.6607, 55.47876], [9.6643, 55.46694], [9.6607, 55.45343], [9.6499, 55.44161], [9.6355, 55.43655], [9.6031, 55.43148], [9.5851, 55.42811], [9.5923, 55.41629], [9.6031, 55.40109], [9.6067, 55.39265], [9.6067, 55.38251], [9.5995, 55.37407], [9.5995, 55.36563], [9.6211, 55.35887], [9.6319, 55.35212], [9.6463, 55.34199], [9.6499, 55.33355], [9.6355, 55.3251], [9.6355, 55.31835], [9.6463, 55.31159], [9.6823, 55.27445], [9.6931, 55.27107], [9.7075, 55.26431], [9.7111, 55.24912], [9.7075, 55.2373], [9.7003, 55.23054], [9.6931, 55.22041], [9.6895, 55.20521], [9.6859, 55.19677], [9.6715, 55.19171], [9.6571, 55.19002], [9.6427, 55.18833], [9.5851, 55.19508], [9.5707, 55.19171], [9.5599, 55.18664], [9.5563, 55.17989], [9.5455, 55.17482], [9.5203, 55.16469], [9.5059, 55.16131], [9.49509, 55.16131], [9.48789, 55.15624], [9.48789, 55.1478], [9.49509, 55.13936], [9.5131, 55.13936], [9.5131, 55.1326], [9.48069, 55.13429], [9.46989, 55.1326], [9.45549, 55.12585], [9.46629, 55.12078], [9.48069, 55.1191], [9.5095, 55.1191], [9.5203, 55.11572], [9.5347, 55.10728], [9.5599, 55.08532], [9.5347, 55.06506], [9.5167, 55.05662], [9.49869, 55.04986], [9.45189, 55.0448], [9.43389, 55.03804], [9.44109, 55.02285], [9.45549, 55.02285], [9.5131, 55.03636], [9.5383, 55.03467], [9.5455, 55.03636], [9.5527, 55.03973], [9.5599, 55.0448], [9.5671, 55.04818], [9.5815, 55.04986], [9.6031, 55.0448], [9.6427, 55.01947], [9.6643, 55.00934], [9.7183, 55.0009], [9.7327, 54.99583], [9.7399, 54.98063], [9.7615, 54.90465], [9.7615, 54.90127], [9.7615, 54.89789], [9.7507, 54.89283], [9.7363, 54.89283], [9.7219, 54.89789], [9.7111, 54.89789], [9.7039, 54.88607], [9.7147, 54.88438], [9.7291, 54.87932], [9.7363, 54.87425], [9.7435, 54.86581], [9.7471, 54.85737], [9.7507, 54.84555], [9.7471, 54.83542], [9.7327, 54.83204], [9.7183, 54.83542], [9.7039, 54.85399], [9.6967, 54.85906], [9.6535, 54.85737], [9.6427, 54.85906], [9.6247, 54.86581], [9.6247, 54.86919], [9.6319, 54.87256], [9.6355, 54.87932], [9.6175, 54.89452], [9.6103, 54.90296], [9.6175, 54.90802], [9.6427, 54.91309], [9.6391, 54.92491], [9.6139, 54.93335], [9.5851, 54.92829], [9.5815, 54.92153], [9.5671, 54.90127], [9.5563, 54.89114], [9.5491, 54.8827], [9.5455, 54.87932], [9.5383, 54.87763], [9.5239, 54.87932], [9.5167, 54.87594], [9.49869, 54.86412], [9.45549, 54.84386], [9.44109, 54.83204], [9.43749, 54.81009], [9.42309, 54.80671], [9.40509, 54.8084], [9.38349, 54.82022], [9.36549, 54.81684], [9.35469, 54.81178], [9.34029, 54.8084], [9.33309, 54.80333], [9.31869, 54.80164], [9.24309, 54.80164], [9.22509, 54.80671], [9.21789, 54.81853], [9.21429, 54.83204], [9.21069, 54.84217], [9.19629, 54.85061], [8.98389, 54.87932], [8.90469, 54.89789], [8.82549, 54.90634], [8.80029, 54.90465], [8.73189, 54.88945], [8.69589, 54.88945], [8.65989, 54.8962], [8.66709, 54.91309], [8.65989, 54.91984], [8.67429, 54.94855], [8.66709, 54.97388], [8.64909, 54.99752], [8.64189, 55.02285], [8.64549, 55.05493], [8.65629, 55.08195]]], [[[8.60949, 56.72156], [8.58789, 56.73675], [8.56269, 56.74351], [8.55549, 56.74351], [8.52669, 56.73675], [8.51589, 56.73844], [8.51949, 56.75026], [8.52309, 56.75533], [8.53029, 56.7587], [8.53749, 56.76208], [8.54829, 56.76377], [8.55189, 56.76884], [8.55189, 56.77728], [8.54829, 56.78741], [8.54469, 56.79079], [8.57349, 56.80261], [8.64549, 56.80767], [8.66709, 56.82625], [8.65629, 56.82456], [8.64549, 56.82625], [8.63109, 56.82794], [8.62029, 56.83131], [8.62749, 56.84145], [8.64549, 56.85664], [8.65629, 56.86677], [8.65269, 56.86677], [8.64909, 56.87353], [8.64909, 56.89041], [8.65269, 56.89379], [8.65989, 56.89379], [8.66709, 56.89379], [8.67429, 56.89379], [8.70309, 56.90055], [8.76069, 56.90561], [8.79309, 56.91405], [8.81469, 56.91068], [8.83269, 56.92419], [8.86869, 56.96302], [8.89029, 56.95458], [8.90469, 56.9664], [8.91549, 56.97991], [8.92989, 56.97653], [8.92269, 56.96809], [8.91189, 56.95627], [8.90829, 56.94951], [8.91189, 56.94445], [8.91909, 56.93094], [8.92269, 56.9225], [8.91909, 56.91912], [8.90829, 56.88704], [8.90109, 56.87522], [8.89389, 56.87015], [8.88669, 56.86677], [8.88669, 56.87859], [8.88309, 56.88704], [8.87589, 56.89041], [8.86869, 56.89379], [8.84349, 56.88366], [8.83989, 56.88028], [8.83629, 56.86846], [8.83989, 56.8634], [8.84349, 56.85833], [8.84709, 56.85327], [8.85429, 56.81949], [8.86509, 56.80936], [8.87949, 56.80598], [8.87589, 56.80092], [8.86869, 56.79754], [8.86149, 56.79754], [8.85429, 56.79754], [8.86149, 56.79416], [8.86869, 56.79079], [8.85429, 56.78066], [8.83989, 56.75702], [8.82549, 56.74351], [8.81109, 56.73506], [8.77149, 56.71649], [8.76789, 56.69792], [8.68509, 56.6861], [8.65989, 56.67765], [8.64909, 56.68103], [8.62029, 56.71311], [8.60949, 56.72156]]], [[[11.76672, 54.64629], [11.61192, 54.66656], [11.56152, 54.6598], [11.51112, 54.64629], [11.47511, 54.62603], [11.45351, 54.62772], [11.35991, 54.6598], [11.29871, 54.69189], [11.18711, 54.73241], [11.13671, 54.73917], [11.08631, 54.75268], [11.03231, 54.76112], [11.01071, 54.77125], [10.99991, 54.78645], [11.00711, 54.80333], [11.03231, 54.81178], [11.06111, 54.81009], [11.08991, 54.81009], [11.10791, 54.83204], [11.09351, 54.83542], [11.07911, 54.84048], [11.02511, 54.87932], [11.01791, 54.88607], [11.01791, 54.90296], [11.03231, 54.91984], [11.07551, 54.94855], [11.08991, 54.94348], [11.23031, 54.96206], [11.25551, 54.9553], [11.30231, 54.93166], [11.32031, 54.92829], [11.33831, 54.91984], [11.36711, 54.88101], [11.39231, 54.87256], [11.41751, 54.86919], [11.59392, 54.81178], [11.58672, 54.82866], [11.57232, 54.83879], [11.57232, 54.84724], [11.59392, 54.85906], [11.62272, 54.85906], [11.64792, 54.86581], [11.65512, 54.86581], [11.64792, 54.87763], [11.64432, 54.88945], [11.64792, 54.90296], [11.64792, 54.91309], [11.72712, 54.87256], [11.73072, 54.85906], [11.75592, 54.84048], [11.77032, 54.83373], [11.78832, 54.83204], [11.77752, 54.82528], [11.77392, 54.82528], [11.78832, 54.80671], [11.83872, 54.78307], [11.84952, 54.77294], [11.85312, 54.75605], [11.85672, 54.7493], [11.85672, 54.74423], [11.84592, 54.73241], [11.83512, 54.72397], [11.82432, 54.72228], [11.81352, 54.7189], [11.80632, 54.70877], [11.84592, 54.69864], [11.84232, 54.67669], [11.80992, 54.65474], [11.76672, 54.64629]]], [[[12.38592, 54.96375], [12.34992, 54.96037], [12.31392, 54.95024], [12.28152, 54.93504], [12.22752, 54.89283], [12.20952, 54.88607], [12.17712, 54.88945], [12.11592, 54.90802], [12.11592, 54.91309], [12.13032, 54.91309], [12.12312, 54.92322], [12.13032, 54.93166], [12.13752, 54.93673], [12.14832, 54.94011], [12.14472, 54.94348], [12.13392, 54.95193], [12.13032, 54.95362], [12.15192, 54.96881], [12.16272, 54.97219], [12.17712, 54.96881], [12.18432, 54.97557], [12.17712, 54.98908], [12.19152, 54.98908], [12.21672, 54.97894], [12.23112, 54.97557], [12.24192, 54.97726], [12.27432, 54.98401], [12.28512, 54.98908], [12.28152, 54.99921], [12.28152, 55.00765], [12.28512, 55.01272], [12.29592, 55.01609], [12.29592, 55.02285], [12.25992, 55.03636], [12.25272, 55.04311], [12.24912, 55.05324], [12.25272, 55.06], [12.26352, 55.06506], [12.28152, 55.06506], [12.30312, 55.04142], [12.33552, 55.03298], [12.41832, 55.0296], [12.50473, 55.01947], [12.53713, 55.00258], [12.55513, 54.96881], [12.55153, 54.95699], [12.54433, 54.95193], [12.52633, 54.94855], [12.50113, 54.94855], [12.38592, 54.96375]]], [[[15.13275, 55.07519], [15.11115, 55.05493], [15.10755, 55.0448], [15.11115, 55.03636], [15.11115, 55.0296], [15.11475, 55.01778], [15.09675, 55.00765], [15.08595, 54.99921], [15.07155, 54.99245], [15.02475, 54.99921], [14.98155, 55.0009], [14.92755, 55.0144], [14.85915, 55.03804], [14.77995, 55.05155], [14.70075, 55.0887], [14.68275, 55.10052], [14.69715, 55.12247], [14.70075, 55.16469], [14.70435, 55.22548], [14.70795, 55.23561], [14.71875, 55.24743], [14.73675, 55.266], [14.74395, 55.2812], [14.75115, 55.29809], [14.76195, 55.30991], [14.77635, 55.30315], [14.81595, 55.27107], [14.83035, 55.26094], [14.85195, 55.24743], [14.88795, 55.23392], [14.92755, 55.21535], [14.95275, 55.21872], [14.97435, 55.21535], [14.98875, 55.19677], [14.99955, 55.18833], [15.01395, 55.18326], [15.08595, 55.15456], [15.13275, 55.14611], [15.15075, 55.1326], [15.14715, 55.12754], [15.14355, 55.12416], [15.14355, 55.12247], [15.13635, 55.1191], [15.14355, 55.10559], [15.14715, 55.09546], [15.14355, 55.08701], [15.13275, 55.07519]]], [[[12.07992, 54.79658], [12.06552, 54.78645], [12.02952, 54.74423], [12.02232, 54.73579], [12.01152, 54.73072], [11.98632, 54.71215], [11.97552, 54.70877], [11.96112, 54.69357], [11.96112, 54.66318], [11.97192, 54.60577], [11.96832, 54.57031], [11.95032, 54.56862], [11.92872, 54.58382], [11.92512, 54.59733], [11.91072, 54.60915], [11.87832, 54.64629], [11.86752, 54.6598], [11.87112, 54.68007], [11.88192, 54.69695], [11.91072, 54.72228], [11.88912, 54.72397], [11.87472, 54.72903], [11.87112, 54.73917], [11.88192, 54.75605], [11.87112, 54.76112], [11.86392, 54.76618], [11.85672, 54.77632], [11.80992, 54.80502], [11.80632, 54.81009], [11.80272, 54.81853], [11.79912, 54.82528], [11.79912, 54.83204], [11.79912, 54.8371], [11.79192, 54.84386], [11.77752, 54.85568], [11.75952, 54.86243], [11.74872, 54.87256], [11.74512, 54.89283], [11.74512, 54.9114], [11.74152, 54.92491], [11.73072, 54.93504], [11.71272, 54.94011], [11.71272, 54.94855], [11.74872, 54.96544], [11.75952, 54.96881], [11.77392, 54.96544], [11.79192, 54.95193], [11.80272, 54.94855], [11.81352, 54.95193], [11.83872, 54.96544], [11.84232, 54.96544], [11.84952, 54.95868], [11.86392, 54.96375], [11.88192, 54.97557], [11.88192, 54.98232], [11.87112, 54.98908], [11.85312, 55.01947], [11.84232, 55.0296], [11.77392, 55.04818], [11.75592, 55.04986], [11.74872, 55.05324], [11.73792, 55.06168], [11.72712, 55.06506], [11.66592, 55.06675], [11.64792, 55.07182], [11.62992, 55.08195], [11.61552, 55.09208], [11.66952, 55.08532], [11.77392, 55.05662], [11.82792, 55.04986], [11.80632, 55.0735], [11.74512, 55.10052], [11.71632, 55.12585], [11.80272, 55.13429], [11.80992, 55.13936], [11.80632, 55.14611], [11.78472, 55.15793], [11.72712, 55.15456], [11.71272, 55.16807], [11.72712, 55.17651], [11.73432, 55.18833], [11.73432, 55.20015], [11.71632, 55.20859], [11.69472, 55.20859], [11.67672, 55.20015], [11.66232, 55.18833], [11.64792, 55.18157], [11.63712, 55.18157], [11.60112, 55.19171], [11.52552, 55.20184], [11.50752, 55.20859], [11.49311, 55.20353], [11.42471, 55.2221], [11.41031, 55.22041], [11.38151, 55.21197], [11.36711, 55.20859], [11.29871, 55.20859], [11.29871, 55.20184], [11.32031, 55.19508], [11.28431, 55.19508], [11.26271, 55.20015], [11.24471, 55.21535], [11.23751, 55.24236], [11.25191, 55.23561], [11.26631, 55.23561], [11.28071, 55.24236], [11.28791, 55.25587], [11.27711, 55.25081], [11.26631, 55.24912], [11.24111, 55.24912], [11.23751, 55.25418], [11.24111, 55.27782], [11.23391, 55.28458], [11.21591, 55.28964], [11.16191, 55.31835], [11.15111, 55.32848], [11.16191, 55.33017], [11.17631, 55.33186], [11.18711, 55.33523], [11.19071, 55.34537], [11.18351, 55.35043], [11.16911, 55.35212], [11.15111, 55.35381], [11.14391, 55.35212], [11.13671, 55.34705], [11.12951, 55.33861], [11.12231, 55.33186], [11.10791, 55.33186], [11.10071, 55.33692], [11.08631, 55.35887], [11.08631, 55.36563], [11.11511, 55.36394], [11.12951, 55.36563], [11.14031, 55.36901], [11.14751, 55.37576], [11.15831, 55.38083], [11.17271, 55.38589], [11.18351, 55.38589], [11.20511, 55.39265], [11.21591, 55.40447], [11.21231, 55.41629], [11.20151, 55.42135], [11.20511, 55.43148], [11.19791, 55.45343], [11.17631, 55.48889], [11.16551, 55.5024], [11.15111, 55.51085], [11.13671, 55.51591], [11.11511, 55.5176], [11.09711, 55.50916], [11.08631, 55.50747], [11.07911, 55.51253], [11.08271, 55.52604], [11.08991, 55.53449], [11.09711, 55.53617], [11.11151, 55.53786], [11.13671, 55.54293], [11.14751, 55.55813], [11.14391, 55.5767], [11.13311, 55.59528], [11.08631, 55.62736], [11.03951, 55.64424], [10.93151, 55.65944], [10.93151, 55.66788], [11.08631, 55.65944], [11.07191, 55.67633], [11.00711, 55.69152], [10.98551, 55.70166], [10.97471, 55.7101], [10.96751, 55.71854], [10.96031, 55.72361], [10.94231, 55.72867], [10.89191, 55.73205], [10.87391, 55.73712], [10.87391, 55.74218], [11.03231, 55.72867], [11.06471, 55.73205], [11.12951, 55.74556], [11.16191, 55.74894], [11.16191, 55.74218], [11.15111, 55.74387], [11.14031, 55.74387], [11.12951, 55.74049], [11.12231, 55.73712], [11.13671, 55.71854], [11.16191, 55.70503], [11.19431, 55.69997], [11.21951, 55.70841], [11.17631, 55.72867], [11.19071, 55.73712], [11.19791, 55.73036], [11.21591, 55.72867], [11.25191, 55.72867], [11.26991, 55.73205], [11.30231, 55.74725], [11.33831, 55.75062], [11.35271, 55.75569], [11.36351, 55.76582], [11.36711, 55.77933], [11.37071, 55.78777], [11.37431, 55.80128], [11.37431, 55.80804], [11.37071, 55.81648], [11.35631, 55.82999], [11.34911, 55.83843], [11.37431, 55.8283], [11.39951, 55.82661], [11.42111, 55.83168], [11.44271, 55.84518], [11.47871, 55.84181], [11.50392, 55.86882], [11.51112, 55.90766], [11.47871, 55.94143], [11.44991, 55.94819], [11.38511, 55.95156], [11.30591, 55.96845], [11.28071, 55.97858], [11.27351, 55.99716], [11.39951, 55.9617], [11.42831, 55.96507], [11.57952, 55.95156], [11.60112, 55.94143], [11.64072, 55.94312], [11.71272, 55.95494], [11.74872, 55.96845], [11.76672, 55.97014], [11.78112, 55.9617], [11.77392, 55.95156], [11.74872, 55.93299], [11.73792, 55.92117], [11.74872, 55.91104], [11.74512, 55.90428], [11.72712, 55.9026], [11.71272, 55.90766], [11.71272, 55.91104], [11.71632, 55.92117], [11.68752, 55.91948], [11.67312, 55.9161], [11.66232, 55.90766], [11.71272, 55.85869], [11.73072, 55.82999], [11.71632, 55.81141], [11.70192, 55.80972], [11.66952, 55.81479], [11.65512, 55.81141], [11.63712, 55.79622], [11.62632, 55.79115], [11.60832, 55.79115], [11.60832, 55.78271], [11.62272, 55.77933], [11.67312, 55.78271], [11.68752, 55.78608], [11.70192, 55.79284], [11.71992, 55.7979], [11.73792, 55.7979], [11.74512, 55.78946], [11.75592, 55.77258], [11.76312, 55.75738], [11.76312, 55.74894], [11.68392, 55.74049], [11.66592, 55.73712], [11.65872, 55.73036], [11.66952, 55.72361], [11.68392, 55.72192], [11.73072, 55.72361], [11.73792, 55.7253], [11.74512, 55.73036], [11.76312, 55.72192], [11.78832, 55.70166], [11.79552, 55.68815], [11.79552, 55.68308], [11.78832, 55.67633], [11.78112, 55.65944], [11.79912, 55.66957], [11.80992, 55.6797], [11.85312, 55.73036], [11.85312, 55.73205], [11.85672, 55.73205], [11.85312, 55.74049], [11.84232, 55.75231], [11.84232, 55.75569], [11.84592, 55.76751], [11.85312, 55.78271], [11.86752, 55.80466], [11.88552, 55.8131], [11.91792, 55.81986], [11.93592, 55.82492], [11.95392, 55.85363], [11.93232, 55.88571], [11.91072, 55.9161], [11.91792, 55.93468], [11.93592, 55.93299], [11.96832, 55.91273], [11.98992, 55.90766], [11.99712, 55.9026], [11.99712, 55.89246], [11.99352, 55.88233], [11.99352, 55.87389], [11.99712, 55.86038], [12.00072, 55.857], [12.00432, 55.85363], [12.01152, 55.84518], [12.02952, 55.81648], [12.04752, 55.77595], [12.05112, 55.73712], [12.02592, 55.71516], [11.98992, 55.72361], [11.97192, 55.72192], [11.96472, 55.70503], [11.95752, 55.69321], [11.92152, 55.67464], [11.91072, 55.65944], [11.92872, 55.65775], [11.95752, 55.66451], [11.98272, 55.6797], [11.98632, 55.6949], [12.00072, 55.69828], [12.01872, 55.6949], [12.03312, 55.68646], [12.04032, 55.67464], [12.00792, 55.6797], [12.00432, 55.67802], [12.01152, 55.66957], [12.02592, 55.66282], [12.06192, 55.65438], [12.06912, 55.67464], [12.09072, 55.70672], [12.09432, 55.72867], [12.05472, 55.83843], [12.05472, 55.87389], [12.05112, 55.8874], [12.02592, 55.94143], [12.01152, 55.95494], [11.99352, 55.96001], [11.97192, 55.96001], [11.89272, 55.94312], [11.86392, 55.93974], [11.84952, 55.94819], [11.86392, 55.97352], [11.91792, 55.99716], [12.01152, 56.03093], [12.16632, 56.10354], [12.24552, 56.12887], [12.32832, 56.12718], [12.41472, 56.09847], [12.48672, 56.09847], [12.50473, 56.09341], [12.54073, 56.07483], [12.56953, 56.06808], [12.62353, 56.04444], [12.60913, 56.02755], [12.56593, 55.99716], [12.55153, 55.98027], [12.52633, 55.93974], [12.51193, 55.92792], [12.51193, 55.92117], [12.54073, 55.89753], [12.55513, 55.88233], [12.56233, 55.87051], [12.56593, 55.85194], [12.57673, 55.82999], [12.59113, 55.80972], [12.60193, 55.7979], [12.59833, 55.78777], [12.59473, 55.77426], [12.59473, 55.75231], [12.58753, 55.73543], [12.58753, 55.72867], [12.58753, 55.72361], [12.59113, 55.71854], [12.60193, 55.70841], [12.58033, 55.69321], [12.54073, 55.64931], [12.50473, 55.63411], [12.49752, 55.62229], [12.48672, 55.61047], [12.46512, 55.60541], [12.44712, 55.60878], [12.43632, 55.61385], [12.42192, 55.61892], [12.40392, 55.61892], [12.33192, 55.59528], [12.31032, 55.58346], [12.24912, 55.54631], [12.19872, 55.48721], [12.22392, 55.43486], [12.27432, 55.40953], [12.29232, 55.40615], [12.35352, 55.40447], [12.36792, 55.3994], [12.41112, 55.37914], [12.43632, 55.36394], [12.44352, 55.34874], [12.44712, 55.33186], [12.45072, 55.31666], [12.46512, 55.28964], [12.45072, 55.27951], [12.44352, 55.27613], [12.39312, 55.25587], [12.18432, 55.22717], [12.16632, 55.21703], [12.14112, 55.20859], [12.11952, 55.19171], [12.10872, 55.17144], [12.11592, 55.15456], [12.10872, 55.14442], [12.09792, 55.14105], [12.09072, 55.14274], [12.07992, 55.14611], [12.08712, 55.16807], [12.07632, 55.18157], [12.05472, 55.18495], [12.03672, 55.1782], [12.02952, 55.17313], [12.01872, 55.17144], [12.01512, 55.16807], [12.01152, 55.15793], [12.01872, 55.15287], [12.04752, 55.13936], [12.13032, 55.13598], [12.16992, 55.12923], [12.17712, 55.10559], [12.16992, 55.09546], [12.16632, 55.09208], [12.15912, 55.0887], [12.14832, 55.08532], [12.12672, 55.07857], [12.11952, 55.0735], [12.12672, 55.07182], [12.16272, 55.02285], [12.16272, 55.00427], [12.14832, 54.99414], [12.12672, 54.99076], [12.10512, 54.98908], [12.09072, 54.9857], [12.05472, 54.9705], [12.03312, 54.96881], [11.99712, 54.97726], [11.94312, 55.00596], [11.91072, 55.00934], [11.91072, 55.00427], [11.91432, 55.00427], [11.91792, 55.00258], [11.91072, 55.0009], [11.90712, 54.99921], [11.90352, 54.99583], [11.89632, 54.99583], [11.89992, 54.97557], [11.89272, 54.96544], [11.88552, 54.9553], [11.88192, 54.94011], [11.88912, 54.92998], [11.90352, 54.92322], [11.91792, 54.92153], [11.93232, 54.92829], [11.92872, 54.93166], [11.92512, 54.94011], [11.93232, 54.9418], [11.95752, 54.94855], [11.96472, 54.9418], [11.97912, 54.92491], [11.98272, 54.91984], [11.98992, 54.91647], [12.02232, 54.89789], [12.04032, 54.89283], [12.05832, 54.89452], [12.07992, 54.89789], [12.09792, 54.89789], [12.11232, 54.88945], [12.14112, 54.86412], [12.16992, 54.84386], [12.16992, 54.83879], [12.07992, 54.79658]]], [[[12.55513, 55.54968], [12.53353, 55.56995], [12.51913, 55.59696], [12.51913, 55.61892], [12.52993, 55.63242], [12.54433, 55.64087], [12.55513, 55.64762], [12.56593, 55.65438], [12.57673, 55.6662], [12.59473, 55.69152], [12.60913, 55.70166], [12.61273, 55.6949], [12.61273, 55.69321], [12.61633, 55.68815], [12.67393, 55.60541], [12.67393, 55.60203], [12.63793, 55.57839], [12.62353, 55.57501], [12.60553, 55.56995], [12.58753, 55.5615], [12.57673, 55.55475], [12.55513, 55.54968]]], [[[11.63712, 56.71649], [11.61912, 56.71142], [11.60472, 56.70129], [11.59392, 56.68947], [11.57952, 56.68103], [11.56512, 56.67765], [11.54352, 56.67934], [11.52552, 56.68441], [11.51112, 56.69623], [11.51112, 56.70974], [11.52192, 56.7148], [11.60472, 56.71987], [11.64792, 56.73], [11.64792, 56.72156], [11.64432, 56.72156], [11.64072, 56.71987], [11.63712, 56.71649]]], [[[11.14391, 57.30074], [11.06831, 57.29061], [11.08271, 57.28385], [11.09351, 57.26866], [11.08991, 57.25346], [11.06831, 57.23826], [11.05391, 57.22644], [11.04671, 57.21293], [11.02871, 57.20111], [10.99631, 57.19773], [10.97831, 57.20618], [10.95311, 57.2332], [10.91711, 57.23657], [10.88831, 57.24502], [10.87031, 57.25515], [10.85591, 57.26528], [10.85591, 57.27034], [10.88831, 57.27541], [10.92071, 57.2923], [10.94591, 57.30412], [10.98551, 57.3058], [11.01071, 57.30918], [11.02871, 57.321], [11.10071, 57.321], [11.14391, 57.33282], [11.16911, 57.33282], [11.17991, 57.33113], [11.19071, 57.32607], [11.19791, 57.31256], [11.19791, 57.30243], [11.19071, 57.29398], [11.16551, 57.29736], [11.14391, 57.30074]]]]}}, {"type": "Feature", "properties": {"name_en": "Russia", "name_zh": "俄羅斯（區域內）", "iso_n3": "643"}, "geometry": {"type": "MultiPolygon", "coordinates": [[[[19.6256, 54.46899], [19.7336, 54.52641], [19.8308, 54.59733], [19.8848, 54.65643], [19.8884, 54.6598], [19.892, 54.66149], [19.8956, 54.66149], [19.8992, 54.66656], [19.9028, 54.67162], [19.8992, 54.68344], [19.8992, 54.68682], [19.9064, 54.69526], [19.9136, 54.70202], [19.9316, 54.7189], [19.9568, 54.75774], [19.9604, 54.77294], [19.9604, 54.79658], [19.9532, 54.81684], [19.9244, 54.8675], [19.9208, 54.87594], [19.9208, 54.88945], [19.9352, 54.91647], [19.9424, 54.93504], [19.9568, 54.95193], [19.9784, 54.96375], [19.9964, 54.96881], [20.0216, 54.95193], [20.0324, 54.94855], [20.0756, 54.95362], [20.144, 54.95193], [20.2052, 54.95868], [20.3672, 54.94686], [20.4068, 54.95193], [20.4824, 54.97557], [20.63361, 55.04818], [20.81001, 55.17651], [20.82081, 55.18157], [20.92521, 55.28289], [20.99001, 55.27276], [20.99001, 55.27107], [20.95041, 55.25418], [20.93961, 55.24912], [20.94321, 55.24574], [20.94321, 55.24405], [20.93601, 55.2373], [20.91441, 55.23392], [20.90361, 55.22548], [20.90721, 55.21872], [20.89641, 55.21703], [20.88921, 55.21197], [20.88921, 55.20521], [20.88561, 55.19846], [20.87841, 55.19171], [20.86041, 55.18157], [20.85321, 55.17482], [20.83521, 55.15287], [20.82441, 55.14274], [20.77401, 55.11403], [20.68761, 55.04986], [20.55801, 54.98232], [20.54721, 54.97726], [20.54001, 54.97726], [20.53281, 54.97388], [20.52921, 54.96544], [20.53281, 54.96037], [20.54001, 54.95193], [20.55081, 54.94517], [20.55801, 54.94011], [20.57601, 54.93842], [20.76321, 54.94686], [20.80641, 54.94011], [20.86041, 54.9114], [20.96841, 54.89958], [21.04041, 54.90465], [21.05121, 54.90971], [21.05481, 54.91478], [21.06561, 54.90971], [21.07641, 54.90296], [21.08001, 54.89958], [21.09081, 54.90127], [21.09801, 54.90465], [21.10161, 54.90971], [21.10521, 54.91309], [21.19161, 54.9266], [21.23121, 54.93842], [21.24201, 54.96206], [21.23481, 54.98063], [21.22041, 55.01272], [21.19521, 55.13598], [21.19161, 55.14274], [21.19161, 55.1478], [21.18441, 55.16807], [21.18081, 55.17144], [21.18081, 55.19339], [21.18441, 55.20184], [21.18801, 55.20859], [21.20241, 55.21366], [21.20961, 55.21197], [21.21681, 55.20521], [21.22401, 55.20184], [21.23841, 55.20015], [21.24921, 55.20184], [21.26001, 55.20521], [21.26721, 55.21197], [21.27081, 55.22041], [21.27441, 55.23223], [21.27081, 55.24405], [21.26721, 55.24912], [21.35001, 55.28795], [21.37521, 55.28964], [21.40401, 55.27276], [21.46881, 55.21197], [21.50482, 55.19508], [21.60562, 55.19171], [21.64522, 55.18157], [21.71722, 55.14949], [21.73162, 55.13598], [21.74962, 55.12754], [21.82162, 55.1191], [21.85402, 55.10221], [21.87202, 55.09546], [21.90802, 55.09039], [21.93322, 55.08026], [21.94402, 55.07857], [21.95122, 55.08026], [21.97642, 55.09208], [22.00522, 55.09377], [22.01602, 55.0887], [22.01962, 55.07688], [22.01962, 55.06168], [22.02682, 55.0448], [22.04842, 55.03298], [22.07722, 55.02791], [22.09882, 55.0296], [22.11682, 55.03804], [22.13122, 55.04649], [22.14202, 55.05493], [22.25002, 55.07013], [22.27162, 55.07013], [22.43722, 55.05831], [22.54163, 55.07519], [22.56683, 55.06844], [22.57043, 55.06337], [22.58123, 55.05831], [22.59203, 55.03804], [22.61003, 54.99245], [22.62083, 54.9705], [22.63523, 54.95868], [22.64963, 54.95362], [22.70723, 54.95362], [22.71443, 54.95193], [22.72163, 54.94686], [22.72883, 54.94011], [22.73963, 54.93335], [22.75043, 54.93166], [22.73963, 54.91816], [22.75043, 54.90971], [22.80803, 54.89452], [22.82243, 54.88607], [22.82963, 54.87256], [22.84403, 54.83204], [22.84763, 54.81346], [22.84403, 54.79658], [22.83323, 54.778], [22.81883, 54.76956], [22.78643, 54.75605], [22.77203, 54.74254], [22.76483, 54.73748], [22.74683, 54.73241], [22.73603, 54.72566], [22.72883, 54.72566], [22.72523, 54.72397], [22.72163, 54.7189], [22.72523, 54.71384], [22.72883, 54.70877], [22.72523, 54.70539], [22.70363, 54.68682], [22.70003, 54.68007], [22.70003, 54.66993], [22.70723, 54.64629], [22.70723, 54.63616], [22.70363, 54.61759], [22.68203, 54.57031], [22.67483, 54.49263], [22.68203, 54.4538], [22.70723, 54.41834], [22.76843, 54.35586], [22.70003, 54.34235], [22.50923, 54.34911], [22.27882, 54.35586], [21.99802, 54.3643], [21.72082, 54.37275], [21.28881, 54.38625], [20.92881, 54.39807], [20.64081, 54.40652], [20.3528, 54.41496], [19.964, 54.42847], [19.7588, 54.43353], [19.6796, 54.43691], [19.6292, 54.44704], [19.6112, 54.45717], [19.6256, 54.46055], [19.6256, 54.46899]]], [[[29.7921, 59.97882], [29.7885, 59.97544], [29.7345, 59.99571], [29.7273, 60.00077], [29.7165, 60.00584], [29.6985, 60.0109], [29.6589, 60.0261], [29.6697, 60.02779], [29.7129, 60.02104], [29.7885, 59.9974], [29.7921, 59.99402], [29.7993, 59.99064], [29.7993, 59.98558], [29.7957, 59.98389], [29.7921, 59.97882]]], [[[27.80128, 59.99908], [27.80848, 60.00922], [27.80848, 60.02104], [27.81928, 60.03117], [27.84088, 60.0261], [27.86968, 60.01428], [27.88408, 60.0109], [27.89128, 60.00415], [27.89128, 59.99571], [27.87328, 59.99402], [27.81928, 59.9822], [27.80488, 59.98895], [27.80128, 59.99908]]], [[[26.99847, 60.06663], [27.00927, 60.05818], [27.01647, 60.04805], [27.02367, 60.04299], [27.02367, 60.03792], [27.02727, 60.0261], [27.02007, 60.01766], [27.00927, 60.01428], [26.99487, 60.01428], [26.98407, 60.01766], [26.97687, 60.0261], [26.96607, 60.04299], [26.96607, 60.04636], [26.96247, 60.05987], [26.94447, 60.09196], [26.95167, 60.09871], [26.96247, 60.09871], [26.97687, 60.08858], [26.98767, 60.07676], [26.99847, 60.06663]]], [[[28.54289, 60.34693], [28.54649, 60.34862], [28.55729, 60.34524], [28.56809, 60.34355], [28.57529, 60.34862], [28.57889, 60.34862], [28.58609, 60.34018], [28.59329, 60.33849], [28.60409, 60.34018], [28.61129, 60.3368], [28.62209, 60.33005], [28.68329, 60.29965], [28.71209, 60.29459], [28.71569, 60.2929], [28.72289, 60.28783], [28.71569, 60.28445], [28.70489, 60.27939], [28.69769, 60.27263], [28.69769, 60.26419], [28.69409, 60.26081], [28.67249, 60.26419], [28.65809, 60.26419], [28.64729, 60.26588], [28.62569, 60.27095], [28.56809, 60.2929], [28.55009, 60.30303], [28.54289, 60.31654], [28.54289, 60.32667], [28.54649, 60.33342], [28.54649, 60.34187], [28.54289, 60.34693]]], [[[28.51409, 60.34693], [28.51409, 60.34187], [28.51769, 60.33849], [28.52129, 60.33342], [28.52489, 60.33173], [28.52489, 60.32498], [28.51769, 60.31316], [28.50329, 60.31147], [28.48168, 60.3216], [28.47088, 60.33005], [28.46728, 60.33511], [28.46008, 60.33849], [28.45288, 60.34018], [28.44208, 60.34355], [28.42408, 60.36044], [28.42768, 60.36551], [28.45288, 60.36719], [28.46368, 60.36551], [28.48528, 60.36213], [28.50329, 60.35369], [28.51409, 60.34693]]], [[[28.57529, 60.64243], [28.58969, 60.64581], [28.60409, 60.64581], [28.61849, 60.63906], [28.62209, 60.62892], [28.62929, 60.6171], [28.63289, 60.60191], [28.60049, 60.57658], [28.57529, 60.57996], [28.56089, 60.59515], [28.55729, 60.61204], [28.56089, 60.62892], [28.57529, 60.64243]]], [[[36.03456, 64.34211], [36.00576, 64.33366], [35.97336, 64.33197], [35.95176, 64.34042], [35.89776, 64.37419], [35.86896, 64.38094], [35.85816, 64.3877], [35.85456, 64.40289], [35.88336, 64.41303], [35.91936, 64.41303], [35.94456, 64.40458], [35.96616, 64.39445], [36.03096, 64.3725], [36.04536, 64.36068], [36.03456, 64.34211]]], [[[39.8254, 64.67982], [39.8326, 64.68995], [39.8542, 64.6984], [39.9046, 64.71022], [39.9838, 64.71866], [40.0018, 64.71866], [40.0162, 64.71022], [40.045, 64.70008], [40.081, 64.70008], [40.1494, 64.71022], [40.189, 64.70853], [40.2286, 64.70008], [40.2538, 64.68826], [40.2646, 64.67813], [40.2682, 64.65618], [40.3006, 64.63592], [40.351, 64.62072], [40.3978, 64.61903], [40.4302, 64.61228], [40.4482, 64.60046], [40.4518, 64.59033], [40.4554, 64.58188], [40.459, 64.57851], [40.4626, 64.57344], [40.459, 64.56837], [40.4338, 64.565], [40.3366, 64.57344], [40.1962, 64.57344], [40.1458, 64.59201], [40.1314, 64.61397], [40.1098, 64.63085], [40.0702, 64.64774], [40.0558, 64.6528], [40.0234, 64.65787], [39.937, 64.66294], [39.919, 64.668], [39.8722, 64.6832], [39.8542, 64.6832], [39.8398, 64.68151], [39.8254, 64.67982]]], [[[40.3042, 64.65111], [40.2862, 64.67307], [40.2538, 64.6984], [40.2034, 64.72035], [40.1746, 64.72879], [40.1458, 64.73386], [40.0738, 64.7575], [40.0342, 64.76087], [40.0486, 64.76932], [40.1098, 64.78114], [40.2214, 64.78451], [40.333, 64.77269], [40.3618, 64.7575], [40.387, 64.73554], [40.4014, 64.7119], [40.4014, 64.66294], [40.405, 64.65111], [40.405, 64.64267], [40.3978, 64.62916], [40.369, 64.62747], [40.3258, 64.63761], [40.3042, 64.65111]]], [[[39.9514, 64.7423], [39.9874, 64.74399], [40.0018, 64.73723], [39.9802, 64.72879], [39.9442, 64.72879], [39.9514, 64.7423]]], [[[36.01296, 65.05131], [36.02376, 65.04624], [36.02736, 65.03611], [36.01656, 65.02936], [36.00576, 65.02598], [35.95536, 65.02598], [35.91936, 65.02091], [35.90496, 65.0226], [35.90136, 65.02598], [35.89776, 65.03273], [35.89056, 65.04118], [35.90136, 65.04793], [35.92656, 65.05468], [35.95536, 65.05468], [35.96256, 65.05468], [35.97336, 65.05637], [35.99496, 65.05468], [36.00576, 65.053], [36.01296, 65.05131]]], [[[35.56296, 65.05131], [35.52696, 65.07326], [35.50536, 65.09521], [35.50536, 65.12054], [35.52336, 65.14418], [35.55936, 65.14925], [35.60256, 65.15431], [35.64936, 65.15431], [35.66376, 65.16782], [35.68536, 65.1712], [35.73216, 65.17289], [35.78616, 65.16444], [35.81496, 65.15431], [35.82936, 65.12392], [35.86176, 65.08001], [35.86536, 65.07664], [35.85456, 65.06482], [35.84376, 65.06819], [35.81856, 65.09015], [35.81856, 65.09521], [35.80776, 65.10872], [35.79696, 65.11379], [35.79336, 65.10028], [35.78616, 65.08001], [35.78256, 65.07326], [35.78256, 65.06819], [35.80416, 65.05975], [35.84016, 65.05131], [35.85816, 65.04455], [35.86536, 65.03104], [35.86536, 65.01247], [35.85816, 65.00403], [35.84736, 64.99896], [35.83656, 64.99052], [35.82216, 64.98376], [35.80056, 64.9787], [35.76456, 64.9635], [35.74296, 64.96181], [35.72856, 64.97363], [35.72856, 64.98545], [35.72496, 65.00065], [35.72136, 65.01416], [35.72496, 65.02598], [35.71056, 65.02767], [35.68896, 65.03442], [35.65296, 65.03442], [35.60256, 65.0378], [35.56296, 65.05131]]], [[[35.99136, 65.19146], [35.99136, 65.18977], [35.99136, 65.18302], [35.99856, 65.18471], [36.00936, 65.18302], [36.02376, 65.17795], [36.03816, 65.16951], [36.04896, 65.16613], [36.05616, 65.16275], [36.05976, 65.15938], [36.07056, 65.15769], [36.19296, 65.156], [36.21096, 65.15769], [36.25056, 65.15938], [36.26136, 65.15431], [36.23616, 65.14587], [36.20016, 65.13911], [36.13536, 65.13743], [36.09936, 65.13067], [36.07416, 65.13067], [36.07416, 65.12729], [36.06696, 65.12561], [36.04536, 65.12729], [36.03096, 65.13067], [36.02376, 65.13236], [35.95176, 65.14587], [35.94096, 65.15431], [35.94456, 65.16782], [35.94816, 65.18133], [35.96616, 65.18808], [35.99136, 65.19146]]], [[[42.68023, 66.68247], [42.66943, 66.66728], [42.64423, 66.66559], [42.58303, 66.6791], [42.48222, 66.7078], [42.44262, 66.72975], [42.42822, 66.75171], [42.45342, 66.77366], [42.50383, 66.77872], [42.53623, 66.77535], [42.58303, 66.77028], [42.62983, 66.75508], [42.64423, 66.74157], [42.66583, 66.723], [42.66943, 66.70105], [42.68023, 66.68247]]], [[[32.33732, 67.12488], [32.34092, 67.1367], [32.35532, 67.13839], [32.37332, 67.1367], [32.38772, 67.13163], [32.40932, 67.11981], [32.40572, 67.10631], [32.39492, 67.09955], [32.36612, 67.11137], [32.35532, 67.11306], [32.34452, 67.11644], [32.33732, 67.12488]]], [[[53.95914, 68.29338], [53.91954, 68.28831], [53.88714, 68.29675], [53.86554, 68.30688], [53.85834, 68.3187], [53.85474, 68.32884], [53.85474, 68.33728], [53.85834, 68.34572], [53.87274, 68.35248], [53.88354, 68.35416], [53.91234, 68.36261], [53.96634, 68.35754], [53.99154, 68.34572], [53.98434, 68.32377], [53.95914, 68.29338]]], [[[51.49671, 68.48925], [51.46071, 68.47405], [51.17271, 68.45717], [51.09711, 68.42509], [50.99991, 68.42509], [50.93871, 68.39638], [50.89191, 68.39469], [50.87031, 68.39131], [50.84871, 68.38456], [50.83071, 68.38118], [50.79111, 68.37949], [50.80191, 68.38963], [50.81271, 68.39807], [50.82351, 68.40482], [50.87031, 68.42846], [51.17271, 68.50107], [51.29871, 68.49601], [51.49671, 68.48925]]], [[[48.76429, 68.69019], [48.76429, 68.69695], [48.81109, 68.69695], [49.04869, 68.67837], [49.07389, 68.67668], [49.12429, 68.66824], [49.12069, 68.66317], [48.76429, 68.69019]]], [[[49.5779, 68.81852], [49.5959, 68.82021], [49.5995, 68.81515], [49.5923, 68.80839], [49.5491, 68.79488], [49.49869, 68.78475], [49.49149, 68.7932], [49.5527, 68.81177], [49.5707, 68.81684], [49.5779, 68.81852]]], [[[49.7543, 68.881], [49.7867, 68.88944], [49.8155, 68.89958], [49.8227, 68.90295], [49.8407, 68.90633], [49.8407, 68.90126], [49.7831, 68.881], [49.7651, 68.87762], [49.7507, 68.87762], [49.7543, 68.881]]], [[[50.0819, 68.96036], [50.0927, 68.96374], [50.1071, 68.96374], [50.0963, 68.95361], [50.0711, 68.94348], [50.0027, 68.92997], [49.9991, 68.93166], [50.0495, 68.94517], [50.0711, 68.9553], [50.0819, 68.96036]]], [[[49.9559, 69.07519], [49.8731, 69.02622], [49.8551, 69.00933], [49.8947, 69.01271], [49.9127, 69.00933], [49.9091, 68.99582], [49.8911, 68.984], [49.8263, 68.96543], [49.7183, 68.88944], [49.6859, 68.87931], [49.6427, 68.87425], [49.5995, 68.8658], [49.5383, 68.83541], [49.42309, 68.81177], [49.33309, 68.81515], [49.30429, 68.81177], [49.31149, 68.80333], [49.25029, 68.77969], [48.79669, 68.72903], [48.77869, 68.73241], [48.76789, 68.73747], [48.76069, 68.74254], [48.74989, 68.74929], [48.73549, 68.75436], [48.72109, 68.75773], [48.70669, 68.75436], [48.69949, 68.74254], [48.68509, 68.73409], [48.59149, 68.73072], [48.56269, 68.74423], [48.50869, 68.77631], [48.41508, 68.81346], [48.38628, 68.81684], [48.37548, 68.8219], [48.35028, 68.84048], [48.33948, 68.84554], [48.32868, 68.84723], [48.28908, 68.8658], [48.32148, 68.87931], [48.33228, 68.88607], [48.31788, 68.88607], [48.29268, 68.8962], [48.28548, 68.89958], [48.27108, 68.8962], [48.24588, 68.88269], [48.23508, 68.88269], [48.22068, 68.8962], [48.21708, 68.90971], [48.22428, 68.9249], [48.22788, 68.94348], [48.23868, 68.96374], [48.25668, 68.97387], [48.26748, 68.98232], [48.24948, 68.99582], [48.24228, 68.99582], [48.23508, 68.99245], [48.22428, 68.99076], [48.21708, 68.99582], [48.20988, 69.00089], [48.21348, 69.00427], [48.21348, 69.00764], [48.21708, 69.01271], [48.22068, 69.01946], [48.25668, 69.04479], [48.22068, 69.04986], [48.21708, 69.05324], [48.21708, 69.06506], [48.21708, 69.06843], [48.22068, 69.0735], [48.23868, 69.09714], [48.26388, 69.11909], [48.27108, 69.1326], [48.26748, 69.13935], [48.26748, 69.17144], [48.26748, 69.17819], [48.26388, 69.19676], [48.27108, 69.22716], [48.28908, 69.25587], [48.30348, 69.27613], [48.33588, 69.29977], [48.40068, 69.33861], [48.42948, 69.36225], [48.44748, 69.37238], [48.50869, 69.38926], [48.56629, 69.41966], [48.80749, 69.49395], [48.90469, 69.50746], [49.08469, 69.51759], [49.27189, 69.50746], [49.6931, 69.39771], [50.0243, 69.29977], [50.1647, 69.26093], [50.2223, 69.22885], [50.2763, 69.1917], [50.3231, 69.15117], [50.3123, 69.11065], [50.2475, 69.05661], [50.1683, 69.01102], [50.1143, 68.99582], [50.1215, 69.00764], [50.1251, 69.01271], [50.1323, 69.01609], [50.1215, 69.03973], [50.1395, 69.06337], [50.1899, 69.10558], [50.2187, 69.14442], [50.2223, 69.15455], [50.2079, 69.15793], [50.1791, 69.15286], [50.1323, 69.14104], [50.0243, 69.09207], [49.9847, 69.08532], [49.9559, 69.07519]]], [[[33.98614, 69.36225], [33.97534, 69.369], [33.98254, 69.38082], [33.99694, 69.38757], [34.02934, 69.39433], [34.12294, 69.40615], [34.21654, 69.40784], [34.40734, 69.35211], [34.38214, 69.34198], [34.02574, 69.3538], [33.98614, 69.36225]]], [[[53.04833, 71.07277], [53.04113, 71.03394], [53.06993, 71.01705], [53.10953, 71.00692], [53.13833, 70.99341], [53.12033, 70.97653], [53.06273, 70.96639], [53.00873, 70.96808], [53.01233, 70.99003], [53.01593, 71.00354], [52.97273, 71.02887], [52.97273, 71.04576], [52.95473, 71.05758], [52.93313, 71.06433], [52.79993, 71.09304], [52.80353, 71.10655], [52.79633, 71.11499], [52.77473, 71.13019], [52.77473, 71.13525], [52.77473, 71.1572], [52.77113, 71.16733], [52.75673, 71.17747], [52.68473, 71.18929], [52.67033, 71.19604], [52.65953, 71.21293], [52.64153, 71.22306], [52.60553, 71.23825], [52.55873, 71.24839], [52.51193, 71.25007], [52.45072, 71.23657], [52.35352, 71.24501], [52.25632, 71.27372], [52.22752, 71.28722], [52.21312, 71.30749], [52.21672, 71.33282], [52.23112, 71.34295], [52.25632, 71.3497], [52.37152, 71.36321], [52.38952, 71.36996], [52.41112, 71.37672], [52.46152, 71.37334], [52.48312, 71.37672], [52.50833, 71.38516], [52.52993, 71.38854], [52.64513, 71.3801], [52.67033, 71.37334], [52.70273, 71.35477], [52.72073, 71.3497], [52.73873, 71.35308], [52.70273, 71.37165], [52.68833, 71.38347], [52.68833, 71.39698], [52.70993, 71.40711], [52.74233, 71.40542], [52.88273, 71.37841], [52.90793, 71.36659], [52.92233, 71.35646], [52.94393, 71.33282], [52.95833, 71.31931], [52.97633, 71.31255], [52.99433, 71.3058], [53.01233, 71.29736], [53.01953, 71.28216], [53.00513, 71.27878], [52.91513, 71.30918], [52.90433, 71.31931], [52.87913, 71.34295], [52.86113, 71.35308], [52.80353, 71.37165], [52.77113, 71.37841], [52.74593, 71.37334], [52.77473, 71.36996], [52.84673, 71.34632], [52.87553, 71.33282], [52.85393, 71.32437], [52.82873, 71.32268], [52.77833, 71.32606], [52.77833, 71.31931], [53.06273, 71.23825], [53.11313, 71.23319], [53.15633, 71.24332], [53.13833, 71.25007], [53.12033, 71.25176], [53.08073, 71.25007], [53.08073, 71.25683], [53.09873, 71.26021], [53.12753, 71.26865], [53.14193, 71.27034], [53.15993, 71.26865], [53.19233, 71.26021], [53.21033, 71.25683], [53.19953, 71.24163], [53.19593, 71.22643], [53.20673, 71.2163], [53.23193, 71.2163], [53.20673, 71.19773], [53.20313, 71.19266], [53.20673, 71.18591], [53.21753, 71.16733], [53.20313, 71.15214], [53.16353, 71.13863], [53.14913, 71.12681], [53.14913, 71.12005], [53.15993, 71.10823], [53.15993, 71.10317], [53.15273, 71.09473], [53.14193, 71.09135], [53.13473, 71.08797], [53.12033, 71.08628], [53.09873, 71.08628], [53.08073, 71.09135], [53.06273, 71.08797], [53.04833, 71.07277]]], [[[53.23913, 71.35477], [53.36873, 71.29229], [53.37953, 71.28385], [53.39393, 71.28047], [53.39033, 71.27878], [53.37233, 71.27878], [53.35433, 71.28047], [53.24273, 71.30918], [53.23193, 71.31593], [53.21033, 71.3345], [53.19953, 71.34126], [53.17073, 71.3497], [53.15993, 71.35477], [53.17073, 71.35814], [53.18513, 71.35646], [53.19953, 71.35477], [53.21393, 71.35814], [53.23913, 71.35477]]], [[[50.96391, 80.1016], [50.99991, 80.10329], [51.02871, 80.08978], [51.05391, 80.07458], [51.08631, 80.06276], [51.26631, 80.05601], [51.24831, 80.04925], [51.21231, 80.0425], [51.20151, 80.03237], [51.19791, 80.02223], [51.20151, 80.01041], [51.20871, 80.00028], [51.21591, 79.99522], [51.25551, 79.9834], [51.34551, 79.97664], [51.38871, 79.96651], [51.36711, 79.96145], [51.34551, 79.953], [51.38151, 79.95469], [51.47151, 79.94456], [51.50392, 79.93274], [51.46431, 79.92092], [51.42111, 79.91585], [50.96031, 79.93612], [50.50311, 79.95469], [50.0459, 79.97495], [50.0495, 79.97664], [50.0567, 79.97833], [50.2295, 79.99522], [50.55351, 79.98846], [50.58231, 79.99522], [50.62551, 80.02899], [50.65431, 80.04419], [50.69391, 80.05432], [50.85591, 80.06783], [50.96391, 80.1016]]], [[[50.1251, 80.14212], [50.0711, 80.11173], [50.0855, 80.10329], [50.0783, 80.09991], [50.0675, 80.09484], [50.0603, 80.08978], [50.0531, 80.08302], [50.0639, 80.08302], [50.0783, 80.07965], [50.0855, 80.07458], [50.0819, 80.06783], [50.0423, 80.05938], [49.9991, 80.05601], [49.8839, 80.06951], [49.7903, 80.09653], [49.7327, 80.10329], [49.6283, 80.13199], [49.5743, 80.13706], [49.5491, 80.14381], [49.5311, 80.15901], [49.5599, 80.17252], [49.8407, 80.21473], [49.8803, 80.22993], [49.8983, 80.23331], [50.2295, 80.22655], [50.3195, 80.19616], [50.3339, 80.18096], [50.3159, 80.16745], [50.1251, 80.14212]]], [[[36.85537, 80.15225], [36.82657, 80.14212], [36.78697, 80.14043], [36.70777, 80.1455], [36.64657, 80.1455], [36.61777, 80.15057], [36.59257, 80.15901], [36.65377, 80.17421], [36.85537, 80.15225]]], [[[54.13914, 80.20122], [54.14634, 80.20629], [54.14994, 80.21135], [54.14994, 80.21642], [54.15714, 80.22149], [54.16794, 80.22824], [54.16794, 80.23668], [54.15354, 80.24344], [54.12114, 80.2485], [54.11034, 80.25188], [54.10314, 80.26032], [54.09954, 80.27214], [54.11034, 80.28734], [54.13194, 80.29409], [54.19314, 80.3076], [54.24354, 80.30929], [54.30114, 80.30423], [54.39474, 80.28903], [54.40914, 80.28565], [54.41994, 80.2789], [54.42714, 80.27214], [54.42354, 80.26539], [54.40914, 80.26032], [54.39834, 80.25863], [54.39834, 80.25188], [54.40554, 80.23668], [54.40554, 80.22149], [54.38034, 80.20967], [54.31554, 80.20122], [54.20754, 80.20122], [54.19674, 80.19785], [54.18954, 80.19278], [54.17874, 80.1894], [54.15714, 80.1894], [54.14274, 80.19278], [54.13914, 80.19616], [54.13914, 80.20122]]], [[[52.68473, 80.35826], [52.69913, 80.36839], [52.77113, 80.38021], [52.86113, 80.40554], [52.90433, 80.4123], [52.95113, 80.4123], [53.02313, 80.40048], [53.04833, 80.39879], [53.14913, 80.4123], [53.29313, 80.40892], [53.33993, 80.39879], [53.32193, 80.37852], [53.34713, 80.35995], [53.53074, 80.30929], [53.86194, 80.27552], [53.86914, 80.27045], [53.85474, 80.26032], [53.82234, 80.24175], [53.76474, 80.22317], [53.73234, 80.21811], [53.70354, 80.22149], [53.68914, 80.22824], [53.67834, 80.23668], [53.66394, 80.24513], [53.64234, 80.2485], [53.61714, 80.24681], [53.58834, 80.24175], [53.56314, 80.23331], [53.53794, 80.22149], [53.53074, 80.21135], [53.51994, 80.1894], [53.51274, 80.17927], [53.49113, 80.17252], [53.06633, 80.17252], [52.64513, 80.17252], [52.62353, 80.18265], [52.60193, 80.19953], [52.35712, 80.20798], [52.30312, 80.22317], [52.18432, 80.27552], [52.20592, 80.28227], [52.25632, 80.28396], [52.30672, 80.29241], [52.56953, 80.28903], [52.59473, 80.29578], [52.58753, 80.30929], [52.60193, 80.31436], [52.70633, 80.31773], [52.73153, 80.3228], [52.73153, 80.32955], [52.71713, 80.33124], [52.69913, 80.33631], [52.68473, 80.34475], [52.68473, 80.35826]]], [[[50.0855, 80.5153], [50.0459, 80.49841], [49.7291, 80.49504], [49.6751, 80.48153], [49.7075, 80.46971], [49.7579, 80.46295], [49.7975, 80.45282], [49.7975, 80.42749], [49.8083, 80.4258], [49.8227, 80.42243], [49.8299, 80.41567], [49.8299, 80.40892], [49.8155, 80.40048], [49.49149, 80.36333], [49.16389, 80.37515], [48.83989, 80.38866], [48.79309, 80.36502], [48.79669, 80.36164], [48.81829, 80.34982], [48.65269, 80.31773], [48.62749, 80.29578], [48.68149, 80.28734], [48.89749, 80.28227], [48.94429, 80.27383], [49.03789, 80.24175], [49.02349, 80.22993], [48.99109, 80.22149], [48.97669, 80.21304], [49.07029, 80.19953], [49.10629, 80.1894], [49.08469, 80.17252], [49.06309, 80.16914], [49.00909, 80.16914], [48.99109, 80.16576], [48.98749, 80.16239], [48.98749, 80.15732], [48.98389, 80.15394], [48.96949, 80.15225], [48.73549, 80.15901], [48.58429, 80.20291], [48.52669, 80.20967], [48.49788, 80.19278], [48.54109, 80.16914], [48.55189, 80.15901], [48.51229, 80.12355], [48.44388, 80.1016], [48.37188, 80.09147], [48.31788, 80.09991], [48.28908, 80.11342], [48.22428, 80.13537], [48.19188, 80.13875], [48.11628, 80.13706], [48.07668, 80.1303], [48.04428, 80.11848], [48.04428, 80.11173], [48.04788, 80.10666], [48.04788, 80.09991], [48.03708, 80.09147], [48.01908, 80.08978], [47.66268, 80.06951], [47.62668, 80.07289], [47.60508, 80.07796], [47.60508, 80.08809], [47.63748, 80.10329], [47.63388, 80.11848], [47.73828, 80.16239], [47.78868, 80.17589], [48.04788, 80.1894], [48.08388, 80.20798], [47.90028, 80.20122], [47.84628, 80.21304], [47.87148, 80.22486], [47.93988, 80.22486], [47.96868, 80.23499], [47.92908, 80.24681], [47.67708, 80.2485], [47.60148, 80.23837], [47.45027, 80.24006], [47.33867, 80.21304], [47.37467, 80.19447], [47.38547, 80.18603], [47.21267, 80.1894], [47.10107, 80.17083], [46.89587, 80.19109], [46.89227, 80.2046], [46.90307, 80.21811], [46.90667, 80.22824], [46.88867, 80.23668], [46.65827, 80.27383], [46.61867, 80.29578], [46.65107, 80.31436], [47.09027, 80.37177], [47.11907, 80.36839], [47.16227, 80.35826], [47.19107, 80.34306], [47.17307, 80.3228], [47.22347, 80.30929], [47.42867, 80.3228], [47.55468, 80.30423], [47.63748, 80.31605], [48.01548, 80.30929], [47.97228, 80.32111], [48.13428, 80.32618], [48.18828, 80.338], [48.14868, 80.34306], [48.06588, 80.34644], [47.91108, 80.36839], [47.68788, 80.37346], [47.66268, 80.37852], [47.63748, 80.38866], [47.61948, 80.40554], [47.91108, 80.41061], [48.20268, 80.41567], [48.23508, 80.42749], [48.20268, 80.43425], [48.13068, 80.43594], [48.09828, 80.44607], [48.10908, 80.45282], [48.14148, 80.46802], [48.10188, 80.47646], [47.96868, 80.46802], [47.82108, 80.47646], [47.42507, 80.44269], [47.37827, 80.45282], [47.41427, 80.46633], [47.71308, 80.50686], [48.01188, 80.54738], [48.16308, 80.53387], [48.19548, 80.53556], [48.29988, 80.56089], [48.37548, 80.57102], [48.41508, 80.57102], [48.52669, 80.544], [48.56629, 80.54232], [48.55909, 80.53725], [48.54109, 80.52374], [48.53029, 80.5153], [48.56989, 80.50517], [48.70309, 80.5153], [48.78589, 80.49841], [48.82909, 80.49841], [48.87229, 80.50854], [48.91549, 80.52543], [48.93349, 80.52881], [48.96229, 80.5305], [49.13509, 80.51699], [49.18909, 80.52205], [49.22869, 80.53725], [49.18909, 80.54738], [49.17469, 80.55582], [49.19269, 80.56089], [49.22869, 80.56427], [49.24669, 80.56933], [49.25389, 80.57271], [49.26109, 80.57778], [49.27189, 80.58284], [49.35469, 80.58791], [49.39069, 80.59635], [49.40869, 80.61661], [49.37629, 80.61661], [49.34029, 80.61999], [49.30789, 80.62843], [49.28629, 80.64532], [49.43029, 80.65545], [49.6319, 80.64025], [49.6679, 80.65207], [49.6607, 80.65545], [49.6355, 80.66558], [49.6391, 80.66896], [49.6535, 80.68078], [49.6463, 80.68416], [49.6355, 80.68753], [49.6247, 80.68753], [49.6139, 80.68753], [49.6823, 80.7213], [49.6283, 80.73144], [49.20349, 80.69429], [49.22509, 80.71455], [49.26469, 80.72806], [49.30429, 80.73481], [49.34029, 80.73481], [49.30069, 80.74663], [49.24309, 80.74494], [49.04509, 80.71455], [48.99829, 80.71962], [48.95509, 80.73481], [48.99109, 80.74832], [49.07389, 80.75845], [49.11349, 80.77027], [49.08829, 80.77534], [49.00189, 80.77534], [49.34029, 80.81418], [49.6787, 80.85301], [49.7579, 80.8851], [49.8011, 80.89354], [50.2367, 80.93407], [50.3015, 80.92225], [50.3987, 80.92056], [50.4419, 80.91211], [50.4419, 80.90536], [50.1323, 80.89016], [50.0783, 80.87665], [50.0243, 80.87328], [49.9991, 80.86483], [50.0243, 80.85808], [50.3735, 80.87665], [50.72271, 80.89523], [50.82711, 80.91887], [50.85591, 80.91887], [50.87751, 80.91211], [50.92071, 80.88847], [51.04671, 80.85133], [51.01791, 80.83782], [50.98191, 80.83106], [50.79471, 80.83106], [50.69031, 80.81418], [50.4707, 80.80911], [50.4707, 80.80405], [50.52831, 80.7956], [50.54631, 80.79054], [50.51031, 80.77703], [50.3123, 80.76521], [50.2763, 80.75676], [50.2511, 80.74157], [50.2799, 80.74157], [50.2979, 80.73312], [50.3195, 80.72468], [50.3411, 80.71624], [50.3735, 80.71286], [50.65431, 80.76521], [50.67951, 80.76352], [50.73351, 80.74663], [50.76591, 80.74157], [50.79471, 80.74326], [50.84511, 80.76859], [50.88471, 80.77365], [51.00711, 80.77703], [51.03951, 80.77534], [51.05391, 80.76521], [51.06831, 80.7517], [51.10071, 80.74832], [51.16191, 80.75508], [51.14391, 80.7669], [51.15471, 80.77534], [51.31311, 80.79054], [51.30951, 80.78041], [51.30591, 80.77534], [51.33471, 80.76859], [51.39591, 80.76014], [51.44991, 80.74157], [51.48231, 80.7365], [51.68752, 80.72806], [51.71992, 80.72637], [51.73432, 80.72299], [51.74512, 80.71455], [51.74152, 80.70948], [51.73072, 80.70611], [51.72712, 80.70104], [51.73072, 80.69429], [51.70192, 80.6774], [51.43911, 80.64701], [51.17631, 80.6183], [51.12231, 80.6031], [50.99631, 80.54738], [50.94951, 80.53725], [50.53551, 80.53218], [50.1215, 80.52712], [50.0855, 80.5153]]], [[[54.40914, 80.54232], [54.38754, 80.52543], [54.40194, 80.5153], [54.45954, 80.50179], [54.45594, 80.48997], [54.45954, 80.48659], [54.46674, 80.48153], [54.44874, 80.4714], [54.43074, 80.46464], [54.40914, 80.46126], [54.39114, 80.45958], [54.36954, 80.4562], [54.35874, 80.44776], [54.34794, 80.43594], [54.33354, 80.42918], [54.28674, 80.42074], [54.23994, 80.42074], [53.79714, 80.47308], [53.85474, 80.48153], [53.83674, 80.50517], [53.84754, 80.51023], [53.85834, 80.51192], [53.88354, 80.51023], [53.97354, 80.52881], [53.94474, 80.53894], [53.85834, 80.55414], [53.84034, 80.5744], [53.85474, 80.59973], [53.88354, 80.61155], [54.26874, 80.58791], [54.31554, 80.57778], [54.22194, 80.57778], [54.17154, 80.57271], [54.13554, 80.55582], [54.16434, 80.54738], [54.40914, 80.54232]]], [[[46.07146, 80.56764], [46.04266, 80.57271], [45.99586, 80.57778], [45.83746, 80.55076], [45.78346, 80.54907], [45.77626, 80.55245], [45.76906, 80.55751], [45.75826, 80.56258], [45.75106, 80.56089], [45.71146, 80.55076], [45.67186, 80.54738], [45.62146, 80.53387], [45.51706, 80.52036], [45.48825, 80.52374], [45.47385, 80.53218], [45.44505, 80.55076], [45.42705, 80.55751], [45.37665, 80.57271], [45.27225, 80.5896], [44.89425, 80.60479], [44.85825, 80.61661], [44.87985, 80.62506], [44.90865, 80.63012], [45.00585, 80.6335], [45.09585, 80.6487], [45.56746, 80.67234], [46.04266, 80.69766], [46.51787, 80.7213], [46.51787, 80.72806], [46.48906, 80.72637], [46.39906, 80.73481], [46.41706, 80.74157], [46.44226, 80.74494], [46.92107, 80.74832], [47.02187, 80.76014], [47.11187, 80.78885], [47.18027, 80.79898], [47.20187, 80.80911], [47.11907, 80.82093], [47.09027, 80.83106], [47.13707, 80.84288], [47.53668, 80.85639], [47.86428, 80.81249], [48.03708, 80.80742], [48.27468, 80.83106], [48.49788, 80.79729], [48.65629, 80.75508], [48.60589, 80.74494], [48.50149, 80.75001], [48.45468, 80.72806], [48.61669, 80.69766], [48.63469, 80.68078], [48.66709, 80.6774], [48.76429, 80.65883], [48.75709, 80.6487], [48.75349, 80.63688], [48.75349, 80.62506], [48.74989, 80.61661], [48.72829, 80.61155], [48.69589, 80.61324], [48.64189, 80.62506], [48.50869, 80.63519], [48.45828, 80.6487], [48.43308, 80.65207], [48.06228, 80.6622], [47.99028, 80.68078], [48.00828, 80.70104], [48.00108, 80.70948], [47.95068, 80.7078], [47.92188, 80.71117], [47.78148, 80.76521], [47.74908, 80.77027], [47.71668, 80.76859], [47.63748, 80.75339], [47.55828, 80.74832], [47.57268, 80.74326], [47.59788, 80.72975], [47.61228, 80.72806], [47.52948, 80.72806], [47.49347, 80.73481], [47.47547, 80.73481], [47.48987, 80.71793], [47.54748, 80.69429], [47.57268, 80.68078], [47.50788, 80.67234], [47.43227, 80.68584], [47.36027, 80.68753], [47.30267, 80.65207], [47.43227, 80.60986], [47.44307, 80.60142], [47.43227, 80.59466], [47.39627, 80.59128], [47.19827, 80.62506], [47.14067, 80.61492], [47.11187, 80.60648], [47.06147, 80.59635], [47.03627, 80.58453], [47.03267, 80.57778], [47.01827, 80.56258], [47.01107, 80.55582], [46.99307, 80.55245], [46.66547, 80.56596], [46.63307, 80.55582], [46.68707, 80.52881], [46.66907, 80.51699], [46.64387, 80.5153], [46.59707, 80.52205], [46.54667, 80.52374], [46.51787, 80.51868], [46.49626, 80.50854], [46.52147, 80.48322], [46.52867, 80.47477], [46.48186, 80.45958], [46.08226, 80.43931], [46.05346, 80.44776], [46.03186, 80.46464], [46.02106, 80.48828], [46.02826, 80.5153], [46.04266, 80.52543], [46.07866, 80.54569], [46.08226, 80.55582], [46.07146, 80.56764]]], [[[50.93871, 81.0911], [50.76591, 81.08773], [50.74431, 81.07759], [50.75151, 81.06746], [50.78031, 81.0624], [50.78391, 81.05395], [50.77311, 81.04382], [50.75151, 81.04045], [50.57511, 81.0472], [50.4527, 81.01681], [50.4095, 81.01343], [50.3735, 81.02356], [50.3771, 81.02694], [50.3807, 81.03031], [50.3915, 81.03707], [50.4131, 81.04045], [50.4419, 81.04889], [50.4635, 81.05902], [50.4779, 81.06915], [50.3483, 81.0911], [50.3879, 81.10461], [50.3843, 81.10968], [50.3735, 81.1215], [50.3663, 81.12487], [50.4959, 81.12487], [50.51751, 81.12825], [50.53911, 81.13838], [50.52831, 81.14683], [50.4923, 81.15865], [50.52831, 81.16709], [50.77671, 81.17047], [50.81991, 81.1654], [50.91351, 81.14345], [50.94951, 81.12487], [50.97831, 81.1063], [50.96751, 81.09617], [50.93871, 81.0911]]], [[[54.32634, 68.32208], [54.30114, 68.31702], [54.29754, 68.31364], [54.30834, 68.31364], [54.31914, 68.31195], [54.32994, 68.31195], [54.34074, 68.30688], [54.34434, 68.29338], [54.33714, 68.27649], [54.32634, 68.26298], [54.31554, 68.2596], [54.22194, 68.24441], [54.20394, 68.24947], [54.20034, 68.25623], [54.19674, 68.26298], [54.20034, 68.26467], [54.20034, 68.26974], [54.20034, 68.27818], [54.21114, 68.29169], [54.23994, 68.30351], [54.30114, 68.32715], [54.32994, 68.33052], [54.33714, 68.32715], [54.32634, 68.32208]]], [[[54.19314, 68.81346], [54.20394, 68.81852], [54.21474, 68.82021], [54.22194, 68.82021], [54.26514, 68.81684], [54.37314, 68.79151], [54.39474, 68.78306], [54.38754, 68.778], [54.22914, 68.79657], [54.21114, 68.80164], [54.19674, 68.80839], [54.19314, 68.81346]]], [[[54.91315, 68.93672], [54.92755, 68.9401], [54.97435, 68.9401], [55.01395, 68.93504], [55.02115, 68.92828], [55.02115, 68.91477], [54.98875, 68.9114], [54.94915, 68.91815], [54.92395, 68.9249], [54.91315, 68.93166], [54.91315, 68.93672]]], [[[55.22635, 68.91308], [55.24075, 68.92659], [55.24795, 68.92659], [55.33795, 68.94686], [55.37035, 68.94854], [55.44235, 68.9401], [55.48195, 68.92997], [55.50716, 68.91308], [55.36675, 68.92659], [55.25875, 68.91308], [55.22635, 68.91308]]], [[[54.69355, 68.99751], [54.69715, 68.98232], [54.68635, 68.96881], [54.66475, 68.96036], [54.63955, 68.95699], [54.60355, 68.9553], [54.58195, 68.95699], [54.57115, 68.96374], [54.58915, 68.97556], [54.59635, 68.97556], [54.61795, 68.99751], [54.62875, 69.00596], [54.64315, 69.00933], [54.66115, 69.00933], [54.67915, 69.00596], [54.69355, 68.99751]]], [[[59.20079, 69.22885], [59.19359, 69.22547], [59.18639, 69.21872], [59.17919, 69.21534], [59.19359, 69.20521], [59.23319, 69.19001], [59.24039, 69.17819], [59.24039, 69.15962], [59.24039, 69.15286], [59.24399, 69.14611], [59.22959, 69.15455], [59.21519, 69.1613], [59.19719, 69.16468], [59.17199, 69.16975], [59.16119, 69.17481], [59.13959, 69.19001], [59.12519, 69.19676], [59.08199, 69.22885], [59.06039, 69.24236], [58.78319, 69.32679], [58.76159, 69.33861], [58.78679, 69.34367], [58.81559, 69.34029], [59.15039, 69.25418], [59.20079, 69.22885]]], [[[59.9748, 69.71178], [59.9208, 69.68814], [59.9244, 69.68308], [59.9352, 69.66788], [59.9136, 69.66957], [59.8992, 69.67801], [59.892, 69.68645], [59.8812, 69.6949], [59.8524, 69.69827], [59.7696, 69.6949], [59.5644, 69.71516], [59.5788, 69.73036], [59.568, 69.74218], [59.5464, 69.75062], [59.5356, 69.75906], [59.5464, 69.77932], [59.5716, 69.7827], [59.604, 69.7827], [59.622, 69.78777], [59.622, 69.80465], [59.604, 69.81816], [59.47799, 69.86375], [59.43119, 69.88908], [59.39879, 69.89584], [59.36639, 69.89415], [59.30519, 69.88402], [59.26919, 69.88908], [59.23679, 69.89921], [59.20799, 69.91103], [59.17919, 69.91948], [59.08199, 69.92116], [58.93799, 69.94143], [58.95239, 69.9313], [58.97759, 69.91948], [59.00639, 69.91103], [59.05319, 69.90259], [59.13239, 69.87388], [59.11079, 69.86038], [59.07839, 69.857], [59.01719, 69.86038], [59.02079, 69.87388], [59.00279, 69.87388], [58.97759, 69.87895], [58.95599, 69.88739], [58.95239, 69.89415], [58.94159, 69.90597], [58.89839, 69.92792], [58.69679, 70.00222], [58.57079, 70.0782], [58.60319, 70.11366], [58.58879, 70.11873], [58.55999, 70.12379], [58.54919, 70.13393], [58.56359, 70.13393], [58.61039, 70.14068], [58.60319, 70.14575], [58.59599, 70.15081], [58.58519, 70.1525], [58.57799, 70.15419], [58.58159, 70.15925], [58.58879, 70.17614], [58.59239, 70.18121], [58.57439, 70.18458], [58.55639, 70.18289], [58.54199, 70.17783], [58.52039, 70.17445], [58.51679, 70.17614], [58.51319, 70.18627], [58.50959, 70.18965], [58.49518, 70.19303], [58.45198, 70.19471], [58.46278, 70.20653], [58.49158, 70.21835], [58.50239, 70.23017], [58.48078, 70.23355], [58.44838, 70.23355], [58.42318, 70.24031], [58.41238, 70.26057], [58.43038, 70.2707], [58.46638, 70.2707], [58.82279, 70.21667], [58.81559, 70.2268], [58.79399, 70.24368], [58.79039, 70.25381], [58.77599, 70.25888], [58.69679, 70.27914], [58.67159, 70.29434], [58.66079, 70.29941], [58.52399, 70.33149], [58.49518, 70.33149], [58.52039, 70.34837], [58.55999, 70.34669], [58.63919, 70.33149], [58.63199, 70.345], [58.64999, 70.35344], [58.67519, 70.36019], [58.72199, 70.36695], [58.72919, 70.36864], [58.73999, 70.3737], [58.75439, 70.38721], [58.76159, 70.39734], [58.75439, 70.39903], [58.74719, 70.40072], [58.73999, 70.40747], [58.73639, 70.41592], [58.73279, 70.41592], [58.72919, 70.41761], [58.73999, 70.42774], [58.74719, 70.43111], [58.77599, 70.43449], [58.87319, 70.43449], [58.90199, 70.43956], [58.98119, 70.46995], [59.02439, 70.48008], [59.04239, 70.46658], [59.04599, 70.45476], [59.06039, 70.44462], [59.07839, 70.43787], [59.12159, 70.43111], [59.31599, 70.37201], [59.35199, 70.35344], [59.43839, 70.28759], [59.46719, 70.27745], [59.5104, 70.27239], [59.532, 70.26563], [59.5428, 70.25381], [59.5356, 70.21667], [59.5356, 70.20822], [59.5536, 70.19978], [59.64, 70.20147], [59.7048, 70.17783], [59.73, 70.17445], [59.7516, 70.17445], [59.766, 70.17107], [59.7732, 70.16263], [59.7768, 70.14406], [59.784, 70.13224], [59.7984, 70.12717], [59.838, 70.12717], [59.928, 70.09847], [59.9568, 70.09847], [60.0, 70.10252], [60.0, 69.71917], [59.9748, 69.71178]]], [[[56.93277, 70.5662], [56.91477, 70.57802], [56.86077, 70.58478], [56.84277, 70.60673], [56.95077, 70.58309], [57.01197, 70.57633], [57.02637, 70.57127], [57.05517, 70.55776], [57.07317, 70.55438], [57.11637, 70.55776], [57.19197, 70.54087], [57.22077, 70.52568], [57.20637, 70.51048], [57.18837, 70.51048], [57.10197, 70.53412], [57.05517, 70.53918], [57.03717, 70.54425], [57.05877, 70.52905], [57.11997, 70.51554], [57.13797, 70.49697], [57.06237, 70.50204], [56.92917, 70.53243], [56.89677, 70.55776], [56.91477, 70.56451], [56.92197, 70.5662], [56.93277, 70.5662]]], [[[52.09072, 72.07579], [52.11592, 72.10787], [52.15192, 72.12138], [52.18792, 72.12982], [52.20952, 72.12814], [52.19872, 72.11125], [52.19152, 72.10112], [52.18792, 72.09268], [52.19872, 72.08254], [52.21672, 72.08592], [52.23832, 72.09099], [52.25992, 72.0893], [52.29592, 72.0741], [52.33192, 72.07072], [52.36792, 72.07579], [52.41112, 72.08592], [52.38952, 72.09268], [52.38232, 72.1045], [52.38952, 72.118], [52.41112, 72.12814], [52.39672, 72.13489], [52.38592, 72.14333], [52.37152, 72.15178], [52.36792, 72.16191], [52.38232, 72.17204], [52.41472, 72.16866], [52.46512, 72.15515], [52.48312, 72.15684], [52.49032, 72.1636], [52.48312, 72.17373], [52.40032, 72.2227], [52.42552, 72.23114], [52.44352, 72.22776], [52.48312, 72.20919], [52.47952, 72.21425], [52.46512, 72.23114], [52.47232, 72.23283], [52.48312, 72.24127], [52.49032, 72.24465], [52.47952, 72.25478], [52.46512, 72.26153], [52.44712, 72.26322], [52.42912, 72.26491], [52.41472, 72.26998], [52.41112, 72.28011], [52.41472, 72.28855], [52.42912, 72.28855], [52.46512, 72.27504], [52.54793, 72.26491], [52.58753, 72.26491], [52.58393, 72.2666], [52.57313, 72.27504], [52.56593, 72.27842], [52.59473, 72.29024], [52.67033, 72.30712], [52.68473, 72.32232], [52.67033, 72.34596], [52.59833, 72.35609], [52.58033, 72.37467], [52.64873, 72.3544], [52.72433, 72.34596], [52.86833, 72.34596], [52.84673, 72.3544], [52.77833, 72.3544], [52.71353, 72.36622], [52.68833, 72.36791], [52.70273, 72.38649], [52.69193, 72.4], [52.67393, 72.4135], [52.66313, 72.4287], [52.68473, 72.44728], [52.78553, 72.44559], [52.82153, 72.45065], [52.76033, 72.47429], [52.72793, 72.47936], [52.68113, 72.47092], [52.68113, 72.47936], [52.68833, 72.48949], [52.69913, 72.49793], [52.71353, 72.50638], [52.73153, 72.51144], [52.74593, 72.51144], [52.75673, 72.50469], [52.83233, 72.51144], [52.86833, 72.5182], [52.86833, 72.53846], [52.88273, 72.54859], [52.92953, 72.55872], [52.92593, 72.5621], [52.90793, 72.57392], [52.95473, 72.5773], [52.99793, 72.58743], [53.07713, 72.59418], [53.10233, 72.60094], [52.91513, 72.59756], [52.76393, 72.56041], [52.72433, 72.55872], [52.73513, 72.5773], [52.75313, 72.59249], [52.77113, 72.60263], [52.80713, 72.60938], [52.81073, 72.61445], [52.81073, 72.61951], [52.79993, 72.62627], [52.78553, 72.62627], [52.73873, 72.6212], [52.75313, 72.63809], [52.77833, 72.64822], [52.97993, 72.67523], [53.01233, 72.67355], [53.10953, 72.64991], [53.21753, 72.64822], [53.19593, 72.65666], [53.08793, 72.6651], [53.00513, 72.68368], [52.79273, 72.68199], [52.74593, 72.67186], [52.57673, 72.67017], [52.54793, 72.67523], [52.52993, 72.68537], [52.50113, 72.70394], [52.47952, 72.71069], [52.42552, 72.71238], [52.39672, 72.71745], [52.37512, 72.73096], [52.39312, 72.75122], [52.41832, 72.7546], [52.44712, 72.75291], [52.46872, 72.76135], [52.47232, 72.76979], [52.47952, 72.79006], [52.48312, 72.7985], [52.50113, 72.80863], [52.55513, 72.82383], [52.59473, 72.85253], [52.61633, 72.86267], [53.02673, 72.92514], [53.30753, 72.87786], [53.34713, 72.87786], [53.38313, 72.88799], [53.33633, 72.89475], [53.29313, 72.90826], [53.31833, 72.91501], [53.39033, 72.90826], [53.38313, 72.9167], [53.38313, 72.92008], [53.39393, 72.93021], [53.36153, 72.94034], [53.23193, 72.93696], [53.17073, 72.94878], [53.14193, 72.96229], [53.13833, 72.98087], [53.14193, 72.98931], [53.13833, 72.99606], [53.13833, 73.00282], [53.14193, 73.01126], [53.15273, 73.01464], [53.19233, 73.01802], [53.38313, 73.01126], [53.36153, 73.01802], [53.31833, 73.02646], [53.30033, 73.03321], [53.28953, 73.04166], [53.27873, 73.05348], [53.26793, 73.06192], [53.25713, 73.0653], [53.18513, 73.07036], [53.15273, 73.08049], [53.12033, 73.10076], [53.15273, 73.10582], [53.15993, 73.11258], [53.16353, 73.1244], [53.15993, 73.14128], [53.15633, 73.14635], [53.15633, 73.15141], [53.17073, 73.16154], [53.18873, 73.17336], [53.32193, 73.22064], [53.36873, 73.2274], [53.41193, 73.24091], [53.43353, 73.24428], [53.53434, 73.22909], [53.55954, 73.23415], [53.65674, 73.27468], [53.75394, 73.29832], [53.86194, 73.3017], [54.07794, 73.27299], [54.18954, 73.27299], [54.32634, 73.30845], [54.39834, 73.3152], [54.41274, 73.32196], [54.44514, 73.34053], [54.53155, 73.37599], [54.58555, 73.38613], [54.69355, 73.39119], [54.76915, 73.41145], [54.81595, 73.41314], [54.86995, 73.42496], [54.93475, 73.42496], [55.12555, 73.39457], [55.30555, 73.33885], [55.48915, 73.32027], [55.75916, 73.32871], [55.80956, 73.31352], [55.80956, 73.31014], [55.80596, 73.29663], [55.80956, 73.29325], [55.81676, 73.28988], [56.12636, 73.25948], [56.43596, 73.23078], [56.45396, 73.22402], [56.46476, 73.21727], [56.47916, 73.20376], [56.48636, 73.197], [56.55837, 73.16661], [56.57997, 73.15141], [56.58357, 73.12946], [56.54757, 73.12102], [56.17676, 73.094], [55.80956, 73.0653], [55.84556, 73.05685], [56.11556, 73.06192], [56.38556, 73.06867], [56.46476, 73.05179], [56.42876, 73.02646], [56.37836, 73.0062], [56.32076, 72.99606], [56.22716, 73.00957], [55.92476, 72.98931], [55.87796, 72.97918], [55.64396, 72.97242], [55.61516, 72.96398], [55.63676, 72.96229], [55.68356, 72.95216], [55.70516, 72.95047], [55.81676, 72.95723], [55.97156, 72.94034], [56.11556, 72.96905], [56.21276, 72.97749], [56.25236, 72.97242], [56.25596, 72.95892], [56.21996, 72.90826], [56.23796, 72.89813], [56.23796, 72.88293], [56.21996, 72.85253], [56.21996, 72.84747], [56.21996, 72.82889], [56.21996, 72.82721], [56.20916, 72.82214], [56.17676, 72.81707], [56.17316, 72.80863], [56.13716, 72.78161], [56.06156, 72.77824], [55.86716, 72.80188], [55.73756, 72.78499], [55.67276, 72.78499], [55.50356, 72.80863], [55.48195, 72.80525], [55.43155, 72.78499], [55.60436, 72.78499], [55.71596, 72.75291], [55.80956, 72.75797], [55.85996, 72.73602], [55.94636, 72.66848], [55.76276, 72.67523], [55.64756, 72.70394], [55.61516, 72.69719], [55.71956, 72.65159], [55.72316, 72.63809], [55.69076, 72.62795], [55.62236, 72.6212], [55.63316, 72.60769], [55.64756, 72.59418], [55.68356, 72.57392], [55.66916, 72.5621], [55.61876, 72.54184], [55.59716, 72.53846], [55.55036, 72.54184], [55.52876, 72.55028], [55.48915, 72.57561], [55.45675, 72.58236], [55.26595, 72.58743], [55.44955, 72.56379], [55.46395, 72.53846], [55.50356, 72.53508], [55.54316, 72.52664], [55.55396, 72.51989], [55.55396, 72.51313], [55.53956, 72.49793], [55.53956, 72.4878], [55.53956, 72.47767], [55.53596, 72.4726], [55.52156, 72.47092], [55.43515, 72.47092], [55.37755, 72.4591], [55.35955, 72.46078], [55.33795, 72.46416], [55.15075, 72.46247], [55.11475, 72.45065], [55.31995, 72.4439], [55.35235, 72.43714], [55.37755, 72.43546], [55.44235, 72.4439], [55.46395, 72.43546], [55.46755, 72.42701], [55.46755, 72.4135], [55.47115, 72.40168], [55.48555, 72.39493], [55.48195, 72.3848], [55.47475, 72.37129], [55.46755, 72.35778], [55.46035, 72.35103], [55.38835, 72.31388], [55.37755, 72.30206], [55.40275, 72.28517], [55.51076, 72.25984], [55.52156, 72.2362], [55.56836, 72.20919], [55.57556, 72.19906], [55.56476, 72.18217], [55.54316, 72.17204], [55.49275, 72.15853], [55.42795, 72.11969], [55.40275, 72.11463], [55.38835, 72.10787], [55.36315, 72.07748], [55.34155, 72.06566], [55.42795, 72.06397], [55.45315, 72.0589], [55.43515, 72.04708], [55.39915, 72.0302], [55.38475, 72.01838], [55.37755, 72.00825], [55.37035, 71.99643], [55.36315, 71.98629], [55.34875, 71.97616], [55.36315, 71.97279], [55.37395, 71.96434], [55.38475, 71.95421], [55.39195, 71.94239], [55.35595, 71.94239], [55.24795, 71.9559], [55.25875, 71.94239], [55.24075, 71.93733], [55.22995, 71.93395], [55.22635, 71.92888], [55.39915, 71.92213], [55.41355, 71.92044], [55.44235, 71.91031], [55.49635, 71.90187], [55.50716, 71.89849], [55.51076, 71.89342], [55.51076, 71.88836], [55.51436, 71.88329], [55.52876, 71.86303], [55.52876, 71.85459], [55.52156, 71.84614], [55.52156, 71.83263], [55.52876, 71.78535], [55.55036, 71.74821], [55.62236, 71.68235], [55.67276, 71.61143], [55.75196, 71.5574], [55.80956, 71.53038], [55.83116, 71.51518], [55.88876, 71.4527], [55.91756, 71.43244], [55.98596, 71.40542], [56.01476, 71.38685], [56.02556, 71.36996], [56.05076, 71.321], [56.05436, 71.30242], [56.07236, 71.28047], [56.10476, 71.25852], [56.34236, 71.1572], [56.57997, 71.05589], [56.64837, 71.01367], [56.78877, 70.96808], [56.83917, 70.95964], [56.86437, 70.95289], [56.87877, 70.94444], [56.91837, 70.91405], [56.93637, 70.90729], [56.97597, 70.89716], [57.03717, 70.87015], [57.06237, 70.8617], [57.13077, 70.85664], [57.22797, 70.83806], [57.26757, 70.82118], [57.31077, 70.80936], [57.46557, 70.8178], [57.47997, 70.78909], [57.63838, 70.72999], [57.55558, 70.72662], [57.52678, 70.72999], [57.47997, 70.74519], [57.45837, 70.74857], [57.43317, 70.7435], [57.45837, 70.72493], [57.50518, 70.71648], [57.53758, 70.70466], [57.52678, 70.68102], [57.48717, 70.66752], [57.48717, 70.66583], [57.47277, 70.64725], [57.45837, 70.63712], [57.44037, 70.63037], [57.41877, 70.62699], [57.39717, 70.62699], [57.39717, 70.62024], [57.41157, 70.62024], [57.42597, 70.61855], [57.44037, 70.61348], [57.45117, 70.60673], [57.26037, 70.62868], [57.06957, 70.67258], [57.04437, 70.67596], [57.02277, 70.67427], [57.01197, 70.67258], [56.98677, 70.66076], [56.96877, 70.65907], [56.90397, 70.66752], [56.82117, 70.6996], [56.77797, 70.71142], [56.74197, 70.70298], [56.75277, 70.69284], [56.76717, 70.68609], [56.79597, 70.67427], [56.83917, 70.65063], [56.85357, 70.64725], [57.03717, 70.62699], [57.05877, 70.62868], [57.11277, 70.6405], [57.14157, 70.6405], [57.15237, 70.63881], [57.16317, 70.63374], [57.16677, 70.63037], [57.16677, 70.6253], [57.16677, 70.61855], [57.17037, 70.61348], [57.21357, 70.59997], [57.30357, 70.58646], [57.34317, 70.57127], [57.32157, 70.56451], [57.29637, 70.56451], [57.00837, 70.60335], [56.72037, 70.6405], [56.64117, 70.6692], [56.59797, 70.67427], [56.61237, 70.65907], [56.64117, 70.64725], [56.69877, 70.63374], [56.65197, 70.63037], [56.58357, 70.64219], [56.52597, 70.66583], [56.49356, 70.69453], [56.50437, 70.70466], [56.51517, 70.72493], [56.52237, 70.72999], [56.56197, 70.73337], [56.57997, 70.73844], [56.57637, 70.74688], [56.55117, 70.75363], [56.47556, 70.75026], [56.45756, 70.74519], [56.45036, 70.73506], [56.44316, 70.72324], [56.43236, 70.7148], [56.41076, 70.71311], [56.31356, 70.72662], [56.27036, 70.74012], [56.24876, 70.7435], [56.22356, 70.74181], [56.21636, 70.73675], [56.21996, 70.72999], [56.23796, 70.72155], [56.25956, 70.71817], [56.28476, 70.71648], [56.30636, 70.71311], [56.32076, 70.70298], [56.19836, 70.70973], [56.21276, 70.69622], [56.24156, 70.68778], [56.30276, 70.68102], [56.28476, 70.67089], [56.26316, 70.66752], [56.21996, 70.66752], [56.23796, 70.65232], [56.27036, 70.64725], [56.36036, 70.64725], [56.37836, 70.65063], [56.38196, 70.66076], [56.37476, 70.66583], [56.34236, 70.67427], [56.32796, 70.68102], [56.43236, 70.67596], [56.48276, 70.66414], [56.52597, 70.6405], [56.48636, 70.64219], [56.46476, 70.63881], [56.45396, 70.62699], [56.58357, 70.61348], [56.64117, 70.59828], [56.65557, 70.58984], [56.65557, 70.5814], [56.64477, 70.57464], [56.60157, 70.56789], [56.54397, 70.54932], [56.51517, 70.54425], [56.47556, 70.54763], [56.39996, 70.56451], [56.50077, 70.55776], [56.46476, 70.57127], [56.46476, 70.57971], [56.48996, 70.57296], [56.51517, 70.56958], [56.54037, 70.57127], [56.56197, 70.57971], [56.53317, 70.5966], [56.50077, 70.59997], [56.42876, 70.59322], [56.35316, 70.59828], [56.28116, 70.61348], [56.15876, 70.65738], [56.09036, 70.6692], [56.03996, 70.64725], [56.15876, 70.62868], [56.17676, 70.6101], [56.16596, 70.59491], [56.12996, 70.5966], [56.03996, 70.62361], [55.96436, 70.66076], [55.92836, 70.67089], [55.84556, 70.6844], [55.80956, 70.69453], [55.85276, 70.65063], [55.99316, 70.61855], [56.04716, 70.58478], [56.02196, 70.57296], [55.99676, 70.57971], [55.97156, 70.59153], [55.94636, 70.59997], [55.93196, 70.5966], [55.90316, 70.58478], [55.88516, 70.58478], [55.87076, 70.58984], [55.86356, 70.59491], [55.85996, 70.60166], [55.84916, 70.60673], [55.81676, 70.61348], [55.75196, 70.60842], [55.71956, 70.61179], [55.62596, 70.63374], [55.60436, 70.64725], [55.62956, 70.63881], [55.66556, 70.62868], [55.69796, 70.62024], [55.72676, 70.62699], [55.69796, 70.64725], [55.74476, 70.63712], [55.79156, 70.63374], [55.79876, 70.64388], [55.78436, 70.6692], [55.75916, 70.69453], [55.73756, 70.70804], [55.66916, 70.71648], [55.62956, 70.73675], [55.60796, 70.73168], [55.60076, 70.72155], [55.61516, 70.7148], [55.65476, 70.71142], [55.69436, 70.69791], [55.72676, 70.67765], [55.74836, 70.64725], [55.71236, 70.67427], [55.66196, 70.68947], [55.49635, 70.71311], [55.47115, 70.72324], [55.44595, 70.7435], [55.42795, 70.75026], [55.40635, 70.75026], [55.40635, 70.73675], [55.36315, 70.71817], [55.34875, 70.70298], [55.38475, 70.70298], [55.42075, 70.69622], [55.45315, 70.68102], [55.47115, 70.65401], [55.45315, 70.65907], [55.42075, 70.68102], [55.40635, 70.68947], [55.39555, 70.68778], [55.34875, 70.68102], [55.29115, 70.68947], [55.27315, 70.68609], [55.25155, 70.67934], [55.23355, 70.66583], [55.23715, 70.65063], [55.28755, 70.62024], [55.29475, 70.60673], [55.27675, 70.61179], [55.27315, 70.60673], [55.27315, 70.59491], [55.26595, 70.58478], [55.22635, 70.58478], [55.20835, 70.5814], [55.21195, 70.5662], [55.16155, 70.55269], [55.11115, 70.57127], [55.05715, 70.59828], [54.99595, 70.61686], [54.98875, 70.62192], [54.98875, 70.63037], [54.98515, 70.63374], [54.96715, 70.63712], [54.93115, 70.63712], [54.91315, 70.6405], [54.90235, 70.64556], [54.88075, 70.6557], [54.86995, 70.66076], [54.80155, 70.66752], [54.77995, 70.67258], [54.76195, 70.68102], [54.74395, 70.69116], [54.72595, 70.70298], [54.70795, 70.72155], [54.70795, 70.73337], [54.71515, 70.7435], [54.71155, 70.75701], [54.68995, 70.76714], [54.58915, 70.77896], [54.54955, 70.8026], [54.53155, 70.81273], [54.51355, 70.82624], [54.53155, 70.80936], [54.56035, 70.79247], [54.56755, 70.77727], [54.50635, 70.7874], [54.49194, 70.78403], [54.49194, 70.76545], [54.48834, 70.74857], [54.47754, 70.73675], [54.65035, 70.69453], [54.63595, 70.69453], [54.62875, 70.69284], [54.62155, 70.68947], [54.66115, 70.67934], [54.69715, 70.67596], [54.73315, 70.6692], [54.76915, 70.64725], [54.63595, 70.66076], [54.57115, 70.67427], [54.54595, 70.68609], [54.54595, 70.70298], [54.52435, 70.70973], [54.47754, 70.71311], [54.45234, 70.71817], [54.30834, 70.7739], [54.28674, 70.77727], [54.26874, 70.77221], [54.26874, 70.76376], [54.27954, 70.75363], [54.29394, 70.7435], [54.26154, 70.72999], [54.22554, 70.72999], [54.18954, 70.73844], [54.15714, 70.75363], [54.14274, 70.75701], [54.08514, 70.7435], [54.04554, 70.74857], [54.00594, 70.75701], [53.85474, 70.82286], [53.84034, 70.82286], [53.83314, 70.81442], [53.84034, 70.80767], [53.89074, 70.78403], [53.87274, 70.78572], [53.85474, 70.78909], [53.82234, 70.8026], [53.79714, 70.80598], [53.74314, 70.79922], [53.71794, 70.79922], [53.70354, 70.8026], [53.66394, 70.82118], [53.63874, 70.82962], [53.58474, 70.83131], [53.55954, 70.83975], [53.56314, 70.84313], [53.56674, 70.85326], [53.54514, 70.85495], [53.53794, 70.84482], [53.53794, 70.82793], [53.54874, 70.81273], [53.53794, 70.80429], [53.51994, 70.81949], [53.45873, 70.82286], [53.40833, 70.84988], [53.36873, 70.86001], [53.30033, 70.86677], [53.49113, 70.87352], [53.50914, 70.87015], [53.51994, 70.87015], [53.53074, 70.87521], [53.54154, 70.88197], [53.55234, 70.88703], [53.57754, 70.88872], [53.59554, 70.88197], [53.64594, 70.84819], [53.67114, 70.83806], [53.68914, 70.83468], [53.70354, 70.8465], [53.68554, 70.85664], [53.67474, 70.87352], [53.67474, 70.89041], [53.68554, 70.90729], [53.70714, 70.92587], [53.72874, 70.936], [53.73954, 70.94782], [53.72514, 70.96808], [53.67114, 71.00523], [53.54874, 71.04576], [53.49113, 71.07277], [53.49473, 71.07784], [53.50194, 71.09473], [53.53794, 71.08628], [53.58474, 71.07953], [53.67834, 71.07784], [53.66394, 71.09304], [53.67834, 71.09979], [53.69634, 71.0981], [53.72514, 71.08797], [53.74314, 71.08459], [53.78274, 71.08628], [53.80074, 71.08628], [53.90514, 71.0542], [53.93754, 71.05927], [53.83314, 71.10992], [53.80794, 71.13356], [53.94114, 71.14369], [54.00954, 71.14032], [54.06714, 71.12005], [53.98074, 71.13187], [53.93754, 71.13019], [53.91594, 71.10655], [53.93754, 71.10148], [53.99874, 71.10655], [54.07794, 71.09979], [54.23274, 71.12005], [54.24354, 71.12343], [54.23994, 71.13019], [54.22554, 71.13694], [54.21114, 71.14032], [54.19314, 71.13863], [54.15714, 71.13019], [54.13914, 71.12681], [54.06354, 71.13694], [54.02034, 71.14707], [53.99154, 71.16058], [54.00594, 71.16227], [54.01674, 71.16902], [54.02394, 71.17747], [54.03474, 71.18591], [54.04914, 71.18929], [54.09594, 71.18929], [54.05634, 71.20955], [54.08154, 71.21124], [54.12834, 71.20786], [54.16434, 71.20955], [54.13914, 71.21293], [54.09234, 71.2315], [54.06354, 71.23657], [54.04194, 71.23319], [54.02394, 71.22475], [53.99154, 71.19942], [53.96994, 71.18591], [53.94474, 71.17578], [53.91594, 71.17409], [53.89434, 71.18591], [53.87274, 71.19942], [53.85114, 71.20617], [53.80074, 71.20955], [53.81514, 71.19942], [53.82954, 71.18591], [53.83314, 71.17071], [53.82234, 71.1572], [53.79714, 71.15551], [53.73234, 71.1724], [53.70354, 71.17409], [53.71794, 71.18591], [53.72514, 71.18929], [53.70714, 71.19604], [53.66754, 71.20111], [53.64954, 71.20617], [53.62794, 71.20786], [53.57754, 71.19942], [53.55594, 71.20617], [53.54154, 71.2163], [53.50914, 71.22475], [53.46233, 71.25514], [53.45153, 71.26358], [53.57394, 71.29398], [53.59554, 71.30242], [53.60634, 71.32268], [53.65314, 71.34801], [53.66394, 71.36996], [53.68194, 71.39867], [53.72514, 71.41049], [53.88714, 71.42231], [53.92674, 71.43582], [53.95194, 71.46284], [53.91954, 71.46959], [53.90154, 71.47128], [53.87994, 71.46452], [53.82954, 71.43582], [53.57754, 71.39023], [53.55234, 71.37841], [53.53794, 71.35983], [53.54514, 71.31762], [53.48753, 71.30411], [53.41193, 71.31255], [53.36153, 71.33282], [53.35793, 71.33957], [53.35073, 71.35983], [53.34713, 71.36659], [53.31473, 71.3936], [53.24993, 71.45608], [53.26793, 71.45777], [53.30753, 71.4679], [53.32193, 71.47297], [53.32913, 71.47972], [53.32913, 71.48479], [53.32913, 71.48985], [53.33273, 71.49661], [53.35793, 71.51518], [53.44433, 71.54558], [53.36513, 71.56922], [53.34713, 71.56753], [53.20673, 71.51012], [53.17433, 71.48816], [53.14193, 71.46284], [53.14913, 71.44088], [53.13473, 71.42569], [53.11313, 71.42231], [53.10233, 71.43244], [53.09873, 71.4527], [53.08433, 71.46452], [53.04833, 71.48479], [53.05553, 71.4983], [53.04833, 71.50167], [53.03033, 71.49998], [53.01233, 71.49323], [53.00873, 71.4831], [53.01953, 71.47297], [53.03753, 71.46284], [53.04833, 71.45608], [53.03753, 71.44257], [53.01593, 71.44257], [52.99073, 71.44595], [52.97273, 71.44257], [52.96913, 71.42906], [52.97273, 71.41387], [52.96913, 71.40542], [52.94393, 71.4088], [52.92953, 71.41049], [52.90433, 71.39192], [52.88273, 71.3936], [52.86833, 71.40205], [52.86113, 71.41387], [52.85753, 71.42738], [52.86473, 71.4392], [52.85393, 71.45777], [52.82153, 71.46959], [52.79633, 71.46452], [52.82153, 71.42906], [52.76393, 71.43244], [52.73873, 71.44257], [52.73153, 71.46621], [52.71713, 71.48985], [52.68833, 71.48648], [52.63433, 71.46284], [52.60913, 71.4679], [52.61633, 71.48648], [52.63793, 71.50843], [52.64873, 71.52531], [52.64513, 71.54558], [52.62353, 71.55908], [52.57313, 71.57597], [52.56233, 71.59286], [52.56233, 71.62832], [52.54793, 71.63507], [52.51913, 71.62832], [52.51193, 71.61143], [52.51193, 71.58948], [52.49752, 71.56584], [52.46872, 71.55571], [52.38592, 71.54895], [52.36792, 71.53544], [52.37512, 71.51349], [52.38952, 71.49998], [52.40392, 71.48985], [52.41472, 71.47634], [52.37872, 71.48141], [52.32832, 71.49323], [52.28152, 71.51349], [52.25992, 71.53882], [52.27072, 71.57259], [52.26712, 71.58779], [52.24552, 71.58272], [52.19512, 71.5574], [52.17352, 71.54895], [52.14112, 71.54558], [52.16272, 71.51856], [52.20232, 71.50167], [52.24552, 71.49154], [52.27792, 71.47634], [52.14112, 71.48479], [52.05472, 71.47634], [51.96112, 71.47972], [51.91432, 71.46621], [51.86032, 71.45608], [51.83872, 71.45608], [51.82072, 71.46115], [51.80992, 71.46959], [51.79912, 71.47803], [51.78472, 71.48648], [51.70912, 71.51687], [51.68392, 71.52531], [51.60112, 71.53713], [51.55072, 71.56077], [51.53272, 71.56584], [51.53632, 71.57597], [51.55072, 71.59454], [51.55432, 71.60299], [51.55072, 71.61312], [51.53632, 71.62325], [51.53272, 71.63169], [51.52552, 71.64689], [51.46791, 71.69248], [51.46431, 71.70261], [51.46791, 71.70599], [51.47151, 71.71106], [51.45711, 71.72288], [51.44271, 71.72963], [51.43191, 71.73301], [51.42471, 71.73639], [51.41751, 71.75158], [51.41031, 71.76509], [51.40671, 71.78198], [51.41031, 71.80562], [51.40311, 71.86978], [51.43911, 71.94239], [51.50032, 72.00487], [51.56152, 72.04539], [51.55432, 72.05215], [51.60832, 72.09099], [51.74872, 72.12307], [51.84232, 72.15853], [51.86752, 72.15853], [51.95752, 72.11463], [51.97192, 72.10956], [51.98992, 72.10787], [52.05472, 72.10787], [52.04752, 72.08423], [52.06552, 72.0741], [52.09072, 72.07579]]], [[[56.41796, 74.75387], [56.42516, 74.76232], [56.50077, 74.79271], [56.46476, 74.79946], [56.20196, 74.78933], [55.93916, 74.78089], [55.88516, 74.78764], [55.83116, 74.79946], [55.81676, 74.80791], [55.81676, 74.81804], [55.83476, 74.83155], [55.88516, 74.84674], [56.21276, 74.88558], [56.54397, 74.92442], [56.59437, 74.94299], [56.61597, 74.94468], [56.66277, 74.94468], [56.67717, 74.94806], [56.67357, 74.95819], [56.65557, 74.96832], [56.63757, 74.9717], [56.58717, 74.96663], [56.54037, 74.95312], [56.51517, 74.94806], [56.43236, 74.95819], [56.41076, 74.95481], [56.36756, 74.93962], [56.35676, 74.9413], [56.38196, 74.96494], [56.29556, 74.96494], [56.31716, 74.96832], [56.38916, 74.99365], [56.44316, 75.00378], [56.46476, 75.01223], [56.46476, 75.02236], [56.44316, 75.03249], [56.42156, 75.03755], [56.39636, 75.03587], [56.33876, 75.02573], [56.18036, 75.02067], [56.06516, 74.99703], [55.90316, 74.99196], [55.87076, 74.99703], [55.86356, 75.00378], [55.89236, 75.02236], [55.89236, 75.03249], [55.94636, 75.0747], [55.93556, 75.07639], [55.91396, 75.08652], [55.90316, 75.08821], [55.83476, 75.08821], [55.74836, 75.0747], [55.72676, 75.08146], [55.73756, 75.08652], [55.74116, 75.09497], [55.74476, 75.10172], [55.74836, 75.10847], [55.75916, 75.11354], [55.78436, 75.12198], [55.79516, 75.12874], [55.79876, 75.13549], [55.80236, 75.15069], [55.80956, 75.15744], [55.82396, 75.16251], [55.85636, 75.16251], [55.87076, 75.1642], [55.88156, 75.16926], [55.90676, 75.19121], [55.91756, 75.19797], [56.03636, 75.21823], [56.07236, 75.21823], [56.10476, 75.21148], [56.09756, 75.2081], [56.08676, 75.20135], [56.08316, 75.19797], [56.11556, 75.18784], [56.15876, 75.18615], [56.20196, 75.18953], [56.23436, 75.19797], [56.21636, 75.18108], [56.15876, 75.16757], [56.13716, 75.15744], [56.17316, 75.15069], [56.21276, 75.15238], [56.28836, 75.17095], [56.33876, 75.18953], [56.35676, 75.19121], [56.37116, 75.18784], [56.37836, 75.18446], [56.38196, 75.17771], [56.45396, 75.11861], [56.47196, 75.08821], [56.44676, 75.06795], [56.52957, 75.07808], [56.61237, 75.10679], [56.79237, 75.19797], [56.88237, 75.2233], [56.89677, 75.23005], [56.90757, 75.24018], [56.91117, 75.25538], [56.89317, 75.28071], [56.84637, 75.28915], [56.75997, 75.28746], [56.73477, 75.29591], [56.75637, 75.31786], [56.83557, 75.35501], [57.04797, 75.39891], [57.07317, 75.39553], [57.14877, 75.37865], [57.42597, 75.37527], [57.42237, 75.36176], [57.43317, 75.35669], [57.47277, 75.35332], [57.55558, 75.33474], [57.74278, 75.32799], [57.73558, 75.33137], [57.72118, 75.3415], [57.72478, 75.34487], [57.72838, 75.35163], [57.73198, 75.35501], [57.72118, 75.35838], [57.68158, 75.37189], [57.67078, 75.37865], [57.66718, 75.41073], [57.66718, 75.41748], [57.64198, 75.43944], [57.60958, 75.4445], [57.57358, 75.44281], [57.54118, 75.45126], [57.54478, 75.46645], [57.53398, 75.47827], [57.50158, 75.49854], [57.56278, 75.52049], [58.05238, 75.5779], [58.14238, 75.57452], [58.16398, 75.5779], [58.18558, 75.58803], [58.19638, 75.60323], [58.17838, 75.62011], [58.14598, 75.62856], [57.95518, 75.62349], [57.92638, 75.62856], [57.94438, 75.65557], [57.98038, 75.67246], [58.01998, 75.6809], [58.25758, 75.69272], [58.30798, 75.70285], [58.40158, 75.70961], [58.45918, 75.72818], [58.60319, 75.73325], [58.59239, 75.74169], [58.53479, 75.76026], [58.57439, 75.77377], [58.61039, 75.78222], [58.72199, 75.79235], [58.72559, 75.80417], [58.72559, 75.81937], [58.75079, 75.83287], [58.93079, 75.86833], [59.13599, 75.86496], [59.22959, 75.88691], [59.24759, 75.8886], [59.30519, 75.8886], [59.33399, 75.89197], [59.35919, 75.90379], [59.35559, 75.90379], [59.35559, 75.91055], [59.35559, 75.9173], [59.35919, 75.92406], [59.36639, 75.92743], [59.39159, 75.93588], [59.39879, 75.93757], [59.748, 75.93081], [59.7768, 75.93419], [59.8272, 75.9477], [59.9028, 75.95783], [60.0, 75.98653], [60.0, 75.00017], [59.928, 75.00547], [59.9568, 74.99027], [60.0, 74.98217], [60.0, 74.72997], [59.9352, 74.72517], [59.9028, 74.72854], [59.8452, 74.74205], [59.8164, 74.74543], [59.7228, 74.74205], [59.694, 74.74712], [59.6292, 74.77582], [59.5608, 74.78596], [59.5104, 74.79946], [59.5392, 74.78764], [59.6004, 74.75387], [59.622, 74.7353], [59.6436, 74.72686], [59.7696, 74.72517], [59.7804, 74.72179], [59.784, 74.71672], [59.7876, 74.71166], [59.7912, 74.70828], [59.7984, 74.7049], [59.838, 74.69646], [59.8596, 74.6914], [59.874, 74.6762], [59.874, 74.66776], [59.874, 74.64749], [59.8776, 74.63905], [59.874, 74.62892], [59.8524, 74.62216], [59.8092, 74.6171], [59.7948, 74.61034], [59.7696, 74.59515], [59.7552, 74.5867], [59.7084, 74.58164], [59.6004, 74.59684], [59.5176, 74.62216], [59.43119, 74.65594], [59.37359, 74.66607], [59.31599, 74.68971], [59.22599, 74.71166], [59.15759, 74.73868], [59.12159, 74.74712], [59.08919, 74.73868], [59.11439, 74.72179], [59.22599, 74.68126], [59.26919, 74.65762], [59.29079, 74.64243], [59.23319, 74.64074], [59.20439, 74.6458], [59.18279, 74.65931], [59.16119, 74.66776], [59.13239, 74.66607], [59.10359, 74.65762], [59.08199, 74.64918], [59.19359, 74.63061], [59.22239, 74.61541], [59.20799, 74.60528], [59.18279, 74.57826], [59.16479, 74.56644], [59.13239, 74.55124], [59.12879, 74.54111], [59.14679, 74.52591], [59.10719, 74.50903], [59.09279, 74.49552], [59.09279, 74.48201], [59.11079, 74.47526], [59.12879, 74.47188], [59.14319, 74.46344], [59.13959, 74.45162], [59.14679, 74.44486], [58.86599, 74.45668], [58.74359, 74.47863], [58.73999, 74.48032], [58.73999, 74.49383], [58.73639, 74.49721], [58.71839, 74.50396], [58.45198, 74.5428], [58.18558, 74.58164], [58.18198, 74.57657], [58.17838, 74.56644], [58.17478, 74.56137], [58.26838, 74.53267], [58.41958, 74.51409], [58.42678, 74.51241], [58.42678, 74.50903], [58.42678, 74.50059], [58.42678, 74.49721], [58.47358, 74.47357], [58.63919, 74.42291], [58.62479, 74.41278], [58.57079, 74.38914], [58.63199, 74.36043], [58.65719, 74.34017], [58.65359, 74.31315], [58.67159, 74.30978], [58.71119, 74.3064], [58.72919, 74.29965], [58.70759, 74.28614], [58.73999, 74.27263], [58.72559, 74.26756], [58.69319, 74.26081], [58.67879, 74.25237], [58.69319, 74.25237], [58.70399, 74.25068], [58.71839, 74.24561], [58.72919, 74.23886], [58.53479, 74.23886], [58.63199, 74.22704], [58.66079, 74.21691], [58.50959, 74.21691], [58.52759, 74.20171], [58.54919, 74.19495], [58.57079, 74.19158], [58.59239, 74.18482], [58.55999, 74.17469], [58.53119, 74.17131], [58.49878, 74.173], [58.46638, 74.17638], [58.44118, 74.18482], [58.39798, 74.2034], [58.37638, 74.2034], [58.34038, 74.18989], [58.33318, 74.19327], [58.32958, 74.21353], [58.31878, 74.22704], [58.29358, 74.22197], [58.26478, 74.20677], [58.24678, 74.18989], [58.30078, 74.16118], [58.37638, 74.14936], [58.52039, 74.14936], [58.48438, 74.13248], [58.38358, 74.14092], [58.34398, 74.1291], [58.34038, 74.12234], [58.34038, 74.10039], [58.33678, 74.09364], [58.32238, 74.08857], [58.30798, 74.08688], [58.30078, 74.09364], [58.30438, 74.10884], [58.26838, 74.12572], [58.21438, 74.14261], [58.16038, 74.15105], [58.13878, 74.13923], [58.14598, 74.1291], [58.15678, 74.12403], [58.17118, 74.11559], [58.17478, 74.10208], [58.16038, 74.09026], [58.09918, 74.05987], [58.16398, 74.05649], [58.19998, 74.04636], [58.21438, 74.02947], [58.21438, 74.01596], [58.21438, 74.00921], [58.20358, 74.00583], [58.18198, 74.00583], [58.16758, 74.00246], [58.12438, 73.98726], [58.10998, 73.98557], [58.03078, 74.00414], [57.92998, 74.00752], [57.81478, 74.04129], [57.75358, 74.04636], [57.73918, 74.05142], [57.72478, 74.05649], [57.62398, 74.12066], [57.55918, 74.17976], [57.53038, 74.19158], [57.48717, 74.19327], [57.41157, 74.18482], [57.48357, 74.14598], [57.51238, 74.12403], [57.53398, 74.09364], [57.47637, 74.07338], [57.32877, 74.09195], [57.26037, 74.08013], [57.52678, 74.06493], [57.54838, 74.06156], [57.56998, 74.05311], [57.60958, 74.02947], [57.87958, 73.93491], [57.91198, 73.91634], [57.85798, 73.91127], [57.83278, 73.90621], [57.81118, 73.89608], [57.83278, 73.88763], [57.88318, 73.88426], [57.90478, 73.87581], [57.90478, 73.86568], [57.90478, 73.85386], [57.90838, 73.84373], [57.93358, 73.84204], [57.92638, 73.83191], [57.92998, 73.82178], [57.93718, 73.81334], [57.94438, 73.80658], [57.74998, 73.72553], [57.71398, 73.72384], [57.68158, 73.72891], [57.62758, 73.74579], [57.62038, 73.75086], [57.60598, 73.76943], [57.59158, 73.77956], [57.53398, 73.79645], [57.48717, 73.82009], [57.39357, 73.84542], [56.97597, 73.86737], [56.55477, 73.88932], [56.63397, 73.86399], [56.93277, 73.85386], [57.09477, 73.83022], [57.18117, 73.83022], [57.22077, 73.82516], [57.35037, 73.82684], [57.37197, 73.80996], [57.38277, 73.79476], [57.49077, 73.75424], [57.49797, 73.74748], [57.50158, 73.73397], [57.50878, 73.72722], [57.58078, 73.70864], [57.59158, 73.70358], [57.58798, 73.69345], [57.58798, 73.685], [57.59518, 73.67656], [57.60958, 73.67149], [57.61678, 73.66812], [57.60238, 73.65292], [57.59518, 73.64448], [57.59158, 73.63603], [57.60598, 73.63097], [57.60238, 73.62253], [57.58438, 73.61408], [57.56998, 73.60733], [57.32877, 73.57356], [57.33597, 73.56849], [57.35037, 73.55329], [57.01917, 73.58369], [56.78877, 73.67656], [56.75277, 73.68331], [56.73477, 73.67994], [56.72037, 73.66812], [56.74557, 73.64785], [56.81757, 73.62928], [56.84997, 73.61408], [56.82837, 73.60733], [56.79957, 73.60564], [56.74557, 73.60733], [56.78877, 73.59551], [56.87877, 73.60057], [56.92197, 73.59551], [57.08037, 73.53641], [57.20997, 73.51783], [57.23877, 73.50939], [57.24597, 73.50264], [57.25317, 73.49082], [57.25317, 73.48406], [57.24597, 73.47731], [57.24237, 73.46887], [57.25317, 73.45705], [57.23157, 73.45705], [57.19917, 73.45367], [57.17757, 73.44185], [57.17757, 73.42327], [56.95797, 73.34053], [56.90757, 73.3152], [56.88957, 73.31352], [56.88237, 73.31689], [56.86437, 73.33378], [56.85717, 73.34053], [56.81397, 73.35742], [56.78877, 73.36417], [56.76717, 73.36586], [56.74917, 73.3608], [56.74197, 73.34729], [56.74557, 73.33378], [56.75997, 73.32702], [56.79597, 73.32027], [56.73837, 73.29325], [56.72397, 73.28312], [56.72037, 73.27299], [56.73117, 73.26624], [56.74917, 73.25948], [56.75997, 73.25104], [56.73117, 73.24428], [56.68797, 73.2426], [56.64477, 73.24766], [56.57997, 73.26117], [56.11916, 73.28988], [56.07956, 73.30338], [56.04716, 73.3304], [56.03276, 73.37093], [56.01476, 73.41314], [55.97156, 73.43847], [55.91756, 73.4486], [55.87076, 73.43678], [55.93556, 73.41821], [55.97156, 73.40301], [55.98596, 73.38444], [55.98596, 73.37599], [55.97156, 73.34729], [55.97516, 73.33209], [55.98236, 73.3304], [55.97876, 73.3304], [55.96076, 73.32027], [55.92476, 73.31183], [55.89236, 73.31689], [55.82036, 73.34053], [55.77356, 73.34729], [55.43515, 73.33209], [55.02115, 73.44354], [54.89875, 73.4486], [54.77995, 73.43678], [54.66115, 73.40639], [54.56755, 73.40808], [54.47394, 73.39119], [54.29394, 73.33378], [54.25074, 73.32871], [54.03474, 73.37431], [54.06714, 73.39795], [54.13194, 73.40977], [54.27594, 73.41483], [54.29394, 73.41821], [54.30114, 73.42665], [54.30114, 73.43341], [54.30474, 73.44016], [54.30834, 73.44523], [54.31554, 73.45029], [54.33714, 73.46042], [54.41634, 73.47731], [54.31554, 73.46887], [54.27954, 73.47055], [54.18594, 73.49082], [54.20394, 73.50433], [54.54235, 73.61071], [54.61075, 73.61577], [54.67915, 73.62928], [54.71155, 73.6411], [54.78355, 73.65967], [54.94195, 73.66474], [55.04635, 73.69851], [55.08955, 73.70527], [55.34875, 73.71709], [55.31635, 73.72553], [55.28395, 73.72553], [55.25155, 73.72046], [54.96355, 73.71709], [54.93115, 73.71033], [54.88075, 73.68838], [54.85555, 73.68331], [54.82675, 73.69007], [54.86275, 73.71877], [54.86995, 73.73228], [54.84835, 73.73059], [54.81235, 73.72046], [54.79075, 73.71709], [54.72595, 73.71709], [54.66475, 73.70527], [54.53155, 73.70358], [54.49194, 73.69682], [54.46314, 73.67994], [54.43434, 73.65967], [54.40194, 73.6411], [54.36954, 73.63266], [54.29394, 73.62421], [54.26154, 73.61408], [54.27594, 73.60395], [54.27954, 73.60057], [54.12114, 73.61746], [54.07434, 73.60902], [54.05274, 73.61071], [54.00594, 73.62084], [53.96634, 73.6259], [53.94834, 73.63097], [53.93034, 73.6411], [53.93754, 73.64279], [53.95914, 73.64954], [53.94114, 73.65461], [53.90514, 73.65799], [53.89074, 73.66305], [53.87994, 73.66812], [53.85474, 73.68331], [53.76114, 73.72046], [53.73234, 73.72722], [53.66754, 73.73566], [53.64234, 73.74579], [53.63154, 73.7593], [53.63154, 73.76943], [53.63874, 73.78125], [53.64234, 73.79645], [53.65314, 73.81165], [53.67834, 73.80827], [53.72514, 73.78632], [53.75754, 73.77956], [53.79714, 73.77619], [53.86914, 73.77788], [54.08154, 73.8336], [54.06354, 73.8488], [54.07794, 73.8623], [54.10674, 73.87244], [54.16074, 73.88088], [54.25434, 73.91634], [54.31554, 73.93154], [54.45234, 73.94842], [54.62875, 73.9518], [54.72595, 73.97713], [54.78715, 73.967], [54.80155, 73.97037], [54.80155, 73.98557], [54.76915, 73.9957], [54.70435, 74.00583], [54.63955, 74.00246], [54.60715, 74.00583], [54.58915, 74.01934], [54.60355, 74.01934], [54.61075, 74.02272], [54.67915, 74.06831], [54.69355, 74.07338], [54.71515, 74.07675], [55.01755, 74.173], [55.15435, 74.1882], [55.18315, 74.18651], [55.20115, 74.18145], [55.25155, 74.16118], [55.28035, 74.15443], [55.39195, 74.14092], [55.48555, 74.14936], [55.81316, 74.10039], [55.84196, 74.10039], [55.86356, 74.10546], [55.87076, 74.12066], [55.85636, 74.1291], [55.78076, 74.14767], [55.68356, 74.15274], [55.63316, 74.16287], [55.62236, 74.18989], [55.23715, 74.24561], [55.14715, 74.24223], [55.12915, 74.24561], [55.11475, 74.24899], [55.08955, 74.26081], [55.07515, 74.26587], [55.09315, 74.27094], [55.12555, 74.27094], [55.14355, 74.27263], [55.14355, 74.27432], [55.14355, 74.27938], [55.14715, 74.28445], [55.15075, 74.28614], [55.18675, 74.29289], [55.20835, 74.30133], [55.22995, 74.30809], [55.24795, 74.30471], [55.26595, 74.29289], [55.26235, 74.28951], [55.25875, 74.28276], [55.25515, 74.27938], [55.28755, 74.27432], [55.40275, 74.28614], [55.52876, 74.28276], [55.56836, 74.28783], [55.62596, 74.30471], [55.65836, 74.30471], [55.68356, 74.27263], [55.70876, 74.27094], [55.73396, 74.27938], [55.74836, 74.29627], [55.73036, 74.30471], [55.66196, 74.33004], [55.63676, 74.33342], [55.61876, 74.33173], [55.60796, 74.32666], [55.59356, 74.32497], [55.57556, 74.32835], [55.52876, 74.34693], [55.44955, 74.35368], [55.29835, 74.35537], [55.26235, 74.36043], [55.23355, 74.37563], [55.34875, 74.43304], [55.38835, 74.44486], [55.50716, 74.44486], [55.61876, 74.46513], [55.66196, 74.46006], [55.90316, 74.46006], [55.94996, 74.4685], [55.97156, 74.47188], [56.03996, 74.46513], [56.10476, 74.47695], [56.26316, 74.48032], [56.28116, 74.48539], [56.28836, 74.49214], [56.27756, 74.50059], [56.25596, 74.50565], [56.23436, 74.50565], [56.19116, 74.49721], [56.01476, 74.49214], [56.02916, 74.50227], [56.04716, 74.51072], [56.06516, 74.51747], [56.08316, 74.51916], [55.97516, 74.54618], [55.86716, 74.55293], [55.81316, 74.54787], [55.70876, 74.52254], [55.65836, 74.51916], [55.69796, 74.5428], [55.70516, 74.54955], [55.69796, 74.55462], [55.66916, 74.57151], [55.65836, 74.57488], [55.49995, 74.56644], [55.56116, 74.61372], [55.55396, 74.62216], [55.54316, 74.62385], [55.53236, 74.63061], [55.52156, 74.63905], [55.52156, 74.64918], [55.52876, 74.65425], [55.61156, 74.6762], [55.68356, 74.67958], [55.75556, 74.6914], [55.87076, 74.68295], [55.86716, 74.67451], [55.86356, 74.67113], [55.89596, 74.661], [56.38556, 74.72179], [56.41796, 74.7201], [56.41796, 74.7049], [56.45396, 74.70322], [56.55477, 74.68295], [56.98677, 74.68971], [56.97237, 74.68971], [56.94357, 74.70659], [56.89317, 74.71335], [56.83917, 74.70997], [56.77797, 74.69308], [56.75277, 74.69308], [56.70597, 74.69815], [56.62677, 74.69308], [56.60157, 74.69815], [56.58717, 74.7049], [56.56557, 74.72686], [56.54757, 74.73868], [56.52957, 74.74712], [56.51157, 74.75218], [56.48636, 74.75387], [56.45036, 74.74881], [56.42876, 74.74881], [56.41796, 74.75387]]], [[[58.99199, 75.9477], [59.03519, 75.95952], [59.06759, 75.96796], [59.13959, 75.9764], [59.20079, 75.98991], [59.23319, 75.98991], [59.25839, 75.98485], [59.26199, 75.96458], [59.23679, 75.9477], [59.19719, 75.94432], [59.15759, 75.94432], [59.09279, 75.93419], [59.02079, 75.9325], [58.95239, 75.91899], [58.88039, 75.91393], [58.81199, 75.90211], [58.72559, 75.89704], [58.69319, 75.90379], [58.73279, 75.9173], [58.99199, 75.9477]]], [[[58.64639, 79.97158], [58.63559, 79.96482], [58.63559, 79.95976], [58.71479, 79.92936], [58.76519, 79.91923], [58.79039, 79.91585], [58.81559, 79.91585], [58.86239, 79.91079], [58.86959, 79.90066], [58.81919, 79.88715], [58.81199, 79.88546], [58.76159, 79.88377], [58.65359, 79.89221], [58.63559, 79.89897], [58.62119, 79.91248], [58.58519, 79.92598], [58.53119, 79.93274], [58.24678, 79.93274], [58.25038, 79.93949], [58.61399, 79.98002], [58.62839, 79.97833], [58.64639, 79.97495], [58.64639, 79.97158]]], [[[59.8524, 80.01548], [59.8704, 80.00873], [59.91, 80.00535], [59.928, 79.99522], [59.8632, 79.98846], [59.7372, 79.95976], [59.5428, 79.93949], [59.47799, 79.94794], [59.44199, 79.94794], [59.43479, 79.93274], [59.40239, 79.92261], [59.37359, 79.91923], [59.20799, 79.92936], [59.17199, 79.93949], [59.18279, 79.94287], [59.20079, 79.953], [59.15039, 79.95469], [59.00279, 79.98002], [58.79399, 80.01041], [58.76879, 80.02055], [58.77959, 80.03743], [58.79759, 80.04419], [59.16119, 80.08302], [59.5284, 80.12017], [59.5896, 80.10835], [59.7876, 80.09484], [59.8092, 80.08978], [59.8308, 80.07965], [59.8416, 80.0712], [59.8416, 80.06107], [59.838, 80.05263], [59.8416, 80.04587], [59.8452, 80.03743], [59.838, 80.03237], [59.8344, 80.0273], [59.8524, 80.01548]]], [[[59.892, 80.17589], [59.8992, 80.18265], [60.0, 80.18595], [60.0, 80.14685], [59.9928, 80.14719], [59.9028, 80.16745], [59.892, 80.17589]]], [[[56.12996, 80.35151], [56.38556, 80.338], [56.64117, 80.32449], [56.69157, 80.34306], [56.69157, 80.35995], [56.71317, 80.36839], [57.02277, 80.36333], [57.09837, 80.34475], [57.13077, 80.30591], [57.12717, 80.29578], [57.08757, 80.27214], [57.08397, 80.25863], [57.08757, 80.23837], [57.09837, 80.22149], [57.10917, 80.21304], [57.13077, 80.21135], [57.14877, 80.20798], [57.15237, 80.19953], [57.13797, 80.18603], [57.11997, 80.17927], [57.05517, 80.16745], [57.04797, 80.15394], [57.07317, 80.13706], [57.10917, 80.12355], [57.13797, 80.11848], [57.11637, 80.09653], [57.07677, 80.08302], [56.95797, 80.06614], [56.61957, 80.06951], [56.28476, 80.07458], [55.94996, 80.07796], [55.75916, 80.10497], [55.71236, 80.10329], [56.01836, 80.18265], [56.04716, 80.19953], [56.00756, 80.21304], [55.99316, 80.21304], [56.00396, 80.22993], [56.00756, 80.23499], [55.99316, 80.24344], [55.96436, 80.25188], [55.95356, 80.26201], [55.97876, 80.2789], [55.98956, 80.29072], [55.99316, 80.30254], [55.98956, 80.3076], [55.97516, 80.31942], [55.97156, 80.3228], [55.97876, 80.33293], [55.98956, 80.33631], [56.12996, 80.35151]]], [[[54.94195, 80.24006], [54.93115, 80.24344], [54.93115, 80.24681], [54.94195, 80.2485], [54.94195, 80.25357], [54.93475, 80.25695], [54.93115, 80.26032], [54.93835, 80.2637], [54.96355, 80.2637], [54.97795, 80.26201], [55.01035, 80.26032], [55.02835, 80.26201], [55.04635, 80.26539], [55.15435, 80.27552], [55.15795, 80.2789], [55.13995, 80.28396], [55.12555, 80.28565], [55.08955, 80.28565], [55.06795, 80.29241], [55.07155, 80.30085], [55.29475, 80.33293], [55.35235, 80.33293], [55.37395, 80.32955], [55.38475, 80.32787], [55.49995, 80.31605], [55.51436, 80.31267], [55.52516, 80.30591], [55.51436, 80.29916], [55.50356, 80.29409], [55.50716, 80.28565], [55.49995, 80.27721], [55.45675, 80.26708], [55.42435, 80.26032], [55.29835, 80.24681], [55.25875, 80.23331], [55.23355, 80.22824], [55.07515, 80.2198], [55.04635, 80.22317], [54.99595, 80.23837], [54.98155, 80.23837], [54.97435, 80.23837], [54.95275, 80.23837], [54.94195, 80.24006]]], [[[57.20637, 80.3532], [57.19197, 80.36502], [57.27477, 80.39203], [57.24237, 80.4123], [57.20637, 80.42412], [56.94717, 80.48153], [57.32157, 80.47815], [57.69958, 80.47477], [58.07758, 80.4714], [58.45198, 80.46802], [58.56359, 80.45113], [58.67879, 80.44607], [58.77239, 80.42749], [58.89839, 80.42749], [59.19359, 80.37852], [59.21159, 80.37346], [59.24039, 80.35995], [59.26559, 80.34306], [59.27639, 80.32955], [58.93439, 80.33462], [58.59239, 80.338], [58.58879, 80.32111], [58.55639, 80.31605], [58.42678, 80.3228], [58.39078, 80.31942], [58.32238, 80.30423], [58.19638, 80.29072], [58.15678, 80.28396], [58.13878, 80.28227], [58.12078, 80.2789], [58.09198, 80.2637], [58.07758, 80.26201], [58.09198, 80.2485], [58.12438, 80.24175], [58.43038, 80.24175], [58.45918, 80.23499], [58.47358, 80.22317], [58.46638, 80.20967], [58.42678, 80.18603], [58.43398, 80.18603], [58.44838, 80.17927], [58.40518, 80.16576], [58.25038, 80.18603], [58.14238, 80.18096], [58.08478, 80.18265], [58.07398, 80.18603], [58.07038, 80.18771], [58.06678, 80.1894], [58.05238, 80.20291], [58.04518, 80.2046], [58.04158, 80.20629], [57.95518, 80.19785], [57.93358, 80.19278], [57.91198, 80.18434], [57.90478, 80.17252], [57.91558, 80.16407], [57.95518, 80.15394], [57.96958, 80.14888], [57.97678, 80.13537], [57.98398, 80.12524], [57.99118, 80.11679], [58.01638, 80.11173], [57.96958, 80.09822], [57.71398, 80.09822], [57.56638, 80.12861], [57.53038, 80.13199], [57.42597, 80.12693], [57.39717, 80.13537], [57.37917, 80.14381], [57.28917, 80.16914], [57.27837, 80.17758], [57.28197, 80.19109], [57.30357, 80.20798], [57.28557, 80.2198], [57.23877, 80.23162], [57.22077, 80.24175], [57.24597, 80.25188], [57.26397, 80.26877], [57.26757, 80.28565], [57.23877, 80.29578], [57.25317, 80.31605], [57.26037, 80.32618], [57.25317, 80.33293], [57.20637, 80.3532]]], [[[55.07875, 80.38866], [55.07155, 80.39034], [54.98875, 80.40048], [54.97435, 80.40385], [54.97075, 80.40723], [54.98155, 80.4123], [54.98875, 80.41398], [55.06435, 80.42074], [55.08955, 80.42074], [55.11115, 80.42074], [55.19755, 80.43762], [55.24435, 80.43762], [55.26235, 80.43087], [55.26595, 80.42412], [55.26955, 80.41905], [55.26955, 80.40892], [55.26235, 80.40385], [55.25875, 80.3971], [55.26235, 80.39034], [55.22275, 80.38021], [55.12915, 80.37515], [55.08595, 80.37684], [55.08595, 80.3819], [55.08595, 80.38528], [55.07875, 80.38866]]], [[[54.45954, 80.40216], [54.47394, 80.4123], [54.49194, 80.43425], [54.51355, 80.44607], [54.57475, 80.46295], [54.59995, 80.4714], [54.62515, 80.47646], [54.70795, 80.47646], [54.72595, 80.4714], [54.74035, 80.46633], [54.80155, 80.44944], [54.81595, 80.441], [54.84115, 80.43087], [54.84475, 80.42918], [54.85195, 80.4258], [54.85195, 80.42074], [54.84475, 80.41736], [54.83755, 80.41398], [54.80515, 80.40554], [54.79435, 80.40048], [54.78355, 80.39541], [54.77275, 80.39372], [54.52435, 80.37515], [54.39834, 80.38359], [54.39114, 80.38697], [54.39474, 80.38866], [54.40914, 80.39034], [54.43434, 80.39541], [54.45954, 80.40216]]], [[[54.64315, 80.51699], [54.70795, 80.52543], [54.88795, 80.53387], [55.05715, 80.50348], [55.06795, 80.49841], [55.07155, 80.49166], [55.07155, 80.48659], [55.07155, 80.4849], [55.06435, 80.47815], [55.04635, 80.46802], [55.02115, 80.45789], [54.98155, 80.44944], [54.82315, 80.46464], [54.63235, 80.50179], [54.62155, 80.51192], [54.64315, 80.51699]]], [[[59.964, 80.44269], [59.6868, 80.42749], [59.6364, 80.43087], [59.49599, 80.48322], [59.24039, 80.52881], [59.25479, 80.53894], [59.27279, 80.54232], [59.31239, 80.54232], [59.36279, 80.5592], [59.37359, 80.57102], [59.33399, 80.57271], [59.28719, 80.58115], [59.26199, 80.59804], [59.29079, 80.61661], [59.22959, 80.64363], [59.22239, 80.65207], [59.23319, 80.66052], [59.29079, 80.6774], [59.30879, 80.68753], [59.30159, 80.68922], [59.28359, 80.69935], [59.30159, 80.7078], [59.34479, 80.71455], [59.36639, 80.7213], [59.35919, 80.72806], [59.40599, 80.75001], [59.5356, 80.76352], [59.5716, 80.79054], [59.5104, 80.80405], [59.5572, 80.80742], [59.694, 80.83782], [59.7192, 80.83782], [59.7876, 80.83106], [59.8128, 80.83275], [59.8524, 80.84288], [60.0, 80.84839], [60.0, 80.81595], [59.9676, 80.80911], [60.0, 80.80927], [60.0, 80.45113], [59.964, 80.44269]]], [[[56.57637, 80.77534], [56.55837, 80.76352], [56.56917, 80.75676], [56.68077, 80.75508], [56.84637, 80.72806], [56.94717, 80.69429], [56.93637, 80.68922], [56.93277, 80.68416], [56.93637, 80.6774], [56.93997, 80.66896], [56.92917, 80.6622], [56.62677, 80.64363], [56.32796, 80.62506], [56.34236, 80.63519], [56.34956, 80.63856], [56.31356, 80.65545], [55.83836, 80.63181], [55.79516, 80.64194], [55.74836, 80.65038], [55.64396, 80.6487], [55.60436, 80.66558], [55.67996, 80.68753], [55.70516, 80.69935], [55.49635, 80.70104], [55.43155, 80.71455], [55.44235, 80.71962], [55.49995, 80.72806], [55.54676, 80.7365], [55.60796, 80.74157], [55.72316, 80.73312], [55.75916, 80.74157], [55.76276, 80.75508], [55.78076, 80.76183], [56.15516, 80.77365], [56.52957, 80.78716], [56.57637, 80.77534]]], [[[54.40554, 80.85133], [54.72235, 80.87159], [54.74395, 80.8699], [54.76555, 80.86483], [54.77275, 80.85639], [54.75475, 80.84457], [54.82315, 80.83613], [54.85915, 80.83951], [54.89155, 80.85133], [54.95275, 80.88172], [54.98155, 80.89185], [55.02115, 80.89861], [55.09675, 80.90198], [55.25875, 80.89016], [55.37035, 80.86146], [55.67636, 80.83275], [55.98596, 80.80405], [55.93196, 80.79054], [55.76636, 80.78378], [55.31995, 80.7517], [54.87715, 80.7213], [54.66475, 80.74157], [54.66835, 80.75508], [54.68275, 80.76183], [54.68995, 80.76859], [54.67915, 80.78209], [54.65755, 80.78885], [54.58915, 80.78885], [54.54235, 80.78041], [54.27594, 80.78885], [54.01314, 80.7956], [53.99154, 80.80236], [53.98074, 80.81587], [53.98434, 80.82769], [54.09954, 80.85133], [54.32274, 80.86483], [54.40554, 80.85133]]], [[[59.00639, 80.81755], [58.98839, 80.80405], [58.93439, 80.78041], [58.89479, 80.77365], [58.77599, 80.78209], [58.69679, 80.77872], [58.54199, 80.75508], [58.41958, 80.74832], [58.13158, 80.78041], [58.08838, 80.78716], [57.88318, 80.78716], [57.84358, 80.7956], [57.81478, 80.80911], [57.84358, 80.82431], [57.91558, 80.82937], [57.94438, 80.83782], [58.01638, 80.84119], [58.15678, 80.87159], [58.45198, 80.88679], [58.74719, 80.90198], [58.92719, 80.88172], [58.95959, 80.87159], [58.97759, 80.85808], [59.00639, 80.83613], [59.02799, 80.82431], [59.01359, 80.82262], [59.00639, 80.81755]]], [[[56.01836, 81.04382], [56.32076, 81.01343], [56.62317, 80.98135], [56.65197, 80.9442], [56.99397, 80.90198], [57.33957, 80.85977], [57.68158, 80.81755], [57.69958, 80.80911], [57.71758, 80.79391], [57.70678, 80.78209], [57.68518, 80.77703], [57.63478, 80.77196], [57.56278, 80.74832], [57.31077, 80.71962], [57.05877, 80.6926], [57.00837, 80.69935], [56.84277, 80.76183], [56.71677, 80.77872], [56.70597, 80.78209], [56.69517, 80.78716], [56.69517, 80.78885], [56.69517, 80.79223], [56.68797, 80.80067], [56.66997, 80.80911], [56.23436, 80.83106], [55.79876, 80.8547], [55.77356, 80.86146], [55.76276, 80.87159], [55.76276, 80.88172], [55.75556, 80.88847], [55.73756, 80.89185], [55.54676, 80.89692], [55.37755, 80.93407], [55.40275, 80.95264], [55.40635, 80.95771], [55.39915, 80.96446], [55.38115, 80.96784], [55.31635, 80.97459], [55.20835, 80.95433], [54.99955, 80.95095], [54.93115, 80.96277], [54.88435, 80.97797], [54.88075, 80.98641], [54.87355, 80.99317], [54.86635, 80.99992], [54.85915, 81.00161], [54.56395, 80.99485], [54.44874, 80.99823], [54.41634, 81.00836], [54.42714, 81.02356], [54.43074, 81.02863], [54.45594, 81.04889], [54.48834, 81.05395], [54.52075, 81.05564], [54.55315, 81.06409], [54.53515, 81.07422], [54.54595, 81.08435], [54.64675, 81.1215], [54.67195, 81.12487], [54.71875, 81.11981], [54.86275, 81.08435], [55.31995, 81.05058], [55.52156, 81.00836], [55.57556, 81.00667], [56.01836, 81.04382]]], [[[56.47196, 81.06071], [56.14436, 81.09279], [56.09396, 81.0911], [56.10116, 81.10123], [56.10476, 81.10461], [56.12276, 81.11812], [56.14796, 81.12319], [56.16956, 81.1215], [56.22356, 81.10799], [56.70237, 81.11305], [56.77797, 81.09786], [56.83197, 81.09279], [56.94357, 81.07253], [57.17397, 81.05733], [57.25677, 81.06409], [57.64558, 81.02356], [57.65638, 81.02018], [57.66718, 81.00499], [57.67798, 80.99823], [57.74998, 80.97121], [58.01638, 80.94926], [58.28278, 80.92731], [58.24678, 80.91718], [57.96598, 80.88847], [57.87238, 80.85977], [57.83638, 80.85301], [57.53398, 80.86315], [57.44037, 80.88341], [57.33597, 80.89185], [57.23157, 80.90705], [57.19917, 80.90536], [57.21717, 80.91887], [57.23517, 80.93407], [57.20277, 80.95433], [57.14517, 80.96108], [57.01557, 80.96108], [56.95797, 80.96784], [56.93277, 80.97459], [56.91477, 80.98135], [56.89677, 80.99317], [56.89317, 81.0033], [56.91837, 81.00836], [56.89677, 81.01681], [56.84637, 81.01343], [56.82117, 81.01849], [56.79957, 81.02694], [56.47196, 81.06071]]], [[[58.60679, 80.99485], [58.60319, 80.97459], [58.55999, 80.95771], [58.36558, 80.94589], [58.25398, 80.95433], [57.88318, 81.03031], [57.83998, 81.0472], [57.84358, 81.05902], [57.86518, 81.06577], [58.00198, 81.08435], [57.99118, 81.09786], [58.01278, 81.1063], [58.07038, 81.11137], [58.36198, 81.07759], [58.65359, 81.04382], [58.69679, 81.02525], [58.60679, 80.99485]]], [[[57.39717, 81.21606], [57.61318, 81.22281], [57.67078, 81.23126], [57.79678, 81.23463], [57.88678, 81.24476], [57.95878, 81.24476], [58.02718, 81.23463], [58.08478, 81.21437], [57.85078, 81.19073], [57.77158, 81.14851], [57.69958, 81.13669], [57.38997, 81.12319], [56.99397, 81.1654], [57.02637, 81.17891], [57.06957, 81.18398], [57.24237, 81.18904], [57.33597, 81.20593], [57.39717, 81.21606]]], [[[59.37359, 81.17891], [59.01359, 81.19242], [58.99559, 81.19748], [59.00279, 81.20424], [59.09639, 81.21268], [59.41679, 81.20086], [59.7372, 81.18904], [59.7552, 81.18566], [59.7588, 81.17891], [59.7552, 81.17047], [59.7444, 81.16709], [59.73, 81.1654], [59.37359, 81.17891]]], [[[59.8416, 81.28698], [59.8416, 81.29204], [59.8488, 81.29711], [60.0, 81.30823], [60.0, 81.2752], [59.8416, 81.28698]]], [[[55.52156, 81.30724], [55.48555, 81.31568], [55.46395, 81.32413], [55.58636, 81.31737], [55.71236, 81.33088], [55.70516, 81.32413], [55.73396, 81.31737], [55.76276, 81.31568], [55.83476, 81.32413], [55.87076, 81.32413], [55.88516, 81.32244], [55.89236, 81.31737], [55.89956, 81.31231], [55.89596, 81.31062], [55.95356, 81.30049], [56.07596, 81.30218], [56.21636, 81.27685], [56.54397, 81.2549], [56.60157, 81.26165], [56.60157, 81.2684], [56.57277, 81.27009], [56.47196, 81.29036], [56.41436, 81.31906], [56.39276, 81.32413], [56.41796, 81.33764], [56.40716, 81.34439], [56.38196, 81.34946], [56.37476, 81.35452], [56.36036, 81.37478], [56.34956, 81.37985], [56.33516, 81.37985], [56.33516, 81.38492], [56.72757, 81.39674], [56.78157, 81.38492], [56.75997, 81.37985], [56.78877, 81.36803], [56.82837, 81.36972], [56.89677, 81.37985], [57.15237, 81.35959], [57.40797, 81.34101], [57.42237, 81.33595], [57.44757, 81.32244], [57.45837, 81.31737], [57.49797, 81.31231], [57.61678, 81.33088], [57.68878, 81.33088], [57.90478, 81.29711], [57.81118, 81.27516], [57.42957, 81.26334], [57.04797, 81.25321], [56.70957, 81.20424], [56.61597, 81.17891], [56.43236, 81.17384], [56.38196, 81.1806], [56.38916, 81.20424], [56.34236, 81.21775], [56.24156, 81.22788], [55.82396, 81.18566], [55.74116, 81.20086], [55.64756, 81.20086], [55.61156, 81.20255], [55.57556, 81.21268], [55.56116, 81.22281], [55.56836, 81.23294], [55.57916, 81.2397], [55.58996, 81.24139], [55.58276, 81.25321], [55.58636, 81.26334], [55.59716, 81.27178], [55.60796, 81.27516], [55.43155, 81.27516], [55.43155, 81.2836], [55.46035, 81.28867], [55.51436, 81.28867], [55.53956, 81.29711], [55.52156, 81.30724]]], [[[59.22599, 81.30386], [59.05319, 81.28698], [58.65359, 81.30724], [58.59239, 81.32075], [58.56359, 81.32413], [58.50959, 81.32075], [58.48078, 81.32413], [58.46278, 81.33426], [58.46998, 81.34777], [58.49158, 81.35114], [58.53479, 81.35114], [58.66799, 81.38154], [59.01719, 81.40349], [59.11079, 81.39674], [59.13959, 81.39167], [59.15759, 81.3866], [59.24759, 81.37647], [59.30159, 81.36465], [59.35559, 81.34439], [59.38439, 81.33088], [59.34119, 81.30386], [59.28359, 81.30049], [59.22599, 81.30386]]], [[[57.51238, 81.56053], [57.78238, 81.56559], [57.82198, 81.5504], [57.80398, 81.53858], [57.79678, 81.53689], [57.81478, 81.52844], [57.84718, 81.52169], [57.86518, 81.51662], [57.85798, 81.51156], [57.84718, 81.49974], [57.84358, 81.49467], [57.89038, 81.48623], [58.14598, 81.47948], [58.40158, 81.47441], [58.54559, 81.43051], [58.57079, 81.41362], [58.51679, 81.40349], [58.41238, 81.39674], [58.30438, 81.37647], [58.05238, 81.37816], [57.79678, 81.37816], [57.65998, 81.40011], [57.60238, 81.39505], [57.57718, 81.39842], [57.56638, 81.41531], [57.56278, 81.42038], [57.54478, 81.42375], [57.44037, 81.43726], [57.26757, 81.42713], [57.01197, 81.43895], [56.75637, 81.44908], [56.74197, 81.45415], [56.75997, 81.46597], [56.79237, 81.47272], [56.93637, 81.48285], [56.98317, 81.49298], [57.00837, 81.50818], [56.99037, 81.50987], [56.97597, 81.51325], [56.94717, 81.52169], [57.01197, 81.53689], [57.48357, 81.53351], [57.51598, 81.54364], [57.50518, 81.54702], [57.49437, 81.5504], [57.48357, 81.55208], [57.51238, 81.56053]]], [[[58.36918, 81.5791], [58.29718, 81.58417], [58.27558, 81.59261], [58.27918, 81.59937], [58.28998, 81.60443], [58.36558, 81.61119], [58.39438, 81.62132], [58.41238, 81.62469], [58.58159, 81.62976], [58.61039, 81.63314], [58.64639, 81.63314], [58.67519, 81.62638], [58.68599, 81.62301], [58.69679, 81.61963], [58.70399, 81.61287], [58.68959, 81.60274], [58.66439, 81.59599], [58.49158, 81.5791], [58.36918, 81.5791]]], [[[57.97678, 81.81719], [58.07038, 81.81719], [58.15678, 81.8307], [58.50959, 81.83914], [58.86239, 81.84927], [59.21519, 81.85941], [59.30519, 81.84252], [59.40239, 81.83577], [59.43839, 81.81719], [59.41319, 81.81719], [59.38439, 81.81044], [59.33039, 81.79017], [59.36279, 81.78004], [59.37359, 81.77329], [59.37359, 81.76316], [59.35559, 81.75303], [59.00279, 81.73952], [58.64999, 81.7277], [58.29718, 81.71419], [57.99118, 81.69055], [57.89038, 81.70743], [57.89398, 81.71588], [57.89758, 81.72263], [57.90478, 81.72939], [57.91198, 81.73445], [57.92638, 81.73276], [57.93358, 81.73952], [57.93718, 81.74796], [57.94438, 81.75471], [57.96238, 81.75978], [58.14598, 81.77667], [58.09558, 81.78511], [57.98758, 81.7868], [57.94078, 81.80368], [57.97678, 81.81719]]], [[[59.9856, 51.96821], [59.9856, 51.95301], [59.9964, 51.93613], [60.0, 51.93078], [60.0, 50.84868], [59.9784, 50.84362], [59.9676, 50.83686], [59.9604, 50.83011], [59.9208, 50.76257], [59.9136, 50.74568], [59.9136, 50.72542], [59.9208, 50.69165], [59.9136, 50.67307], [59.9028, 50.65956], [59.8704, 50.63592], [59.8596, 50.62242], [59.8164, 50.56331], [59.7732, 50.53292], [59.7264, 50.52785], [59.6724, 50.52954], [59.622, 50.52448], [59.586, 50.5059], [59.5536, 50.48395], [59.5212, 50.47382], [59.46719, 50.50759], [59.44919, 50.52279], [59.45279, 50.53799], [59.47799, 50.55318], [59.5356, 50.54643], [59.5608, 50.55318], [59.5644, 50.5802], [59.55, 50.58527], [59.49959, 50.60046], [59.47799, 50.61397], [59.43839, 50.63086], [59.38799, 50.63086], [59.29079, 50.61566], [59.27279, 50.61566], [59.25839, 50.62073], [59.24759, 50.62917], [59.23679, 50.64437], [59.21879, 50.65788], [59.19719, 50.66294], [58.92719, 50.67814], [58.88759, 50.68827], [58.81199, 50.72542], [58.79399, 50.73724], [58.78679, 50.74906], [58.76879, 50.78283], [58.74719, 50.79465], [58.71839, 50.79296], [58.68959, 50.7879], [58.66439, 50.78958], [58.64639, 50.8014], [58.64279, 50.81491], [58.64999, 50.85375], [58.64279, 50.86388], [58.58879, 50.8605], [58.57079, 50.86388], [58.55999, 50.8757], [58.54919, 50.89259], [58.54559, 50.91116], [58.55279, 50.92467], [58.57079, 50.93649], [58.58519, 50.94831], [58.59599, 50.96182], [58.60319, 50.98039], [58.59599, 51.02261], [58.56359, 51.04963], [58.52039, 51.06145], [58.39798, 51.06313], [58.37638, 51.06989], [58.36918, 51.08171], [58.36918, 51.09522], [58.36558, 51.10873], [58.35478, 51.12223], [58.32238, 51.1425], [58.30798, 51.14925], [58.26838, 51.13405], [58.24678, 51.13068], [58.22518, 51.12392], [58.21078, 51.10535], [58.20358, 51.0834], [58.18918, 51.06482], [58.16758, 51.05469], [58.13878, 51.05638], [58.11358, 51.06482], [58.09198, 51.07664], [58.08838, 51.08002], [58.08838, 51.08509], [58.08838, 51.09184], [58.08478, 51.09691], [58.07758, 51.09859], [58.00198, 51.09015], [57.98758, 51.08677], [57.95878, 51.07664], [57.95158, 51.08002], [57.93358, 51.09353], [57.92638, 51.10028], [57.91198, 51.10366], [57.85798, 51.10366], [57.83998, 51.10535], [57.79678, 51.12392], [57.76798, 51.11886], [57.75358, 51.09691], [57.73558, 51.07327], [57.72838, 51.03781], [57.73918, 50.97026], [57.73558, 50.93818], [57.72118, 50.90947], [57.68878, 50.89596], [57.59518, 50.91623], [57.55558, 50.91792], [57.53398, 50.90947], [57.51958, 50.89596], [57.50878, 50.88077], [57.49077, 50.86726], [57.46917, 50.85882], [57.44397, 50.85713], [57.41877, 50.86219], [57.35397, 50.88583], [57.33597, 50.89765], [57.31797, 50.91285], [57.31077, 50.92974], [57.29637, 50.9652], [57.28917, 50.98039], [57.27117, 50.99728], [57.25677, 51.00572], [57.23877, 51.0091], [57.21357, 51.01079], [57.19917, 51.01754], [57.18837, 51.03443], [57.18117, 51.07327], [57.16677, 51.09353], [57.15597, 51.10028], [57.13797, 51.09522], [57.07317, 51.06989], [57.02637, 51.06313], [56.93997, 51.0682], [56.91477, 51.06482], [56.88957, 51.05638], [56.86437, 51.05131], [56.83917, 51.05131], [56.81397, 51.05638], [56.77797, 51.07664], [56.75997, 51.08002], [56.73477, 51.07833], [56.71677, 51.07327], [56.69517, 51.06313], [56.68077, 51.04963], [56.68077, 51.03105], [56.70237, 50.99897], [56.70957, 50.98208], [56.70597, 50.97026], [56.68797, 50.96857], [56.61597, 50.9787], [56.59797, 50.98377], [56.50797, 51.06651], [56.47916, 51.07327], [56.44676, 51.05638], [56.43236, 51.04625], [56.42156, 51.03274], [56.42156, 51.01923], [56.43236, 50.99052], [56.43236, 50.97702], [56.41436, 50.96351], [56.36396, 50.95844], [56.34956, 50.94831], [56.34236, 50.91116], [56.33516, 50.89596], [56.31716, 50.88414], [56.28836, 50.88077], [56.25956, 50.88414], [56.17316, 50.90947], [56.15876, 50.9061], [56.14796, 50.89259], [56.13716, 50.86895], [56.10116, 50.74737], [56.07956, 50.72542], [55.93196, 50.64606], [55.76636, 50.58695], [55.69436, 50.53799], [55.65836, 50.52954], [55.61516, 50.54981], [55.58636, 50.57851], [55.57196, 50.58864], [55.52516, 50.60046], [55.51436, 50.61397], [55.50716, 50.63086], [55.49275, 50.64606], [55.46755, 50.65619], [55.44235, 50.66125], [55.41715, 50.66125], [55.36675, 50.65281], [55.34875, 50.65112], [55.33075, 50.6545], [55.30555, 50.66463], [55.08235, 50.79634], [55.06075, 50.82336], [55.06435, 50.86219], [55.04635, 50.88414], [54.89515, 50.91285], [54.86275, 50.93311], [54.83035, 50.96013], [54.81235, 50.97195], [54.74755, 50.99221], [54.70795, 51.01585], [54.68635, 51.0243], [54.66115, 51.02767], [54.63955, 51.02767], [54.55315, 51.01079], [54.53515, 51.00403], [54.52435, 50.99052], [54.54595, 50.95338], [54.53515, 50.94324], [54.51715, 50.93649], [54.50275, 50.92805], [54.52435, 50.91623], [54.58195, 50.9061], [54.63955, 50.88583], [54.65035, 50.847], [54.64675, 50.83855], [54.62875, 50.81998], [54.62515, 50.81154], [54.62875, 50.80309], [54.64675, 50.79296], [54.65035, 50.78621], [54.65035, 50.76594], [54.63955, 50.7288], [54.63955, 50.70684], [54.67195, 50.63424], [54.67555, 50.60215], [54.64675, 50.57345], [54.59275, 50.54305], [54.54955, 50.53123], [54.54595, 50.53123], [54.49914, 50.52279], [54.47754, 50.52617], [54.45594, 50.5363], [54.43434, 50.54812], [54.39834, 50.57851], [54.38394, 50.60046], [54.38034, 50.61904], [54.38394, 50.6393], [54.40554, 50.68489], [54.41274, 50.70347], [54.41274, 50.74906], [54.42354, 50.76932], [54.47754, 50.81491], [54.48474, 50.82504], [54.48834, 50.83518], [54.48474, 50.84531], [54.47754, 50.85375], [54.46314, 50.85882], [54.41994, 50.86388], [54.40914, 50.86895], [54.39114, 50.88077], [54.38034, 50.88583], [54.30114, 50.89428], [54.27594, 50.90441], [54.26154, 50.91792], [54.24714, 50.93142], [54.23274, 50.94324], [54.19314, 50.95844], [54.17514, 50.96857], [54.14634, 50.99221], [54.14994, 51.0091], [54.14634, 51.01923], [54.13914, 51.02936], [54.12834, 51.04287], [54.12114, 51.08171], [54.11034, 51.09522], [54.09234, 51.10535], [54.03834, 51.11041], [54.01674, 51.11886], [53.99514, 51.15263], [53.97354, 51.16614], [53.93754, 51.1864], [53.90874, 51.18978], [53.85834, 51.18471], [53.67474, 51.22017], [53.64954, 51.23706], [53.64234, 51.25563], [53.62794, 51.26745], [53.59554, 51.2894], [53.58834, 51.3046], [53.59194, 51.32317], [53.59194, 51.33837], [53.57394, 51.35357], [53.60994, 51.3637], [53.61714, 51.37214], [53.60994, 51.38903], [53.59914, 51.39747], [53.55594, 51.41605], [53.45513, 51.44138], [53.44073, 51.45151], [53.41913, 51.47515], [53.40833, 51.48359], [53.36873, 51.49372], [53.36513, 51.49372], [53.34713, 51.50385], [53.32193, 51.49541], [53.30753, 51.49372], [53.23193, 51.50048], [53.22473, 51.49879], [53.22113, 51.4971], [53.21393, 51.49541], [53.20673, 51.4971], [53.19953, 51.50216], [53.19593, 51.50723], [53.18873, 51.5123], [53.18153, 51.51398], [53.16713, 51.51398], [53.15273, 51.5123], [53.14913, 51.50554], [53.15633, 51.48697], [53.03753, 51.49034], [52.99793, 51.48021], [52.98713, 51.47346], [52.97273, 51.46333], [52.95833, 51.45657], [52.94393, 51.4532], [52.92953, 51.45488], [52.90433, 51.46502], [52.88273, 51.4667], [52.89713, 51.48528], [52.87553, 51.49034], [52.82153, 51.48697], [52.81073, 51.49034], [52.78913, 51.50554], [52.77833, 51.50892], [52.76393, 51.50554], [52.75673, 51.49879], [52.75313, 51.49034], [52.74593, 51.48697], [52.72073, 51.48528], [52.70993, 51.4819], [52.69913, 51.47684], [52.69193, 51.46839], [52.68113, 51.45826], [52.67033, 51.45488], [52.66313, 51.46333], [52.57673, 51.4667], [52.55513, 51.45826], [52.54433, 51.45995], [52.52633, 51.4667], [52.50473, 51.47852], [52.49032, 51.49203], [52.47952, 51.50554], [52.47232, 51.51567], [52.44352, 51.57984], [52.37872, 51.66089], [52.36432, 51.6896], [52.35352, 51.73012], [52.33552, 51.76389], [52.30672, 51.77402], [52.29232, 51.76558], [52.27792, 51.73519], [52.25992, 51.72337], [52.23112, 51.72168], [52.17352, 51.72506], [52.14832, 51.71661], [52.13392, 51.70142], [52.11232, 51.67102], [52.09072, 51.6592], [52.06552, 51.65414], [52.03672, 51.65245], [52.00432, 51.65414], [51.97912, 51.66089], [51.95392, 51.67102], [51.92512, 51.67778], [51.89632, 51.67946], [51.86752, 51.67271], [51.84952, 51.66089], [51.82072, 51.63218], [51.76312, 51.59335], [51.76672, 51.56295], [51.78472, 51.52918], [51.78112, 51.49203], [51.74512, 51.47346], [51.69472, 51.45488], [51.64792, 51.45151], [51.62272, 51.48021], [51.62272, 51.50385], [51.61912, 51.51905], [51.60832, 51.52749], [51.58312, 51.53425], [51.56152, 51.53425], [51.54352, 51.52412], [51.53272, 51.50892], [51.51472, 51.49203], [51.46071, 51.47515], [51.37791, 51.4667], [51.30591, 51.47177], [51.27351, 51.49203], [51.27351, 51.49372], [51.26271, 51.50554], [51.24831, 51.52074], [51.23751, 51.53594], [51.24111, 51.54438], [51.33831, 51.55451], [51.35991, 51.56126], [51.37431, 51.5714], [51.38151, 51.58659], [51.38151, 51.61023], [51.37071, 51.62881], [51.35271, 51.63556], [51.30951, 51.63725], [51.28791, 51.64232], [51.27711, 51.65245], [51.25191, 51.67778], [51.23391, 51.68622], [51.21231, 51.68115], [51.19071, 51.6744], [51.16911, 51.66933], [50.92431, 51.67946], [50.89911, 51.68791], [50.88471, 51.70479], [50.87391, 51.72168], [50.85951, 51.73519], [50.83791, 51.74532], [50.81991, 51.75207], [50.76591, 51.75883], [50.74431, 51.74194], [50.74791, 51.70986], [50.79471, 51.62543], [50.79111, 51.59672], [50.76591, 51.57815], [50.71911, 51.56802], [50.69751, 51.56633], [50.67231, 51.56802], [50.65791, 51.57646], [50.67591, 51.59504], [50.69391, 51.61192], [50.68671, 51.6153], [50.63991, 51.61699], [50.60031, 51.63556], [50.58231, 51.63556], [50.57871, 51.61361], [50.57511, 51.58828], [50.56071, 51.57984], [50.54271, 51.57815], [50.52471, 51.56633], [50.52111, 51.55113], [50.53191, 51.49203], [50.52831, 51.47008], [50.51751, 51.45995], [50.50311, 51.45657], [50.4779, 51.4532], [50.4707, 51.43631], [50.4563, 51.42618], [50.4383, 51.4228], [50.3807, 51.42111], [50.3663, 51.41942], [50.3591, 51.41267], [50.3627, 51.4076], [50.3735, 51.40085], [50.3771, 51.39747], [50.3627, 51.38734], [50.3483, 51.38059], [50.3375, 51.37214], [50.3411, 51.35357], [50.3483, 51.33499], [50.3483, 51.32317], [50.3411, 51.31304], [50.3267, 51.30291], [50.2079, 51.26576], [50.0279, 51.24381], [49.9883, 51.2303], [49.8443, 51.15094], [49.7975, 51.10873], [49.7795, 51.10197], [49.5383, 51.10028], [49.45909, 51.11548], [49.43749, 51.1121], [49.42309, 51.10197], [49.41229, 51.08509], [49.40149, 51.06651], [49.39429, 51.03443], [49.38349, 51.01923], [49.35829, 50.99221], [49.34749, 50.96351], [49.37269, 50.93987], [49.40509, 50.91285], [49.42309, 50.88246], [49.40869, 50.84868], [49.36909, 50.82673], [49.28269, 50.80309], [49.14229, 50.78114], [49.10269, 50.7575], [49.01269, 50.6832], [48.82909, 50.5954], [48.78589, 50.59033], [48.73909, 50.59709], [48.60949, 50.64774], [48.58429, 50.64943], [48.56989, 50.63592], [48.57349, 50.61735], [48.59869, 50.60722], [48.64909, 50.60215], [48.67429, 50.5802], [48.67789, 50.54812], [48.67429, 50.47889], [48.70309, 50.33536], [48.72829, 50.26613], [48.77149, 50.2104], [48.78949, 50.17325], [48.78229, 50.13779], [48.78229, 50.11078], [48.85069, 50.09727], [48.86509, 50.08545], [48.87589, 50.07025], [48.88669, 50.02972], [48.88669, 50.01959], [48.87949, 50.00946], [48.8694, 50.0], [48.12336, 50.0], [48.11268, 50.02128], [48.10548, 50.04999], [48.09468, 50.07869], [48.07308, 50.10571], [48.02628, 50.13104], [48.01188, 50.14286], [48.00468, 50.15637], [48.00108, 50.16988], [47.99388, 50.1817], [47.95428, 50.20534], [47.91468, 50.24417], [47.87508, 50.26613], [47.85348, 50.2847], [47.80668, 50.32016], [47.79588, 50.32523], [47.77788, 50.33029], [47.76708, 50.33705], [47.75988, 50.34718], [47.74908, 50.36069], [47.73468, 50.37082], [47.69148, 50.38601], [47.62308, 50.44005], [47.59788, 50.45187], [47.55828, 50.45187], [47.51148, 50.43667], [47.46827, 50.41134], [47.43947, 50.38264], [47.43587, 50.37588], [47.40707, 50.33367], [47.39267, 50.32354], [47.32427, 50.30496], [47.30627, 50.29483], [47.29547, 50.27626], [47.30267, 50.26275], [47.31707, 50.25262], [47.32067, 50.23742], [47.31347, 50.22222], [47.27747, 50.20027], [47.26667, 50.18676], [47.27387, 50.15806], [47.32787, 50.10909], [47.32787, 50.07363], [47.30987, 50.04492], [47.25426, 50.0], [38.34159, 50.0], [38.31338, 50.04999], [38.29898, 50.06012], [38.28098, 50.06181], [38.25218, 50.05843], [38.19098, 50.0635], [38.17298, 50.06012], [38.16578, 50.02972], [38.17048, 50.0], [37.92046, 50.0], [37.91738, 50.00271], [37.88138, 50.02297], [37.84178, 50.03986], [37.76258, 50.06181], [37.72658, 50.07869], [37.63298, 50.17325], [37.59698, 50.19689], [37.58978, 50.20365], [37.58978, 50.21378], [37.58978, 50.2256], [37.60058, 50.24924], [37.60058, 50.29145], [37.56818, 50.31172], [37.48177, 50.34042], [37.46377, 50.36575], [37.44937, 50.39952], [37.43497, 50.42485], [37.41697, 50.43161], [37.31617, 50.42316], [37.28377, 50.41472], [37.22617, 50.37757], [37.19737, 50.36237], [37.05337, 50.33536], [36.98137, 50.34211], [36.91297, 50.33873], [36.84817, 50.32354], [36.68257, 50.26106], [36.66817, 50.25262], [36.66097, 50.24417], [36.64297, 50.22222], [36.63577, 50.21378], [36.61777, 50.20703], [36.59617, 50.20365], [36.57097, 50.20703], [36.54937, 50.21209], [36.53497, 50.22053], [36.53137, 50.22898], [36.53497, 50.23911], [36.53497, 50.26106], [36.53857, 50.26444], [36.53497, 50.26781], [36.52057, 50.27457], [36.51337, 50.27626], [36.48096, 50.28132], [36.45216, 50.29314], [36.43056, 50.29652], [36.40896, 50.30496], [36.40176, 50.30665], [36.38736, 50.30665], [36.38016, 50.30327], [36.36216, 50.29145], [36.34056, 50.28132], [36.31536, 50.27457], [36.29376, 50.27457], [36.26856, 50.28132], [36.16776, 50.38433], [36.14256, 50.39277], [36.13176, 50.41134], [36.10656, 50.42147], [35.93016, 50.42992], [35.83656, 50.42316], [35.81856, 50.41979], [35.80416, 50.41134], [35.78616, 50.39446], [35.77536, 50.3877], [35.76456, 50.38433], [35.74656, 50.38433], [35.73936, 50.38095], [35.72136, 50.36913], [35.71056, 50.35562], [35.69616, 50.34549], [35.69256, 50.3438], [35.67456, 50.34042], [35.65296, 50.34042], [35.63136, 50.34549], [35.60976, 50.35224], [35.59176, 50.36069], [35.57016, 50.37588], [35.56296, 50.39108], [35.56296, 50.40965], [35.55576, 50.43329], [35.54136, 50.45018], [35.52336, 50.46031], [35.50176, 50.46369], [35.48015, 50.46707], [35.44775, 50.47551], [35.42615, 50.50084], [35.37935, 50.62242], [35.37575, 50.63424], [35.39015, 50.64606], [35.46935, 50.66801], [35.44415, 50.68827], [35.44415, 50.71022], [35.44775, 50.73386], [35.43695, 50.76257], [35.42975, 50.7727], [35.41895, 50.77945], [35.39375, 50.7879], [35.37935, 50.79803], [35.37575, 50.80816], [35.37935, 50.81998], [35.37935, 50.83349], [35.36855, 50.84531], [35.34695, 50.86388], [35.33975, 50.8757], [35.33975, 50.89259], [35.34335, 50.90441], [35.34335, 50.91623], [35.32895, 50.92974], [35.31815, 50.9348], [35.29295, 50.93818], [35.28575, 50.94493], [35.28215, 50.95506], [35.28215, 50.96182], [35.28215, 50.98208], [35.27855, 50.99221], [35.33255, 51.00066], [35.34695, 51.0091], [35.35415, 51.02598], [35.34695, 51.03612], [35.32895, 51.04287], [35.30735, 51.04794], [35.27495, 51.04963], [35.20655, 51.03949], [35.17415, 51.04118], [35.14535, 51.05807], [35.12375, 51.09184], [35.09855, 51.18302], [35.09135, 51.19822], [35.07695, 51.20835], [35.05895, 51.21173], [35.03735, 51.21004], [35.01935, 51.20497], [34.99775, 51.2016], [34.97975, 51.21004], [34.96175, 51.21511], [34.94735, 51.21511], [34.90055, 51.19653], [34.81775, 51.17458], [34.74935, 51.16445], [34.67375, 51.16783], [34.65575, 51.1712], [34.64135, 51.18133], [34.63415, 51.19484], [34.62695, 51.21173], [34.62335, 51.22524], [34.60895, 51.23368], [34.57655, 51.23706], [34.51175, 51.2303], [34.47934, 51.23706], [34.40734, 51.25394], [34.37134, 51.25732], [34.33534, 51.25057], [34.29934, 51.23199], [34.28134, 51.22693], [34.25614, 51.2303], [34.18774, 51.24888], [34.24534, 51.27421], [34.28494, 51.30122], [34.31014, 51.33499], [34.29934, 51.36877], [34.28134, 51.36201], [34.26334, 51.36201], [34.24894, 51.3637], [34.23094, 51.36708], [34.21654, 51.37383], [34.19494, 51.38565], [34.18414, 51.39409], [34.18054, 51.40254], [34.18774, 51.4076], [34.20934, 51.41098], [34.21654, 51.41773], [34.22014, 51.42787], [34.21654, 51.43631], [34.21294, 51.44475], [34.21294, 51.45488], [34.21654, 51.46502], [34.22374, 51.4819], [34.22734, 51.49372], [34.22374, 51.51398], [34.21654, 51.53256], [34.20214, 51.54607], [34.15894, 51.57646], [34.15174, 51.58322], [34.14814, 51.59335], [34.14454, 51.61361], [34.14094, 51.62036], [34.12654, 51.62712], [34.09054, 51.63387], [34.07974, 51.64232], [34.09054, 51.66596], [34.12654, 51.68115], [34.29934, 51.70648], [34.35694, 51.70479], [34.37494, 51.70817], [34.41454, 51.73688], [34.41094, 51.7774], [34.38574, 51.81793], [34.37134, 51.82637], [34.34614, 51.84157], [34.32814, 51.85001], [34.29574, 51.87365], [34.27774, 51.88041], [34.26334, 51.88041], [34.24534, 51.87534], [34.23454, 51.87872], [34.23454, 51.88041], [34.23094, 51.89391], [34.22734, 51.89898], [34.22374, 51.90236], [34.20934, 51.90911], [34.20214, 51.91249], [34.16614, 51.94288], [34.14454, 51.95133], [34.09774, 51.95133], [34.09774, 51.95977], [34.10494, 51.97497], [34.10134, 51.99185], [34.07974, 52.0138], [34.06894, 52.03069], [34.06174, 52.05095], [34.06174, 52.08303], [34.05814, 52.09992], [34.05814, 52.10499], [34.07254, 52.12863], [34.07254, 52.13876], [34.07254, 52.14889], [34.06534, 52.15902], [34.05454, 52.17084], [34.04014, 52.18604], [34.02214, 52.19786], [33.95734, 52.22487], [33.94294, 52.23501], [33.91774, 52.27047], [33.89974, 52.28566], [33.86014, 52.30255], [33.83854, 52.31437], [33.82414, 52.33126], [33.81694, 52.34476], [33.80254, 52.3549], [33.77734, 52.35996], [33.73414, 52.36165], [33.68734, 52.35658], [33.60094, 52.33126], [33.53254, 52.28904], [33.51094, 52.28735], [33.49293, 52.30255], [33.50014, 52.34139], [33.48213, 52.35827], [33.46413, 52.35321], [33.45333, 52.34476], [33.43893, 52.3397], [33.42093, 52.33801], [33.40293, 52.34308], [33.39933, 52.34476], [33.37773, 52.3549], [33.35973, 52.35827], [33.29493, 52.35658], [33.19773, 52.3684], [33.18333, 52.36672], [33.16533, 52.35996], [33.14013, 52.3397], [33.12933, 52.33294], [33.10773, 52.32788], [33.10053, 52.3245], [33.08613, 52.31099], [33.07893, 52.30593], [33.07173, 52.30424], [33.05733, 52.3093], [33.04653, 52.3093], [33.02853, 52.30424], [32.92773, 52.24683], [32.90973, 52.24176], [32.89173, 52.24176], [32.85933, 52.25696], [32.84493, 52.26202], [32.81613, 52.26202], [32.75493, 52.25189], [32.72613, 52.25189], [32.52813, 52.31606], [32.48132, 52.30762], [32.39492, 52.32619], [32.35532, 52.32112], [32.34092, 52.28735], [32.34452, 52.27722], [32.36252, 52.25527], [32.36612, 52.24683], [32.36252, 52.23669], [32.35172, 52.22994], [32.33732, 52.22487], [32.32652, 52.21981], [32.31932, 52.20123], [32.30852, 52.14045], [32.27612, 52.1033], [32.23292, 52.08135], [32.09612, 52.04082], [32.07812, 52.03913], [32.01692, 52.04926], [31.98092, 52.04757], [31.92692, 52.03069], [31.90892, 52.029], [31.89092, 52.03575], [31.88732, 52.05095], [31.88732, 52.06953], [31.88372, 52.08641], [31.85852, 52.09992], [31.82612, 52.1033], [31.76492, 52.09992], [31.76492, 52.13031], [31.76132, 52.15058], [31.75052, 52.16409], [31.70012, 52.18604], [31.68932, 52.1911], [31.68212, 52.20123], [31.67852, 52.21643], [31.68212, 52.22994], [31.68932, 52.24345], [31.70012, 52.25189], [31.68212, 52.25696], [31.64972, 52.26033], [31.63172, 52.2654], [31.61372, 52.27384], [31.59572, 52.28398], [31.56692, 52.31099], [31.58132, 52.31775], [31.59212, 52.32788], [31.60292, 52.34139], [31.61012, 52.3549], [31.60652, 52.37178], [31.59932, 52.3836], [31.59212, 52.39204], [31.58132, 52.40218], [31.58492, 52.4275], [31.58852, 52.4579], [31.58852, 52.48323], [31.56692, 52.49336], [31.55252, 52.5018], [31.54892, 52.51193], [31.55972, 52.52038], [31.57772, 52.52544], [31.56332, 52.53726], [31.55972, 52.54064], [31.57412, 52.54064], [31.61012, 52.53557], [31.62452, 52.53726], [31.62812, 52.54739], [31.61372, 52.55921], [31.57772, 52.57779], [31.56692, 52.58961], [31.53452, 52.63013], [31.49131, 52.66728], [31.48051, 52.68248], [31.54892, 52.70612], [31.57052, 52.72469], [31.57052, 52.76691], [31.55972, 52.78717], [31.54892, 52.79393], [31.53812, 52.80068], [31.52372, 52.8125], [31.51652, 52.8277], [31.51292, 52.84121], [31.50572, 52.84965], [31.48051, 52.85134], [31.45171, 52.8564], [31.41931, 52.86991], [31.38691, 52.88849], [31.36531, 52.90875], [31.34011, 52.95772], [31.32211, 52.97629], [31.24651, 53.01513], [31.26811, 53.02864], [31.31851, 53.07592], [31.32931, 53.07929], [31.35451, 53.08267], [31.36531, 53.08943], [31.36531, 53.09956], [31.36531, 53.10969], [31.36171, 53.11982], [31.36171, 53.12151], [31.36171, 53.13333], [31.37971, 53.1823], [31.41571, 53.19918], [31.46251, 53.19918], [31.51292, 53.19412], [31.53452, 53.19412], [31.57412, 53.20763], [31.59212, 53.211], [31.61372, 53.20932], [31.67492, 53.19581], [31.69292, 53.19243], [31.73972, 53.19243], [31.75772, 53.18736], [31.76852, 53.16879], [31.77932, 53.12826], [31.79732, 53.11307], [31.80812, 53.10969], [31.84412, 53.11138], [31.85492, 53.10969], [31.90892, 53.09111], [31.93052, 53.08774], [31.95572, 53.08943], [31.98092, 53.09787], [32.00972, 53.09956], [32.08172, 53.08267], [32.11772, 53.08098], [32.12492, 53.08436], [32.15372, 53.09618], [32.18972, 53.09956], [32.19692, 53.09787], [32.20052, 53.09787], [32.20412, 53.09956], [32.20772, 53.10462], [32.20772, 53.10969], [32.20772, 53.11307], [32.20772, 53.11644], [32.21132, 53.12151], [32.21492, 53.12489], [32.26892, 53.12489], [32.29412, 53.14008], [32.31932, 53.16204], [32.35172, 53.18061], [32.38772, 53.18736], [32.40572, 53.19243], [32.42372, 53.20425], [32.45612, 53.23633], [32.47052, 53.25491], [32.47772, 53.27517], [32.45612, 53.27855], [32.44892, 53.28868], [32.45612, 53.3005], [32.48132, 53.30556], [32.50653, 53.29712], [32.53893, 53.29543], [32.56773, 53.29881], [32.59653, 53.30894], [32.59293, 53.31232], [32.58213, 53.32076], [32.57853, 53.32414], [32.65053, 53.33427], [32.66493, 53.33089], [32.68293, 53.32752], [32.69733, 53.32583], [32.71893, 53.33427], [32.70453, 53.36635], [32.71893, 53.43052], [32.71893, 53.43896], [32.70093, 53.4626], [32.69013, 53.4626], [32.65773, 53.45585], [32.64693, 53.45754], [32.64333, 53.46936], [32.64693, 53.47949], [32.65053, 53.48793], [32.63613, 53.493], [32.61813, 53.49468], [32.60013, 53.493], [32.59293, 53.48624], [32.58573, 53.48455], [32.57853, 53.48624], [32.57133, 53.493], [32.55333, 53.51157], [32.53173, 53.5217], [32.48132, 53.53521], [32.45252, 53.54703], [32.43092, 53.56223], [32.41292, 53.58249], [32.40212, 53.60951], [32.39852, 53.62808], [32.39852, 53.63484], [32.40572, 53.6399], [32.48132, 53.66185], [32.48852, 53.6703], [32.48852, 53.67705], [32.48852, 53.68549], [32.48132, 53.69225], [32.46332, 53.70745], [32.44172, 53.7142], [32.42012, 53.71589], [32.37332, 53.7142], [32.35892, 53.71927], [32.32652, 53.74628], [32.29052, 53.76148], [32.16452, 53.78174], [32.10692, 53.80707], [32.08532, 53.81045], [31.87292, 53.77668], [31.78652, 53.79356], [31.74332, 53.79525], [31.75412, 53.81889], [31.79372, 53.85773], [31.81172, 53.88306], [31.82612, 53.94047], [31.83692, 53.96242], [31.84052, 53.96918], [31.84052, 53.97762], [31.84052, 53.98437], [31.84772, 53.99282], [31.82252, 54.04516], [31.82252, 54.05023], [31.82252, 54.0536], [31.81532, 54.05698], [31.80812, 54.05529], [31.78292, 54.04516], [31.77212, 54.04854], [31.76132, 54.06036], [31.75412, 54.07556], [31.74692, 54.08569], [31.73612, 54.09413], [31.72532, 54.09751], [31.69652, 54.09751], [31.66772, 54.10257], [31.58132, 54.12959], [31.53092, 54.13803], [31.50572, 54.1431], [31.48051, 54.15661], [31.32571, 54.22922], [31.31131, 54.24441], [31.30051, 54.27312], [31.29331, 54.33053], [31.28611, 54.34742], [31.27531, 54.35586], [31.26091, 54.3643], [31.25011, 54.37612], [31.22491, 54.42847], [31.21051, 54.44873], [31.17811, 54.4538], [31.16731, 54.46731], [31.09531, 54.47913], [31.06291, 54.49263], [31.08811, 54.53654], [31.13851, 54.58213], [31.16731, 54.62097], [31.12771, 54.64123], [31.10611, 54.66825], [31.01971, 54.67331], [30.99811, 54.67162], [30.99451, 54.6902], [30.98011, 54.70539], [30.82891, 54.77125], [30.78571, 54.77969], [30.77131, 54.78645], [30.76411, 54.80164], [30.76771, 54.83035], [30.78931, 54.84724], [30.81091, 54.86074], [30.82531, 54.87763], [30.82891, 54.90296], [30.81811, 54.91816], [30.81451, 54.92829], [30.83971, 54.93842], [30.90091, 54.94686], [30.91891, 54.95362], [30.93691, 54.97388], [30.92971, 54.9857], [30.91531, 54.99583], [30.90811, 55.01272], [30.91171, 55.02454], [30.93331, 55.02622], [30.98011, 55.01947], [31.00531, 55.02285], [31.00531, 55.04311], [30.99451, 55.06675], [30.98011, 55.08701], [30.97291, 55.09377], [30.96931, 55.10221], [30.97291, 55.10896], [30.98011, 55.11572], [30.98371, 55.12585], [30.98371, 55.13092], [30.98011, 55.13429], [30.97651, 55.13936], [30.97291, 55.14105], [30.96211, 55.14274], [30.95851, 55.14442], [30.95851, 55.14949], [30.96211, 55.15793], [30.95851, 55.163], [30.94771, 55.17144], [30.90091, 55.19171], [30.88651, 55.20521], [30.86851, 55.24236], [30.85771, 55.25418], [30.82171, 55.26431], [30.80371, 55.27276], [30.79291, 55.28627], [30.79651, 55.30484], [30.81091, 55.32341], [30.84691, 55.35043], [30.90451, 55.37576], [30.91891, 55.38758], [30.91891, 55.40784], [30.90451, 55.42135], [30.89011, 55.43317], [30.88291, 55.45175], [30.88651, 55.46863], [30.91171, 55.48045], [30.91891, 55.49227], [30.91531, 55.49396], [30.90091, 55.49903], [30.91891, 55.53449], [30.91171, 55.57164], [30.90811, 55.57839], [30.88651, 55.60034], [30.84691, 55.61047], [30.80371, 55.60203], [30.77131, 55.5919], [30.74251, 55.59359], [30.71371, 55.62736], [30.70291, 55.64256], [30.69211, 55.65269], [30.68131, 55.65606], [30.63811, 55.65438], [30.61651, 55.65775], [30.59491, 55.66451], [30.58411, 55.6797], [30.58411, 55.68815], [30.58771, 55.69659], [30.59131, 55.70503], [30.58771, 55.71854], [30.58051, 55.7253], [30.56971, 55.73036], [30.4797, 55.754], [30.4689, 55.76244], [30.4725, 55.77089], [30.4761, 55.77933], [30.4761, 55.78777], [30.4689, 55.79284], [30.2709, 55.82999], [30.2529, 55.83843], [30.2169, 55.85532], [30.1989, 55.85869], [30.1773, 55.85194], [30.1341, 55.82661], [30.1053, 55.82154], [29.9865, 55.84687], [29.9469, 55.84856], [29.9073, 55.8435], [29.8677, 55.82999], [29.8461, 55.8131], [29.8065, 55.77089], [29.7813, 55.76413], [29.7093, 55.77426], [29.6841, 55.77089], [29.5869, 55.7388], [29.5077, 55.68477], [29.48249, 55.68139], [29.46089, 55.68646], [29.41409, 55.72698], [29.36369, 55.75231], [29.34929, 55.76582], [29.34209, 55.78777], [29.34929, 55.80297], [29.37089, 55.83674], [29.37449, 55.84687], [29.38169, 55.87051], [29.38529, 55.88064], [29.39249, 55.88909], [29.39969, 55.89246], [29.40689, 55.89415], [29.41769, 55.89753], [29.42489, 55.89922], [29.43209, 55.89922], [29.43929, 55.90091], [29.44289, 55.90766], [29.43929, 55.91442], [29.43209, 55.92455], [29.41409, 55.93806], [29.39609, 55.94819], [29.37809, 55.95325], [29.22329, 55.97858], [29.19449, 55.99209], [29.14409, 56.01235], [29.09009, 56.02249], [29.03249, 56.02417], [28.98209, 56.01404], [28.92089, 55.99209], [28.85969, 55.97689], [28.83449, 55.9617], [28.83089, 55.93806], [28.80929, 55.93468], [28.73369, 55.9465], [28.70489, 55.96001], [28.69409, 55.98027], [28.69049, 56.00391], [28.67969, 56.02755], [28.67249, 56.03768], [28.63649, 56.06639], [28.62209, 56.08327], [28.61129, 56.08834], [28.59329, 56.09172], [28.53929, 56.09847], [28.38808, 56.08834], [28.36648, 56.0799], [28.33408, 56.0495], [28.31248, 56.04275], [28.29088, 56.04613], [28.26928, 56.05795], [28.23688, 56.08327], [28.16848, 56.12549], [28.15048, 56.14237], [28.16848, 56.16095], [28.17928, 56.18459], [28.18288, 56.20823], [28.19368, 56.23187], [28.20088, 56.242], [28.20808, 56.24875], [28.21528, 56.25551], [28.21888, 56.27071], [28.21528, 56.28084], [28.17568, 56.35007], [28.16848, 56.37033], [28.16488, 56.39228], [28.16848, 56.42774], [28.16488, 56.43788], [28.15768, 56.44632], [28.10368, 56.48347], [28.09648, 56.49191], [28.09288, 56.50204], [28.10008, 56.51386], [28.12528, 56.52737], [28.13248, 56.53581], [28.12528, 56.54763], [28.10728, 56.55439], [28.02808, 56.57634], [28.01008, 56.58816], [27.99568, 56.60336], [27.99208, 56.62531], [27.99208, 56.66921], [27.98128, 56.68778], [27.88408, 56.72493], [27.86608, 56.74351], [27.87688, 56.7587], [27.89848, 56.78234], [27.92008, 56.80598], [27.91288, 56.81949], [27.89128, 56.82963], [27.85168, 56.85495], [27.83008, 56.86509], [27.78688, 56.87184], [27.74368, 56.86509], [27.66088, 56.83976], [27.64288, 56.84145], [27.62848, 56.84482], [27.65008, 56.87859], [27.71488, 56.95796], [27.71848, 56.96809], [27.72208, 56.98835], [27.72208, 56.99848], [27.72928, 57.0103], [27.74728, 57.03225], [27.75088, 57.04239], [27.74368, 57.06771], [27.72208, 57.07785], [27.69688, 57.08629], [27.68248, 57.10317], [27.70048, 57.11837], [27.79408, 57.1437], [27.82288, 57.1589], [27.83368, 57.18085], [27.84088, 57.21124], [27.84448, 57.26697], [27.84088, 57.29061], [27.82648, 57.30412], [27.80848, 57.31425], [27.70768, 57.34802], [27.69328, 57.35646], [27.63928, 57.38854], [27.53488, 57.41556], [27.50968, 57.43076], [27.51328, 57.44764], [27.52408, 57.46791], [27.52408, 57.49155], [27.52768, 57.5287], [27.35127, 57.52701], [27.34407, 57.53883], [27.33687, 57.55402], [27.32967, 57.57091], [27.32967, 57.58273], [27.33687, 57.59117], [27.34767, 57.59455], [27.36207, 57.59455], [27.37647, 57.59793], [27.38367, 57.60299], [27.38367, 57.60637], [27.38727, 57.62832], [27.38367, 57.6317], [27.38367, 57.63508], [27.38007, 57.6469], [27.37647, 57.65196], [27.37647, 57.65703], [27.38007, 57.66716], [27.38367, 57.67391], [27.39087, 57.68067], [27.40887, 57.68911], [27.49167, 57.70431], [27.50608, 57.71444], [27.50968, 57.72795], [27.49887, 57.75497], [27.50248, 57.77185], [27.51328, 57.78198], [27.52768, 57.78705], [27.55288, 57.79549], [27.53128, 57.80562], [27.52408, 57.80731], [27.53848, 57.81238], [27.55648, 57.81238], [27.70048, 57.8242], [27.76168, 57.83939], [27.78688, 57.84784], [27.79768, 57.86135], [27.79048, 57.88161], [27.77608, 57.89005], [27.67168, 57.912], [27.66448, 57.91876], [27.66088, 57.93227], [27.66448, 57.94409], [27.67168, 57.95422], [27.67528, 57.96773], [27.66808, 57.99137], [27.65008, 57.99981], [27.63208, 58.00487], [27.62848, 58.03358], [27.63568, 58.05891], [27.63208, 58.08762], [27.57808, 58.12645], [27.53848, 58.17204], [27.52048, 58.194], [27.49527, 58.22101], [27.48447, 58.26829], [27.49527, 58.31895], [27.55648, 58.39494], [27.49887, 58.53509], [27.44847, 58.65835], [27.43047, 58.70901], [27.40887, 58.7546], [27.44487, 58.81877], [27.47727, 58.87618], [27.60688, 58.93528], [27.69328, 58.97581], [27.69688, 58.9775], [27.71488, 58.99269], [27.72568, 59.01464], [27.76888, 59.05517], [27.78328, 59.07712], [27.84088, 59.16155], [27.87328, 59.23585], [27.89128, 59.2578], [27.88408, 59.27637], [27.90568, 59.28988], [27.95968, 59.30677], [28.07488, 59.30508], [28.09648, 59.31859], [28.07488, 59.31859], [27.99928, 59.33379], [28.03168, 59.34223], [28.11448, 59.34561], [28.15768, 59.36418], [28.18288, 59.35574], [28.18648, 59.37431], [28.17568, 59.38107], [28.15048, 59.39289], [28.13608, 59.39964], [28.12888, 59.40977], [28.10368, 59.43848], [28.08208, 59.4503], [28.03888, 59.46381], [28.01728, 59.48238], [28.05688, 59.52797], [28.07128, 59.57863], [28.05328, 59.62422], [28.01728, 59.65968], [27.99928, 59.68163], [27.99208, 59.70358], [27.99568, 59.7154], [28.00648, 59.74242], [28.00648, 59.75762], [28.05688, 59.7897], [28.08568, 59.79983], [28.12528, 59.79308], [28.16128, 59.77619], [28.18648, 59.75931], [28.20088, 59.73567], [28.20808, 59.71034], [28.22248, 59.69176], [28.33408, 59.66812], [28.37368, 59.66643], [28.40608, 59.68332], [28.41688, 59.70865], [28.42048, 59.73567], [28.41688, 59.7897], [28.42768, 59.81334], [28.44928, 59.83529], [28.47448, 59.85218], [28.49968, 59.86062], [28.51769, 59.86231], [28.53569, 59.85893], [28.55369, 59.85387], [28.58249, 59.8336], [28.61849, 59.82854], [28.64729, 59.8201], [28.66889, 59.81672], [28.67969, 59.81334], [28.68329, 59.80828], [28.69409, 59.79646], [28.69769, 59.79308], [28.71929, 59.78632], [28.73369, 59.7897], [28.76609, 59.79983], [28.78409, 59.79983], [28.81289, 59.7897], [28.83089, 59.78632], [28.84529, 59.7897], [28.88489, 59.81672], [28.89569, 59.81841], [28.92089, 59.81334], [28.93169, 59.81672], [28.96049, 59.82685], [28.96769, 59.82685], [28.97489, 59.83192], [29.01089, 59.85724], [29.03609, 59.88595], [29.03249, 59.90115], [28.97849, 59.92985], [29.00729, 59.92816], [29.01449, 59.92985], [29.03969, 59.94336], [29.09009, 59.98051], [29.11889, 59.99402], [29.16209, 60.00246], [29.26649, 59.9974], [29.5005, 59.96869], [29.8029, 59.93998], [29.8641, 59.91803], [30.1161, 59.87075], [30.1629, 59.86906], [30.1917, 59.88088], [30.2169, 59.9079], [30.2241, 59.93323], [30.2061, 59.94336], [30.2169, 59.95856], [30.2349, 59.967], [30.2457, 59.97544], [30.2349, 59.99064], [30.2097, 60.00077], [30.0009, 60.01259], [29.9469, 60.02948], [29.9325, 60.06663], [29.9253, 60.06663], [29.9109, 60.07507], [29.8965, 60.08689], [29.8893, 60.1004], [29.8929, 60.11391], [29.9001, 60.12235], [29.9001, 60.13417], [29.8857, 60.14937], [29.8497, 60.16625], [29.7021, 60.20003], [29.5257, 60.20171], [29.45729, 60.17807], [29.41769, 60.16963], [29.25569, 60.17639], [29.09369, 60.17807], [29.05049, 60.18483], [29.01449, 60.19665], [28.98569, 60.21691], [28.94609, 60.26419], [28.92089, 60.27939], [28.88849, 60.28614], [28.85969, 60.29459], [28.84169, 60.31654], [28.83089, 60.34187], [28.81649, 60.36044], [28.79849, 60.36888], [28.79489, 60.36044], [28.79489, 60.34862], [28.78769, 60.34187], [28.74809, 60.34187], [28.72289, 60.34524], [28.70849, 60.352], [28.69409, 60.36213], [28.62929, 60.37564], [28.61849, 60.38239], [28.60769, 60.38915], [28.51769, 60.48877], [28.45288, 60.53943], [28.43848, 60.55969], [28.45288, 60.56476], [28.47448, 60.56645], [28.49248, 60.56476], [28.50689, 60.55969], [28.51409, 60.55125], [28.51769, 60.53268], [28.52489, 60.52254], [28.54289, 60.51072], [28.61849, 60.48877], [28.65809, 60.46344], [28.68329, 60.45669], [28.70129, 60.46175], [28.70849, 60.47864], [28.69769, 60.50059], [28.68689, 60.51748], [28.66169, 60.53436], [28.66169, 60.55463], [28.66169, 60.57827], [28.65809, 60.59346], [28.66529, 60.61373], [28.68689, 60.61542], [28.67609, 60.62892], [28.65089, 60.65594], [28.64369, 60.66945], [28.65449, 60.68127], [28.67609, 60.67958], [28.69769, 60.67283], [28.71209, 60.66945], [28.73369, 60.69309], [28.72289, 60.7218], [28.69049, 60.73868], [28.65449, 60.72855], [28.63649, 60.71673], [28.60409, 60.69984], [28.58609, 60.68634], [28.57529, 60.68296], [28.52129, 60.68465], [28.50689, 60.68127], [28.48888, 60.67283], [28.47448, 60.66945], [28.42408, 60.67114], [28.39888, 60.66607], [28.39168, 60.64581], [28.38448, 60.62386], [28.36288, 60.62386], [28.34128, 60.62724], [28.32328, 60.62048], [28.33048, 60.61542], [28.33768, 60.61035], [28.34128, 60.60191], [28.34488, 60.59346], [28.33408, 60.59853], [28.31968, 60.60191], [28.30528, 60.60191], [28.29448, 60.60191], [28.28728, 60.59853], [28.28368, 60.59515], [28.28008, 60.59178], [28.25848, 60.57996], [28.23688, 60.55969], [28.21528, 60.54787], [28.21168, 60.54618], [28.19008, 60.54787], [28.16848, 60.55125], [28.15768, 60.55294], [28.15048, 60.54956], [28.15048, 60.54281], [28.14688, 60.53605], [28.13608, 60.53268], [28.12528, 60.53436], [28.10728, 60.53774], [28.09648, 60.53943], [28.07848, 60.53774], [28.04968, 60.52761], [28.03528, 60.52592], [27.90208, 60.5293], [27.86968, 60.54112], [27.86248, 60.56814], [27.84448, 60.558], [27.83008, 60.54112], [27.81568, 60.52761], [27.79408, 60.53268], [27.79768, 60.53774], [27.80848, 60.55294], [27.89128, 60.6036], [27.98128, 60.64919], [28.00288, 60.66438], [28.14688, 60.75726], [28.24408, 60.79103], [28.33768, 60.85857], [28.48168, 60.93287], [28.52489, 60.94975], [28.61489, 60.96157], [28.65449, 60.99197], [28.66889, 61.01223], [28.69049, 61.02743], [28.75169, 61.0612], [28.78049, 61.08653], [28.79849, 61.09666], [28.85609, 61.11186], [28.92809, 61.14732], [28.98209, 61.16758], [29.12969, 61.21317], [29.20169, 61.24525], [29.26289, 61.29085], [29.27729, 61.30435], [29.28809, 61.31617], [29.31689, 61.33813], [29.46449, 61.41411], [29.48249, 61.43438], [29.5005, 61.4597], [29.5185, 61.4749], [29.5401, 61.48503], [29.6049, 61.49854], [29.6337, 61.51036], [29.7777, 61.5931], [29.7993, 61.60999], [29.8209, 61.64376], [29.8425, 61.66064], [29.9793, 61.72819], [30.1449, 61.84977], [30.3393, 61.99161], [30.4797, 62.06759], [30.60571, 62.15202], [30.63451, 62.1841], [30.64891, 62.19255], [30.66691, 62.1993], [30.70291, 62.21112], [30.79291, 62.25334], [30.90811, 62.29217], [30.92611, 62.3023], [30.94051, 62.31412], [30.96571, 62.3479], [30.98011, 62.35803], [31.12411, 62.43401], [31.14211, 62.45596], [31.15291, 62.46778], [31.16731, 62.47623], [31.22131, 62.49142], [31.24291, 62.50324], [31.26091, 62.5252], [31.28251, 62.57248], [31.30411, 62.59612], [31.34731, 62.62989], [31.36171, 62.65184], [31.41211, 62.7464], [31.44091, 62.78861], [31.48051, 62.82576], [31.57052, 62.90513], [31.53452, 62.92032], [31.52012, 62.94396], [31.50572, 62.9676], [31.48051, 62.98618], [31.46971, 62.99124], [31.44451, 63.00137], [31.37971, 63.04866], [31.35091, 63.06216], [31.28971, 63.08412], [31.26451, 63.101], [31.25011, 63.1162], [31.23931, 63.13646], [31.23571, 63.15672], [31.23211, 63.1753], [31.22491, 63.19556], [31.20331, 63.21245], [31.17811, 63.22596], [30.97651, 63.28843], [30.82171, 63.37624], [30.4869, 63.46236], [30.4617, 63.47249], [30.4401, 63.49106], [30.3789, 63.53328], [30.2421, 63.58225], [30.0009, 63.71564], [29.9793, 63.74097], [29.9973, 63.74773], [30.0513, 63.76292], [30.2025, 63.79332], [30.2673, 63.83047], [30.3285, 63.89632], [30.50851, 63.99088], [30.55171, 64.02128], [30.58051, 64.05167], [30.58771, 64.08544], [30.56251, 64.12766], [30.54451, 64.14623], [30.53371, 64.16312], [30.53371, 64.18], [30.55171, 64.19858], [30.55891, 64.22053], [30.53731, 64.23404], [30.50491, 64.24417], [30.4473, 64.25092], [30.4221, 64.26443], [30.4005, 64.28301], [30.3717, 64.30158], [30.3213, 64.31847], [30.1629, 64.34211], [30.0945, 64.36068], [30.0513, 64.37757], [30.0333, 64.39614], [30.0405, 64.42316], [30.0621, 64.44849], [30.0693, 64.47213], [30.0369, 64.4907], [29.9901, 64.50421], [29.9937, 64.51096], [29.9901, 64.51265], [29.9793, 64.51603], [29.9793, 64.51772], [29.9793, 64.52109], [29.9793, 64.52447], [29.9793, 64.52616], [29.9721, 64.53629], [29.9685, 64.54473], [29.9685, 64.56331], [29.9649, 64.565], [29.9577, 64.56669], [29.9541, 64.56837], [29.9577, 64.57513], [29.9649, 64.57851], [30.1377, 64.61565], [30.1593, 64.62579], [30.1809, 64.64267], [30.1881, 64.66294], [30.1701, 64.68151], [30.1305, 64.70177], [30.1197, 64.70853], [30.1089, 64.72035], [30.1053, 64.72541], [30.1089, 64.73217], [30.1125, 64.74399], [30.1161, 64.75412], [30.1197, 64.76087], [30.1197, 64.76763], [30.1017, 64.77607], [30.0621, 64.78451], [29.8785, 64.78451], [29.7813, 64.79633], [29.6985, 64.83855], [29.6337, 64.90778], [29.5869, 64.99221], [29.5977, 65.03442], [29.6265, 65.06144], [29.6661, 65.07833], [29.8209, 65.09352], [29.8461, 65.10872], [29.8497, 65.12223], [29.8389, 65.12561], [29.8209, 65.12729], [29.8065, 65.13574], [29.8101, 65.14587], [29.8173, 65.15262], [29.8281, 65.15938], [29.8389, 65.16613], [29.8317, 65.20497], [29.7669, 65.21679], [29.6265, 65.2151], [29.5797, 65.23536], [29.6157, 65.26913], [29.7201, 65.32992], [29.7309, 65.36538], [29.7165, 65.45488], [29.7273, 65.49203], [29.7309, 65.49709], [29.7453, 65.5106], [29.8245, 65.55113], [29.8389, 65.56464], [29.8065, 65.5849], [29.7309, 65.60854], [29.7021, 65.6288], [29.7633, 65.64738], [30.0045, 65.67777], [30.0657, 65.66088], [30.0981, 65.65582], [30.1125, 65.66595], [30.1161, 65.6879], [30.1125, 65.71154], [30.0837, 65.80441], [30.0765, 65.82299], [30.0405, 65.8652], [30.0081, 65.91586], [29.9973, 65.93106], [29.9577, 65.97327], [29.9505, 65.99185], [29.9217, 66.06783], [29.9001, 66.10836], [29.8749, 66.13369], [29.7921, 66.18097], [29.6517, 66.28735], [29.5941, 66.34645], [29.5689, 66.37853], [29.5509, 66.4123], [29.5473, 66.43256], [29.5329, 66.47478], [29.5257, 66.49166], [29.41049, 66.56765], [29.39969, 66.57609], [29.39609, 66.58622], [29.39609, 66.59636], [29.39249, 66.6048], [29.36369, 66.62506], [29.36369, 66.62675], [29.32049, 66.68078], [29.09009, 66.83782], [29.05049, 66.90705], [29.10089, 66.99148], [29.42849, 67.23295], [29.48249, 67.25659], [29.48969, 67.26334], [29.49689, 67.2701], [29.5077, 67.28867], [29.5185, 67.2988], [29.9145, 67.50819], [29.9325, 67.52676], [29.9613, 67.57235], [29.9649, 67.58417], [29.9721, 67.65003], [29.9793, 67.66185], [29.9865, 67.67198], [30.0081, 67.68549], [29.7129, 67.79187], [29.6517, 67.82395], [29.48249, 67.96073], [29.44289, 67.99112], [29.36009, 68.05698], [29.33129, 68.07217], [29.29889, 68.0823], [29.01449, 68.1279], [28.72649, 68.17349], [28.69049, 68.18362], [28.66529, 68.20388], [28.48168, 68.46223], [28.46008, 68.49094], [28.44568, 68.51458], [28.44928, 68.52978], [28.46008, 68.5416], [28.71569, 68.72734], [28.74809, 68.75942], [28.80209, 68.83541], [28.72649, 68.8658], [28.64729, 68.87087], [28.44568, 68.8658], [28.42768, 68.87087], [28.41328, 68.87931], [28.40968, 68.89789], [28.45648, 68.89958], [28.71209, 68.96881], [28.83449, 68.984], [28.95329, 69.02791], [28.97489, 69.03466], [29.00729, 69.03635], [29.06489, 69.03466], [29.11889, 69.04648], [29.17289, 69.07012], [29.21969, 69.09883], [29.24129, 69.11571], [29.25209, 69.13091], [29.27009, 69.16637], [29.27729, 69.1765], [29.29529, 69.1917], [29.30249, 69.20014], [29.30609, 69.21027], [29.30609, 69.21872], [29.30609, 69.22716], [29.31689, 69.2356], [29.32769, 69.26262], [29.33489, 69.27782], [29.37809, 69.30146], [29.43569, 69.31159], [29.6049, 69.31497], [29.6625, 69.3251], [29.7273, 69.35211], [29.7525, 69.35718], [29.9001, 69.35887], [29.9469, 69.36562], [29.9685, 69.37407], [30.0009, 69.39433], [30.1233, 69.44161], [30.1377, 69.45343], [30.1413, 69.46356], [30.1413, 69.47707], [30.1449, 69.49058], [30.1557, 69.50577], [30.1629, 69.51253], [30.1917, 69.51928], [30.2097, 69.52773], [30.2241, 69.54123], [30.2313, 69.55812], [30.2277, 69.58176], [30.2205, 69.60033], [30.2097, 69.60878], [30.1485, 69.61891], [30.1269, 69.62566], [30.1197, 69.63411], [30.1413, 69.63917], [30.1845, 69.64086], [30.2313, 69.63748], [30.2961, 69.6206], [30.4797, 69.54461], [30.51211, 69.53617], [30.75691, 69.52097], [30.85411, 69.52773], [30.89731, 69.54461], [30.92611, 69.57838], [30.92971, 69.59527], [30.92611, 69.67294], [30.90091, 69.68814], [30.88291, 69.70165], [30.88291, 69.71009], [30.88291, 69.72022], [30.87571, 69.73711], [30.86851, 69.74893], [30.84331, 69.76582], [30.83971, 69.80634], [31.03051, 69.77764], [31.13491, 69.77595], [31.16731, 69.77088], [31.19971, 69.75737], [31.21411, 69.75568], [31.22491, 69.75737], [31.25011, 69.76244], [31.26091, 69.76413], [31.28251, 69.76075], [31.30771, 69.75231], [31.35091, 69.73204], [31.37251, 69.72698], [31.39411, 69.7236], [31.40851, 69.71516], [31.40491, 69.6949], [31.40131, 69.68814], [31.39411, 69.68139], [31.38331, 69.67632], [31.37611, 69.67463], [31.36891, 69.67126], [31.36531, 69.6645], [31.36531, 69.65775], [31.36171, 69.65099], [31.34731, 69.63917], [31.29691, 69.61216], [31.32571, 69.61553], [31.35451, 69.62735], [31.45171, 69.68814], [31.47691, 69.69827], [31.52012, 69.68814], [31.53092, 69.69321], [31.54172, 69.69827], [31.55612, 69.70165], [31.81172, 69.68814], [31.79732, 69.70503], [31.77212, 69.71347], [31.72172, 69.72529], [31.70012, 69.73711], [31.70012, 69.74386], [31.72892, 69.77088], [31.71812, 69.78946], [31.70732, 69.80803], [31.71092, 69.8266], [31.72892, 69.84518], [31.75412, 69.85362], [31.84772, 69.85362], [31.86932, 69.84856], [31.90532, 69.82998], [31.96292, 69.81647], [32.02772, 69.7827], [32.05652, 69.77764], [32.06012, 69.77932], [32.06732, 69.78439], [32.07812, 69.78946], [32.09972, 69.79114], [32.09972, 69.79452], [32.09972, 69.80128], [32.09972, 69.80803], [32.09252, 69.81478], [32.04932, 69.8418], [31.99532, 69.86375], [31.98092, 69.87388], [31.98092, 69.87895], [31.98092, 69.89584], [31.98092, 69.9009], [31.97372, 69.90428], [31.91972, 69.92623], [31.91252, 69.93636], [31.92332, 69.95156], [31.94132, 69.96507], [31.96292, 69.97013], [31.98452, 69.97013], [32.05292, 69.96338], [32.24012, 69.88402], [32.26892, 69.87557], [32.35892, 69.87895], [32.39852, 69.87388], [32.48852, 69.85024], [32.52453, 69.83167], [32.50293, 69.82154], [32.50653, 69.81141], [32.52453, 69.80296], [32.62533, 69.7827], [32.72613, 69.79114], [32.92053, 69.77932], [33.00693, 69.75906], [33.05013, 69.74049], [33.06453, 69.7388], [33.08253, 69.74555], [33.10053, 69.74893], [33.11853, 69.74386], [33.13293, 69.72867], [33.12933, 69.72529], [33.11853, 69.69152], [33.11493, 69.68476], [33.11133, 69.67801], [33.11493, 69.67126], [33.11853, 69.6645], [33.11853, 69.66112], [33.11493, 69.65437], [33.10773, 69.6493], [33.07533, 69.63242], [33.03573, 69.61722], [32.87013, 69.58176], [32.50293, 69.63242], [32.43812, 69.6493], [32.42012, 69.6493], [32.36972, 69.64086], [32.22212, 69.65437], [32.18972, 69.65268], [32.16812, 69.65437], [32.16092, 69.66112], [32.16092, 69.66788], [32.16452, 69.67294], [32.17172, 69.67632], [32.17532, 69.68139], [32.17532, 69.6949], [32.17892, 69.70503], [32.17892, 69.71516], [32.17532, 69.72867], [32.16092, 69.74218], [32.14652, 69.75062], [32.12852, 69.75568], [32.11052, 69.75231], [32.10692, 69.74555], [32.11052, 69.73542], [32.11772, 69.72191], [32.11772, 69.7084], [32.10332, 69.67463], [32.06012, 69.65944], [31.96652, 69.65437], [31.99532, 69.64593], [32.02772, 69.64255], [32.05652, 69.6358], [32.06372, 69.61891], [32.05292, 69.60371], [32.03132, 69.59189], [32.01692, 69.58007], [32.01692, 69.56487], [32.07452, 69.5902], [32.13212, 69.59865], [32.19332, 69.59189], [32.25452, 69.57838], [32.28692, 69.57501], [32.38772, 69.58514], [32.39852, 69.58345], [32.41652, 69.58007], [32.42732, 69.57501], [32.43452, 69.56487], [32.42732, 69.55981], [32.40212, 69.54461], [32.39132, 69.53617], [32.42012, 69.53617], [32.50293, 69.51759], [32.48492, 69.50409], [32.46332, 69.5024], [32.44172, 69.50409], [32.42012, 69.5024], [32.40572, 69.49395], [32.38052, 69.47369], [32.36612, 69.46863], [32.32292, 69.46187], [32.24012, 69.43654], [32.19332, 69.43485], [32.23652, 69.42303], [32.29052, 69.43148], [32.38772, 69.46187], [32.39852, 69.46356], [32.40932, 69.46187], [32.42012, 69.46525], [32.43092, 69.472], [32.44892, 69.48889], [32.45612, 69.49227], [32.47052, 69.49564], [32.49572, 69.49058], [32.52093, 69.48889], [32.52813, 69.48889], [32.53173, 69.49227], [32.53173, 69.49564], [32.53533, 69.50746], [32.53533, 69.50915], [32.55693, 69.50577], [32.58933, 69.48551], [32.60373, 69.48382], [32.64333, 69.49733], [32.66493, 69.5024], [32.68653, 69.5024], [32.79093, 69.48889], [32.84853, 69.49227], [32.87733, 69.49058], [32.89893, 69.48213], [32.82693, 69.45849], [32.79093, 69.4433], [32.76933, 69.41459], [32.89173, 69.46187], [32.98893, 69.47538], [33.08613, 69.47538], [32.86293, 69.36562], [32.83773, 69.33185], [32.81973, 69.31834], [32.80533, 69.30483], [32.81253, 69.30146], [32.82333, 69.30146], [32.83413, 69.30315], [32.85573, 69.31159], [32.86293, 69.31159], [32.87373, 69.31159], [32.88453, 69.31159], [32.88813, 69.31159], [32.89533, 69.31497], [32.90613, 69.3251], [32.92413, 69.34874], [32.95293, 69.37744], [32.97093, 69.38757], [32.98893, 69.39433], [33.29493, 69.4433], [33.31653, 69.45174], [33.32733, 69.45174], [33.34893, 69.43823], [33.36333, 69.43485], [33.37773, 69.43654], [33.42093, 69.44836], [33.44613, 69.44667], [33.49653, 69.43148], [33.52534, 69.4281], [33.50374, 69.40277], [33.47493, 69.39433], [33.43893, 69.38757], [33.41373, 69.37238], [33.43533, 69.37238], [33.49653, 69.37913], [33.46773, 69.35718], [33.40293, 69.32679], [33.37773, 69.30821], [33.34533, 69.29639], [33.26253, 69.29133], [33.23373, 69.26937], [33.25533, 69.26937], [33.27693, 69.27275], [33.29853, 69.27782], [33.30573, 69.28288], [33.39933, 69.29133], [33.44613, 69.28795], [33.47493, 69.26937], [33.38493, 69.24911], [33.33813, 69.24742], [33.31653, 69.24236], [33.29493, 69.22885], [33.37053, 69.2356], [33.40653, 69.22885], [33.40653, 69.20859], [33.43893, 69.21196], [33.47493, 69.22209], [33.51094, 69.22547], [33.54334, 69.20859], [33.51094, 69.18494], [33.39213, 69.15117], [33.31653, 69.11909], [33.29133, 69.11234], [33.23373, 69.10896], [33.15813, 69.09545], [33.10773, 69.09207], [33.06093, 69.08363], [33.02493, 69.0583], [33.01773, 69.03804], [33.01053, 69.00764], [33.01413, 68.97556], [33.02493, 68.9553], [33.03933, 68.97725], [33.04653, 69.03466], [33.06453, 69.0583], [33.11133, 69.07519], [33.22653, 69.07688], [33.32013, 69.09714], [33.37773, 69.09714], [33.42813, 69.10389], [33.44973, 69.12922], [33.45693, 69.14104], [33.47133, 69.15117], [33.56134, 69.18157], [33.56494, 69.18832], [33.57574, 69.19845], [33.57574, 69.21365], [33.56494, 69.24236], [33.56854, 69.24573], [33.57574, 69.25249], [33.57934, 69.25587], [33.57574, 69.26093], [33.57214, 69.26769], [33.56854, 69.27275], [33.56494, 69.26937], [33.56134, 69.28626], [33.56494, 69.29301], [33.57214, 69.30483], [33.59374, 69.32003], [33.61894, 69.32847], [33.72334, 69.33692], [33.73414, 69.33185], [33.74134, 69.32341], [33.73774, 69.31497], [33.73414, 69.3099], [33.72334, 69.30483], [33.74134, 69.30652], [33.77734, 69.31665], [33.79534, 69.31665], [33.81334, 69.31159], [33.83494, 69.30821], [33.85654, 69.30652], [33.87454, 69.31159], [33.86734, 69.31665], [33.86014, 69.3251], [33.85294, 69.33861], [34.13734, 69.3251], [34.42174, 69.31159], [34.41454, 69.29301], [34.44694, 69.28288], [34.54055, 69.26937], [34.58375, 69.27275], [34.60535, 69.26937], [34.64855, 69.25249], [34.66295, 69.24911], [34.98335, 69.22885], [34.97615, 69.22209], [34.96175, 69.20352], [34.95455, 69.19508], [34.97255, 69.19339], [34.99055, 69.20183], [35.01215, 69.21365], [35.03015, 69.22209], [35.08775, 69.22547], [35.11655, 69.22378], [35.14175, 69.21534], [35.14535, 69.20859], [35.14535, 69.20183], [35.14175, 69.19676], [35.14535, 69.1917], [35.15615, 69.18326], [35.17055, 69.18157], [35.18135, 69.18326], [35.19575, 69.18832], [35.21375, 69.19508], [35.22815, 69.20521], [35.24255, 69.21196], [35.26415, 69.21534], [35.24615, 69.2356], [35.17775, 69.25755], [35.14895, 69.26937], [35.18135, 69.27951], [35.27135, 69.27106], [35.32895, 69.27613], [35.80776, 69.19676], [35.87256, 69.19508], [35.92296, 69.18157], [35.96616, 69.1765], [35.99496, 69.16637], [36.02016, 69.15286], [36.04176, 69.13598], [36.05616, 69.12753], [36.06696, 69.12753], [36.09576, 69.1326], [36.25056, 69.11065], [36.27216, 69.09883], [36.26496, 69.07856], [36.31176, 69.0583], [36.51697, 69.0296], [36.68977, 68.98232], [36.70417, 68.98063], [36.71497, 68.98063], [36.72937, 68.97894], [36.74017, 68.97218], [36.75097, 68.96205], [36.75457, 68.95868], [36.76537, 68.9553], [36.79057, 68.95023], [36.84097, 68.94517], [37.01377, 68.89451], [37.02817, 68.88269], [37.04257, 68.87425], [37.09657, 68.86074], [37.19017, 68.85061], [37.20817, 68.84554], [37.22257, 68.83372], [37.23337, 68.82021], [37.24417, 68.80839], [37.26217, 68.80333], [37.30897, 68.79995], [37.35577, 68.78982], [37.37377, 68.78306], [37.40977, 68.76111], [37.43497, 68.75436], [37.45297, 68.74423], [37.46377, 68.74254], [37.49977, 68.74085], [37.52498, 68.73578], [37.57178, 68.73578], [37.57898, 68.73409], [37.58618, 68.72396], [37.67978, 68.71383], [37.70138, 68.7037], [37.73018, 68.68513], [37.81298, 68.66149], [37.94618, 68.6007], [37.98938, 68.5703], [38.02538, 68.55342], [38.03978, 68.54329], [38.04698, 68.53484], [38.06138, 68.51627], [38.06498, 68.50951], [38.09018, 68.50107], [38.14778, 68.49938], [38.17658, 68.49601], [38.20178, 68.48419], [38.20538, 68.4825], [38.20898, 68.47912], [38.20898, 68.47237], [38.20898, 68.46392], [38.21618, 68.46055], [38.31698, 68.44704], [38.33138, 68.44197], [38.34938, 68.41833], [38.39258, 68.39976], [38.38898, 68.34234], [38.42498, 68.33728], [38.42858, 68.34234], [38.43218, 68.3491], [38.43578, 68.35585], [38.44298, 68.35923], [38.45018, 68.35585], [38.46458, 68.34741], [38.47178, 68.34403], [38.49338, 68.34234], [38.71659, 68.29169], [38.76699, 68.29], [38.70579, 68.31195], [38.60499, 68.33221], [38.53299, 68.35585], [38.51139, 68.36598], [38.51139, 68.37612], [38.53659, 68.37781], [38.58699, 68.35923], [38.61579, 68.3643], [38.59779, 68.38118], [38.61219, 68.38794], [38.63739, 68.38456], [38.66259, 68.37949], [38.75979, 68.33728], [38.79219, 68.32884], [38.90379, 68.31702], [38.92539, 68.31026], [38.94699, 68.30013], [38.95059, 68.28662], [38.92899, 68.27649], [38.95419, 68.26636], [39.03339, 68.25116], [39.25299, 68.17011], [39.35739, 68.14985], [39.5194, 68.07555], [39.6094, 68.06373], [39.6886, 68.06204], [39.739, 68.04853], [39.8002, 68.05191], [39.829, 68.04684], [39.8398, 68.04347], [39.8506, 68.04178], [39.8578, 68.04684], [39.8614, 68.05698], [39.8578, 68.05698], [39.8434, 68.07048], [39.793, 68.11776], [39.7822, 68.1279], [39.721, 68.15829], [39.7102, 68.16842], [39.721, 68.17349], [39.7714, 68.17011], [39.793, 68.16504], [39.8686, 68.12958], [39.9118, 68.12283], [39.9226, 68.11439], [39.9226, 68.10088], [39.9298, 68.08568], [39.9442, 68.06711], [39.991, 68.02827], [40.0054, 68.01983], [40.0198, 68.01645], [40.0378, 68.01476], [40.0594, 68.0097], [40.0774, 68.00294], [40.1206, 67.97086], [40.1494, 67.95735], [40.2934, 67.91345], [40.297, 67.91007], [40.3006, 67.905], [40.3042, 67.90163], [40.3258, 67.90669], [40.3402, 67.90838], [40.351, 67.90669], [40.3618, 67.90331], [40.4122, 67.87461], [40.4194, 67.86617], [40.405, 67.85266], [40.3726, 67.84928], [40.3222, 67.85097], [40.3222, 67.84421], [40.3834, 67.79862], [40.4662, 67.76147], [40.50221, 67.74965], [40.53821, 67.75472], [40.56701, 67.78343], [40.56701, 67.78849], [40.56341, 67.79525], [40.55981, 67.80031], [40.56341, 67.80707], [40.57421, 67.81044], [40.58861, 67.81213], [40.61381, 67.81044], [40.65341, 67.81382], [40.67141, 67.81044], [40.67861, 67.79356], [40.68581, 67.78174], [40.70021, 67.77329], [40.73261, 67.76316], [40.80101, 67.7277], [40.84061, 67.72433], [40.92341, 67.73446], [40.96661, 67.72433], [41.01701, 67.69731], [41.03861, 67.67705], [41.05301, 67.65341], [41.05301, 67.61963], [41.03141, 67.59937], [41.00621, 67.58249], [40.98821, 67.56391], [40.98821, 67.55547], [41.00621, 67.54365], [41.01341, 67.5352], [41.01341, 67.52845], [41.00981, 67.52507], [41.00621, 67.52001], [41.00621, 67.51663], [41.00621, 67.4913], [41.00261, 67.47948], [40.99901, 67.46766], [41.06021, 67.46597], [41.08901, 67.45922], [41.11421, 67.4474], [41.14661, 67.42376], [41.15021, 67.42376], [41.14661, 67.41194], [41.13941, 67.39505], [41.13581, 67.38492], [41.13581, 67.33595], [41.13221, 67.30894], [41.12141, 67.28698], [41.11061, 67.25321], [41.13941, 67.23464], [41.24381, 67.21269], [41.26541, 67.22113], [41.28701, 67.22957], [41.30861, 67.23464], [41.31941, 67.23126], [41.34101, 67.22451], [41.35541, 67.21438], [41.36261, 67.20424], [41.35901, 67.19074], [41.33741, 67.17047], [41.33741, 67.16034], [41.34461, 67.14852], [41.38061, 67.1367], [41.39141, 67.12488], [41.38421, 67.10968], [41.36621, 67.10124], [41.35181, 67.09617], [41.34101, 67.08773], [41.34101, 67.04721], [41.34821, 67.03032], [41.35541, 67.02188], [41.35901, 67.01343], [41.34821, 67.00161], [41.33021, 66.99824], [41.30501, 67.00161], [41.27981, 67.00161], [41.26901, 66.98811], [41.27621, 66.98135], [41.29061, 66.97291], [41.30501, 66.96278], [41.30501, 66.94927], [41.26901, 66.90199], [41.17901, 66.80912], [41.14661, 66.78885], [41.04221, 66.74495], [40.91621, 66.67234], [40.86221, 66.65208], [40.83341, 66.63182], [40.81541, 66.62168], [40.79381, 66.61493], [40.76141, 66.60649], [40.74341, 66.59804], [40.72901, 66.58454], [40.71821, 66.56934], [40.71461, 66.55583], [40.71821, 66.54908], [40.71821, 66.54232], [40.70381, 66.52881], [40.67141, 66.51193], [40.63541, 66.50686], [40.60301, 66.49673], [40.57781, 66.46802], [40.56701, 66.4562], [40.50581, 66.44101], [40.4446, 66.40555], [40.4014, 66.39373], [40.3078, 66.38191], [40.1566, 66.32956], [40.0846, 66.28903], [39.8506, 66.24513], [39.811, 66.22993], [39.7714, 66.22487], [39.703, 66.20629], [39.46539, 66.17928], [39.38619, 66.14551], [39.34299, 66.13537], [39.06219, 66.10329], [38.97219, 66.11173], [38.95059, 66.10836], [38.93619, 66.1016], [38.55459, 66.05432], [38.24138, 66.07121], [37.92818, 66.08809], [37.82018, 66.11173], [37.65458, 66.12355], [37.54658, 66.14551], [37.43857, 66.19279], [37.35937, 66.20461], [37.27297, 66.22993], [36.88777, 66.28566], [36.83017, 66.28397], [36.75097, 66.29579], [36.63217, 66.28735], [36.52417, 66.30085], [36.40536, 66.2941], [36.27576, 66.32112], [36.02376, 66.34138], [35.77176, 66.36164], [35.67096, 66.38697], [35.55936, 66.38697], [35.37935, 66.41737], [35.31455, 66.4562], [35.22455, 66.46971], [35.18135, 66.48153], [34.88615, 66.59973], [34.80335, 66.61324], [34.72415, 66.59467], [34.64495, 66.56427], [34.56575, 66.54232], [34.52975, 66.53726], [34.47934, 66.53726], [34.43254, 66.54739], [34.39654, 66.59298], [34.36774, 66.61155], [34.35694, 66.63013], [34.39294, 66.64532], [34.42174, 66.64701], [34.47574, 66.63688], [34.50455, 66.63857], [34.52615, 66.6487], [34.52255, 66.65714], [34.50455, 66.66221], [34.49014, 66.65883], [34.49734, 66.65208], [34.46854, 66.64532], [34.28494, 66.67234], [34.21294, 66.67234], [34.20214, 66.67403], [34.18414, 66.68416], [34.17334, 66.68754], [34.16974, 66.68416], [34.14094, 66.67065], [34.13014, 66.66896], [34.11574, 66.66896], [34.09054, 66.67234], [34.13374, 66.69767], [34.15174, 66.71456], [34.16254, 66.73482], [34.16254, 66.74326], [34.15894, 66.75339], [34.15534, 66.76353], [34.15534, 66.76859], [34.14094, 66.77366], [34.13734, 66.77028], [34.13374, 66.76015], [34.12654, 66.74833], [34.10854, 66.72807], [34.09054, 66.71287], [34.06894, 66.70105], [34.04374, 66.69429], [34.04014, 66.69429], [34.02934, 66.69936], [34.02214, 66.70105], [34.01854, 66.69767], [34.01494, 66.68923], [34.01134, 66.68754], [33.94654, 66.68416], [33.92854, 66.68923], [33.91774, 66.69429], [33.89614, 66.70949], [33.88534, 66.71456], [33.87094, 66.71456], [33.86734, 66.70949], [33.86734, 66.70105], [33.86014, 66.69429], [33.83134, 66.69598], [33.81334, 66.71118], [33.78814, 66.75171], [33.76294, 66.7669], [33.70894, 66.78548], [33.68374, 66.79899], [33.66934, 66.80574], [33.64054, 66.80067], [33.62974, 66.80574], [33.61894, 66.81418], [33.59374, 66.83107], [33.58654, 66.81925], [33.59014, 66.80912], [33.60454, 66.79054], [33.56134, 66.80405], [33.53974, 66.81587], [33.52534, 66.83107], [33.51814, 66.80236], [33.55054, 66.78041], [33.62614, 66.74833], [33.60094, 66.75508], [33.55054, 66.77535], [33.52534, 66.7821], [33.53254, 66.77197], [33.54694, 66.76184], [33.55774, 66.75339], [33.57214, 66.74833], [33.57214, 66.74157], [33.55054, 66.74326], [33.51094, 66.76353], [33.48933, 66.76859], [33.50374, 66.75508], [33.53974, 66.73989], [33.55774, 66.72807], [33.51814, 66.72469], [33.48213, 66.72975], [33.10053, 66.85809], [32.84493, 66.97629], [32.81973, 66.99148], [32.80533, 67.01006], [32.79813, 67.03032], [32.80173, 67.04889], [32.81613, 67.06409], [32.85213, 67.07422], [32.93133, 67.07929], [32.96733, 67.09111], [32.93133, 67.09955], [32.80893, 67.09111], [32.77293, 67.0928], [32.73693, 67.09955], [32.63613, 67.13332], [32.45612, 67.13501], [32.43452, 67.13839], [32.39492, 67.15696], [32.38412, 67.16034], [32.32652, 67.15865], [32.29772, 67.15528], [32.26892, 67.14683], [32.25092, 67.14514], [32.18972, 67.15359], [32.07452, 67.14177], [32.04212, 67.14346], [31.94492, 67.16541], [31.90892, 67.16878], [31.87652, 67.16541], [31.85132, 67.15359], [31.92692, 67.15359], [31.92332, 67.14683], [31.91252, 67.12488], [32.09252, 67.11981], [32.20412, 67.13501], [32.23292, 67.13332], [32.26172, 67.12488], [32.30492, 67.09786], [32.34452, 67.08435], [32.35892, 67.07085], [32.34092, 67.07591], [32.32292, 67.0776], [32.29052, 67.0776], [32.31572, 67.06071], [32.34812, 67.05734], [32.38412, 67.05734], [32.42012, 67.05396], [32.50293, 67.03032], [32.53173, 67.01512], [32.54973, 66.99993], [32.55693, 66.98979], [32.54973, 66.97629], [32.53173, 66.95771], [32.50653, 66.94927], [32.42372, 66.95602], [32.39132, 66.95433], [32.41652, 66.94589], [32.47412, 66.94589], [32.49572, 66.93238], [32.48132, 66.92732], [32.47412, 66.92732], [32.47772, 66.91043], [32.46332, 66.9003], [32.42012, 66.89186], [32.42012, 66.8851], [32.52813, 66.8851], [32.54613, 66.88341], [32.59293, 66.85809], [32.65413, 66.8412], [32.67573, 66.82769], [32.66493, 66.80912], [32.70453, 66.79561], [32.89173, 66.7821], [32.90613, 66.77535], [32.91693, 66.76859], [32.92773, 66.75171], [32.93493, 66.74157], [32.92053, 66.73651], [32.81253, 66.73651], [32.76933, 66.74157], [32.97453, 66.69092], [33.18333, 66.6926], [33.30933, 66.65546], [33.32373, 66.64532], [33.32013, 66.63013], [33.28773, 66.63182], [33.22653, 66.64532], [33.15453, 66.65377], [33.12213, 66.65039], [33.10413, 66.63182], [33.09333, 66.61155], [33.06453, 66.59804], [33.03573, 66.59129], [33.01053, 66.59298], [32.97453, 66.60142], [32.93853, 66.60311], [32.86653, 66.59804], [32.90253, 66.5744], [33.10413, 66.57609], [33.09333, 66.58454], [33.10413, 66.59467], [33.12213, 66.59804], [33.19413, 66.59636], [33.20493, 66.59804], [33.22293, 66.6048], [33.21933, 66.60649], [33.21933, 66.61155], [33.21933, 66.61662], [33.22653, 66.61831], [33.25893, 66.61831], [33.42453, 66.59298], [33.44973, 66.57272], [33.46413, 66.55921], [33.46773, 66.55583], [33.48213, 66.55076], [33.52534, 66.54063], [33.53614, 66.53557], [33.50014, 66.52206], [33.19413, 66.57947], [33.15453, 66.56934], [33.16173, 66.57103], [33.17253, 66.56765], [33.17973, 66.56258], [33.18693, 66.55583], [33.16893, 66.55583], [33.16533, 66.55583], [33.11853, 66.55076], [33.07173, 66.55752], [33.02853, 66.5457], [32.96733, 66.54063], [32.94213, 66.52881], [32.98893, 66.51193], [33.04653, 66.50686], [33.10413, 66.51024], [33.17973, 66.5305], [33.20493, 66.53388], [33.23013, 66.53219], [33.28773, 66.52206], [33.29853, 66.51868], [33.30213, 66.51362], [33.30213, 66.50855], [33.30213, 66.50348], [33.30573, 66.49842], [33.32733, 66.4866], [33.35613, 66.47984], [33.50734, 66.46465], [33.53614, 66.4714], [33.57934, 66.49504], [33.60094, 66.5018], [33.62254, 66.49166], [33.63334, 66.47478], [33.62614, 66.46971], [33.60814, 66.46802], [33.58654, 66.45958], [33.62254, 66.45114], [33.70534, 66.44438], [33.73414, 66.42581], [33.68374, 66.41399], [33.56494, 66.41906], [33.51454, 66.40555], [33.55414, 66.39373], [33.64414, 66.37853], [33.67294, 66.35658], [33.62974, 66.34476], [33.47493, 66.34982], [33.38853, 66.34476], [33.34173, 66.33463], [33.30933, 66.31605], [33.48213, 66.31436], [33.59734, 66.32956], [33.61894, 66.32787], [33.63334, 66.32112], [33.64054, 66.31436], [33.61894, 66.3093], [33.87094, 66.26708], [33.88894, 66.25864], [33.88894, 66.25189], [33.88174, 66.24513], [33.88174, 66.23838], [33.89974, 66.22825], [33.91414, 66.23331], [33.93214, 66.24175], [33.94654, 66.24851], [33.97174, 66.25189], [34.08694, 66.24851], [34.10134, 66.24682], [34.11934, 66.24175], [34.15174, 66.22318], [34.16614, 66.22149], [34.16254, 66.21305], [34.15534, 66.20461], [34.14814, 66.19785], [34.15174, 66.18941], [34.16254, 66.18603], [34.23094, 66.17759], [34.26334, 66.16746], [34.27774, 66.16577], [34.32814, 66.16408], [34.49734, 66.1168], [34.53695, 66.08978], [34.52975, 66.10329], [34.55135, 66.09316], [34.56935, 66.06783], [34.60895, 66.0577], [34.63415, 66.03406], [34.65575, 66.02899], [34.66655, 66.02393], [34.71335, 65.99691], [34.72415, 65.98847], [34.71695, 65.97496], [34.69895, 65.96652], [34.65935, 65.95301], [34.67375, 65.94457], [34.68815, 65.9395], [34.71695, 65.93275], [34.70255, 65.92768], [34.69535, 65.91924], [34.69535, 65.90911], [34.70615, 65.90573], [34.72415, 65.90742], [34.75655, 65.91755], [34.77815, 65.91924], [34.78535, 65.91755], [34.80335, 65.90742], [34.81055, 65.90573], [34.83935, 65.90742], [34.84655, 65.90573], [34.85375, 65.90066], [34.85735, 65.89222], [34.86455, 65.87871], [34.85375, 65.87196], [34.82495, 65.84325], [34.83935, 65.82805], [34.85375, 65.82468], [34.89335, 65.82974], [34.90055, 65.82299], [34.89695, 65.80948], [34.89335, 65.79597], [34.88615, 65.78922], [34.86815, 65.78415], [34.87175, 65.77402], [34.88255, 65.7622], [34.89335, 65.75544], [34.92935, 65.74025], [34.96895, 65.72843], [34.95095, 65.7183], [34.94015, 65.70816], [34.92575, 65.70141], [34.90055, 65.70648], [34.77095, 65.77571], [34.70615, 65.79766], [34.68815, 65.80948], [34.68095, 65.77908], [34.68095, 65.76895], [34.68455, 65.76726], [34.69175, 65.7318], [34.68815, 65.72843], [34.70615, 65.72167], [34.74575, 65.71998], [34.75655, 65.71323], [34.74935, 65.70141], [34.73135, 65.69297], [34.69535, 65.68621], [34.70255, 65.67777], [34.72775, 65.66933], [34.73855, 65.66257], [34.74215, 65.65582], [34.75295, 65.63893], [34.77095, 65.61023], [34.77815, 65.59672], [34.76735, 65.58828], [34.73495, 65.58321], [34.73855, 65.54437], [34.70615, 65.52073], [34.66295, 65.50554], [34.63415, 65.48696], [34.64855, 65.48527], [34.67015, 65.48021], [34.68095, 65.46839], [34.68095, 65.45319], [34.66295, 65.44475], [34.63415, 65.44475], [34.54775, 65.45825], [34.51175, 65.45488], [34.49374, 65.44137], [34.51175, 65.41097], [34.49014, 65.4076], [34.46854, 65.40929], [34.44694, 65.41435], [34.42894, 65.42279], [34.41814, 65.42279], [34.40014, 65.41773], [34.38574, 65.41435], [34.36774, 65.41942], [34.37134, 65.41266], [34.37854, 65.4076], [34.39294, 65.39747], [34.36774, 65.3924], [34.31734, 65.39747], [34.29574, 65.38565], [34.44334, 65.37045], [34.46134, 65.36369], [34.47934, 65.3485], [34.47934, 65.33161], [34.46134, 65.31641], [34.47214, 65.2894], [34.47934, 65.28095], [34.49734, 65.27589], [34.52615, 65.27927], [34.53695, 65.27589], [34.52255, 65.26069], [34.55135, 65.25394], [34.61615, 65.25394], [34.64135, 65.24043], [34.60535, 65.22692], [34.63415, 65.22692], [34.64855, 65.22354], [34.68095, 65.1999], [34.68095, 65.18302], [34.66655, 65.17795], [34.64855, 65.17795], [34.62695, 65.17289], [34.63775, 65.16444], [34.67375, 65.15093], [34.66295, 65.12729], [34.68095, 65.11379], [34.76735, 65.10703], [34.77455, 65.10028], [34.76735, 65.08677], [34.74575, 65.0665], [34.75295, 65.05468], [34.78895, 65.05131], [34.81775, 65.04286], [34.79975, 65.02091], [34.77455, 65.01247], [34.74575, 65.00572], [34.72055, 64.99727], [34.70255, 64.98039], [34.74575, 64.97701], [34.77815, 64.96688], [34.80695, 64.9483], [34.83575, 64.92129], [34.84295, 64.91791], [34.84655, 64.91791], [34.86095, 64.91791], [34.87175, 64.91791], [34.87175, 64.91453], [34.86815, 64.91116], [34.87535, 64.90102], [34.87535, 64.8892], [34.87895, 64.88414], [34.89335, 64.8757], [34.90775, 64.86556], [34.92575, 64.85881], [34.94375, 64.85712], [34.93295, 64.84192], [34.91135, 64.82673], [34.87175, 64.80309], [34.84295, 64.79296], [34.78535, 64.78451], [34.75655, 64.77438], [34.79975, 64.75581], [34.81055, 64.75412], [34.81415, 64.75918], [34.88255, 64.75581], [34.92935, 64.76594], [34.94735, 64.771], [34.97615, 64.771], [35.00855, 64.74399], [34.96895, 64.7271], [34.92935, 64.72204], [34.88255, 64.71866], [34.85375, 64.71359], [34.83575, 64.70515], [34.83215, 64.6984], [34.91135, 64.66294], [34.93655, 64.63592], [34.97255, 64.62579], [34.97615, 64.61228], [34.92935, 64.59201], [34.88615, 64.58188], [34.84655, 64.55993], [34.81055, 64.55824], [34.80695, 64.55655], [34.75655, 64.55993], [34.74215, 64.55655], [34.77455, 64.55655], [34.78535, 64.54811], [34.79975, 64.54642], [34.83215, 64.53123], [34.85015, 64.52785], [34.91135, 64.52785], [34.92935, 64.52447], [34.97255, 64.50421], [35.00855, 64.49408], [34.99775, 64.47213], [34.95455, 64.45186], [35.01575, 64.42316], [35.05535, 64.4164], [35.12015, 64.40121], [35.13455, 64.39107], [35.15975, 64.38094], [35.27855, 64.37588], [35.30735, 64.3725], [35.32175, 64.36237], [35.30735, 64.34379], [35.32895, 64.3286], [35.32895, 64.3134], [35.34695, 64.29651], [35.41175, 64.28638], [35.46575, 64.30665], [35.53776, 64.32184], [35.58816, 64.32184], [35.61696, 64.34042], [35.59896, 64.37081], [35.58816, 64.38094], [35.57376, 64.39445], [35.56656, 64.40627], [35.58096, 64.41134], [35.63856, 64.38432], [35.72496, 64.35899], [35.81136, 64.34211], [35.86176, 64.32184], [35.89416, 64.29651], [35.88696, 64.26781], [35.90136, 64.25599], [35.93376, 64.24755], [35.94816, 64.2391], [35.95896, 64.22897], [35.96616, 64.20871], [35.97696, 64.19858], [36.00576, 64.19351], [36.02736, 64.20533], [36.05976, 64.21884], [36.08856, 64.20702], [36.12096, 64.1952], [36.16056, 64.17325], [36.18576, 64.15467], [36.22896, 64.1361], [36.23616, 64.12428], [36.22536, 64.11415], [36.21096, 64.10402], [36.22176, 64.07531], [36.25776, 64.06518], [36.28296, 64.0466], [36.27216, 64.03647], [36.26496, 64.02465], [36.29376, 64.00946], [36.36576, 64.00101], [36.41976, 63.99595], [36.45936, 63.98244], [36.48096, 63.97231], [36.50617, 63.97062], [36.55657, 63.97231], [36.57817, 63.96893], [36.61777, 63.95542], [36.63937, 63.95204], [36.65017, 63.94867], [36.68257, 63.9284], [36.70417, 63.92503], [36.76897, 63.94022], [36.79057, 63.93854], [36.80857, 63.93178], [36.83737, 63.9149], [36.85897, 63.91152], [36.87697, 63.9149], [36.91657, 63.9284], [36.93457, 63.93178], [36.95617, 63.92672], [36.99217, 63.90476], [37.01017, 63.89801], [37.16857, 63.89463], [37.19377, 63.89126], [37.21177, 63.87944], [37.24777, 63.84735], [37.25497, 63.84229], [37.26217, 63.8406], [37.27297, 63.82709], [37.28017, 63.82202], [37.29097, 63.81865], [37.43857, 63.79163], [37.53578, 63.80007], [37.60778, 63.81527], [37.61858, 63.8406], [37.61138, 63.85748], [37.61498, 63.88112], [37.65818, 63.89801], [37.71938, 63.90476], [37.82738, 63.90139], [37.86698, 63.91658], [37.94258, 63.94022], [37.98578, 63.94529], [38.00018, 63.95542], [38.07218, 64.0179], [38.08658, 64.03478], [38.08658, 64.05842], [38.04698, 64.14792], [38.02898, 64.1648], [38.00378, 64.17831], [37.94618, 64.20195], [37.91378, 64.22053], [37.90298, 64.2391], [37.92458, 64.25768], [38.00378, 64.27456], [38.02538, 64.29483], [38.02178, 64.30833], [38.00378, 64.31678], [37.94978, 64.32522], [37.92458, 64.33873], [37.91018, 64.34379], [37.91738, 64.35224], [37.92818, 64.3573], [37.94258, 64.35899], [37.95698, 64.36406], [37.83098, 64.35899], [37.79858, 64.37757], [37.79858, 64.41809], [37.80578, 64.42485], [37.77698, 64.43329], [37.74818, 64.44173], [37.68698, 64.4316], [37.65458, 64.41134], [37.65098, 64.3877], [37.62938, 64.37757], [37.60058, 64.37757], [37.55738, 64.38432], [37.51418, 64.38601], [37.47457, 64.38263], [37.38457, 64.36068], [37.33777, 64.34042], [37.28737, 64.35224], [37.12177, 64.39445], [37.05697, 64.44342], [36.83377, 64.5937], [36.78337, 64.63929], [36.74377, 64.68151], [36.69697, 64.70853], [36.64297, 64.71866], [36.56017, 64.71697], [36.53857, 64.75243], [36.51697, 64.76932], [36.52777, 64.79127], [36.52057, 64.80309], [36.51337, 64.82504], [36.50257, 64.83517], [36.55657, 64.82335], [36.57097, 64.8301], [36.49536, 64.85037], [36.47376, 64.86556], [36.45936, 64.88752], [36.44136, 64.91622], [36.46656, 64.9348], [36.53857, 64.92804], [36.56737, 64.90271], [36.63217, 64.9044], [36.65377, 64.92804], [36.69697, 64.93986], [36.76177, 64.94999], [36.80857, 64.95844], [36.81577, 64.97532], [36.80137, 64.9939], [36.82297, 65.02091], [36.83017, 65.03104], [36.86257, 65.06482], [36.86617, 65.07664], [36.86257, 65.11379], [36.81937, 65.13067], [36.81937, 65.14756], [36.89857, 65.15093], [36.94897, 65.15938], [36.97777, 65.16613], [37.00657, 65.17289], [37.06057, 65.16782], [37.12897, 65.15769], [37.21897, 65.1408], [37.32337, 65.11379], [37.39897, 65.10197], [37.49977, 65.06988], [37.56458, 65.04793], [37.62218, 65.04286], [37.67258, 65.03611], [37.70498, 65.01754], [37.71578, 64.99727], [37.70498, 64.97701], [37.71938, 64.95844], [37.79498, 64.92129], [38.04698, 64.85374], [38.14418, 64.84361], [38.25578, 64.84699], [38.35658, 64.85206], [38.38538, 64.8453], [38.37458, 64.82335], [38.36738, 64.80984], [38.37458, 64.79802], [38.39618, 64.7862], [38.40338, 64.77438], [38.36378, 64.78114], [38.32778, 64.79633], [38.29538, 64.80478], [38.26298, 64.78451], [38.24498, 64.78114], [38.16218, 64.78789], [38.08658, 64.7862], [38.06498, 64.78114], [38.03618, 64.76256], [38.04698, 64.74399], [38.11538, 64.70346], [38.12618, 64.69671], [38.12258, 64.68826], [38.10818, 64.67813], [38.09378, 64.67307], [38.03978, 64.65787], [38.04698, 64.64605], [38.06138, 64.64436], [38.07938, 64.64774], [38.09378, 64.65449], [38.11178, 64.65956], [38.15138, 64.66631], [38.16218, 64.67138], [38.16938, 64.68489], [38.16578, 64.70346], [38.17298, 64.71697], [38.18738, 64.72372], [38.20538, 64.72541], [38.24138, 64.72541], [38.27378, 64.73217], [38.33858, 64.75918], [38.37458, 64.76087], [38.43938, 64.7423], [38.47178, 64.74399], [38.49338, 64.76763], [38.48258, 64.76932], [38.42498, 64.79296], [38.41778, 64.80309], [38.41778, 64.81828], [38.44658, 64.81828], [38.46458, 64.80984], [38.51139, 64.78789], [38.62299, 64.76932], [38.73819, 64.74736], [38.81739, 64.7423], [38.87139, 64.74061], [38.92179, 64.73217], [39.04059, 64.69671], [39.14139, 64.66294], [39.24939, 64.64605], [39.30339, 64.64605], [39.33219, 64.63929], [39.34299, 64.62241], [39.38259, 64.60721], [39.44379, 64.58188], [39.5662, 64.54473], [39.7354, 64.55487], [39.7606, 64.56162], [39.7462, 64.57682], [39.7678, 64.58188], [39.8218, 64.58695], [39.8434, 64.5937], [39.901, 64.60383], [39.9226, 64.60383], [39.9046, 64.6241], [39.865, 64.61903], [39.8182, 64.60383], [39.7858, 64.59708], [39.793, 64.61565], [39.811, 64.65956], [39.8218, 64.67138], [39.8506, 64.67644], [39.8902, 64.66969], [40.063, 64.62241], [40.1098, 64.60046], [40.153, 64.57344], [40.1818, 64.55824], [40.2142, 64.55487], [40.3582, 64.56162], [40.3726, 64.55993], [40.4014, 64.5498], [40.4806, 64.53967], [40.51661, 64.54136], [40.53461, 64.55824], [40.52741, 64.57851], [40.51661, 64.5937], [40.50221, 64.6089], [40.4914, 64.61734], [40.4734, 64.63592], [40.441, 64.70008], [40.4266, 64.71359], [40.4194, 64.71528], [40.4158, 64.72204], [40.4122, 64.72879], [40.4122, 64.73723], [40.4122, 64.75074], [40.4158, 64.75581], [40.4518, 64.76763], [40.477, 64.76932], [40.50221, 64.76425], [40.52021, 64.75412], [40.51661, 64.77438], [40.4914, 64.78789], [40.459, 64.79802], [40.4374, 64.80984], [40.423, 64.82673], [40.3798, 64.92298], [40.3654, 64.93817], [40.3474, 64.95337], [40.3114, 64.97532], [40.297, 64.98376], [40.2898, 64.99221], [40.2826, 65.01247], [40.2718, 65.02091], [40.243, 65.03611], [40.135, 65.06313], [40.1134, 65.07495], [39.8722, 65.27758], [39.7822, 65.32317], [39.7426, 65.35694], [39.721, 65.38058], [39.7138, 65.40253], [39.7102, 65.44812], [39.7102, 65.47007], [39.7174, 65.4954], [39.7318, 65.52411], [39.739, 65.53931], [39.7498, 65.55282], [39.8254, 65.60685], [39.9802, 65.65582], [40.0666, 65.66764], [40.279, 65.73012], [40.4734, 65.81286], [40.63541, 65.93275], [40.71101, 65.97158], [40.79741, 65.99185], [41.01701, 66.00704], [41.10701, 66.03068], [41.34101, 66.06277], [41.40221, 66.08641], [41.41661, 66.08978], [41.43461, 66.09485], [41.46341, 66.11849], [41.47781, 66.12355], [41.49581, 66.12862], [41.55342, 66.15226], [41.62182, 66.16577], [41.64342, 66.17252], [41.63982, 66.18265], [41.64342, 66.18941], [41.65422, 66.19279], [41.85582, 66.29579], [42.02142, 66.4123], [42.11862, 66.50517], [42.15462, 66.52712], [42.20142, 66.53219], [42.36702, 66.51193], [42.64423, 66.45283], [42.66223, 66.4427], [42.65863, 66.42581], [42.57583, 66.40217], [42.54703, 66.38528], [42.74863, 66.39542], [42.94303, 66.41906], [43.12663, 66.42412], [43.25263, 66.43594], [43.30303, 66.42581], [43.32463, 66.41061], [43.34983, 66.36671], [43.36783, 66.34645], [43.40743, 66.33294], [43.51184, 66.32956], [43.55504, 66.32281], [43.65584, 66.28566], [43.68464, 66.26539], [43.69184, 66.23669], [43.66664, 66.21811], [43.50824, 66.18434], [43.46863, 66.17083], [43.43623, 66.14888], [43.42183, 66.13537], [43.40743, 66.12524], [43.38943, 66.1168], [43.37143, 66.11173], [43.32463, 66.10667], [43.30303, 66.1016], [43.28863, 66.08978], [43.33543, 66.06783], [43.34263, 66.05939], [43.35343, 66.04081], [43.37503, 66.03744], [43.41823, 66.0425], [43.45063, 66.03744], [43.47583, 66.02224], [43.49743, 66.00029], [43.51544, 65.97496], [43.52624, 66.01886], [43.52264, 66.03575], [43.50104, 66.05263], [43.41103, 66.06108], [43.38223, 66.07121], [43.41103, 66.09823], [43.46503, 66.12693], [43.47943, 66.132], [43.51904, 66.13706], [43.56224, 66.14719], [43.58384, 66.15057], [43.63424, 66.15226], [43.65584, 66.16239], [43.67024, 66.17421], [43.69184, 66.18265], [43.71344, 66.18603], [43.76024, 66.17759], [43.83584, 66.18603], [43.85384, 66.18097], [43.89344, 66.15901], [43.94744, 66.14044], [43.98704, 66.10836], [44.04464, 66.08134], [44.05184, 66.0729], [44.04824, 66.05601], [44.04104, 66.0425], [44.03384, 66.03575], [44.02664, 66.02899], [44.02664, 66.01549], [44.04104, 65.99353], [44.08784, 65.95976], [44.16704, 65.88546], [44.18144, 65.86351], [44.19224, 65.90573], [44.17424, 65.93443], [44.14544, 65.95976], [44.12384, 65.98847], [44.12384, 66.0138], [44.15264, 66.0577], [44.15984, 66.08641], [44.14904, 66.10498], [44.09864, 66.14213], [44.08424, 66.15901], [44.08064, 66.20629], [44.09504, 66.26202], [44.12384, 66.31436], [44.15264, 66.35658], [44.16704, 66.37346], [44.21024, 66.40217], [44.21744, 66.41399], [44.23544, 66.44776], [44.24624, 66.45452], [44.34704, 66.50011], [44.36144, 66.50855], [44.37224, 66.52206], [44.37944, 66.5457], [44.38664, 66.60142], [44.39384, 66.62168], [44.42984, 66.64364], [44.47664, 66.65546], [44.56305, 66.66559], [44.55225, 66.67741], [44.53065, 66.67741], [44.50905, 66.67234], [44.48744, 66.67572], [44.46584, 66.69092], [44.45144, 66.70105], [44.43344, 66.73313], [44.37944, 66.76353], [44.36504, 66.7821], [44.37584, 66.80574], [44.46584, 66.81925], [44.48744, 66.84458], [44.48024, 66.89355], [44.49104, 66.90368], [44.52345, 66.91887], [44.49824, 66.92225], [44.49104, 66.93069], [44.48744, 66.94251], [44.48024, 66.95433], [44.43344, 66.98304], [44.42624, 66.99486], [44.40824, 67.01175], [44.37224, 67.03032], [44.30384, 67.05565], [44.31464, 67.07422], [44.33624, 67.08435], [44.35784, 67.09111], [44.37944, 67.10462], [44.28584, 67.08773], [44.26424, 67.09449], [44.24624, 67.10631], [44.20664, 67.12488], [44.17424, 67.13332], [44.15264, 67.14346], [44.09504, 67.15865], [44.04104, 67.1671], [43.98704, 67.16372], [43.95104, 67.16372], [43.91864, 67.16034], [43.86824, 67.17216], [43.81424, 67.17723], [43.77464, 67.20424], [43.76024, 67.22113], [43.76384, 67.23802], [43.76744, 67.27685], [43.79264, 67.34271], [43.86104, 67.42545], [44.00144, 67.57573], [44.02304, 67.61626], [44.02304, 67.6247], [44.02664, 67.64327], [44.02304, 67.65678], [44.03384, 67.67029], [44.04104, 67.68042], [44.04824, 67.6838], [44.07344, 67.68718], [44.08424, 67.68718], [44.08784, 67.68211], [44.09504, 67.67536], [44.09864, 67.6686], [44.09864, 67.66691], [44.10944, 67.66691], [44.12744, 67.67029], [44.14544, 67.67873], [44.15264, 67.69393], [44.14184, 67.70744], [44.12384, 67.71082], [44.07704, 67.70744], [44.06984, 67.71419], [44.08064, 67.72939], [44.10944, 67.75472], [44.11664, 67.76485], [44.12384, 67.77836], [44.13104, 67.79187], [44.13104, 67.80369], [44.12384, 67.8172], [44.11304, 67.82564], [44.09864, 67.83239], [44.08784, 67.84084], [44.08424, 67.85097], [44.08424, 67.86785], [44.08784, 67.88474], [44.09864, 67.89318], [44.17784, 67.88981], [44.19944, 67.89318], [44.21744, 67.89994], [44.24984, 67.91851], [44.26784, 67.92695], [44.23544, 67.93877], [44.14904, 67.92527], [44.12384, 67.93371], [44.13824, 67.97592], [44.15624, 67.98099], [44.19584, 67.98268], [44.21384, 67.98943], [44.19584, 67.9945], [44.15624, 67.98943], [44.13824, 67.9945], [44.16344, 68.01138], [44.33624, 68.05698], [44.41184, 68.06373], [44.40464, 68.06542], [44.36144, 68.07048], [44.30744, 68.06542], [44.25704, 68.05529], [44.21384, 68.04009], [44.18144, 68.03671], [44.17064, 68.05529], [44.17424, 68.08568], [44.18504, 68.11101], [44.20304, 68.13634], [44.20664, 68.14647], [44.20664, 68.16336], [44.20664, 68.17349], [44.23544, 68.23259], [44.24264, 68.25623], [44.24264, 68.27818], [44.22824, 68.29675], [44.15984, 68.33559], [43.74224, 68.47574], [43.32463, 68.61421], [43.29223, 68.63616], [43.27423, 68.65811], [43.31743, 68.66655], [43.37503, 68.66824], [43.47583, 68.66824], [43.61624, 68.64122], [43.63784, 68.63953], [43.69184, 68.62434], [43.74584, 68.61589], [43.78544, 68.60576], [43.80344, 68.59732], [43.82144, 68.59225], [43.86464, 68.58719], [43.98344, 68.55173], [44.23904, 68.53653], [44.50905, 68.55342], [44.96265, 68.55173], [45.30465, 68.54497], [45.58186, 68.51458], [45.88786, 68.45548], [45.94546, 68.44704], [45.94906, 68.4234], [45.95626, 68.41664], [45.96706, 68.39638], [45.97066, 68.38963], [45.98146, 68.38287], [46.00666, 68.37274], [46.01746, 68.3643], [46.02106, 68.35416], [46.02466, 68.33221], [46.02826, 68.32377], [46.04626, 68.3187], [46.07866, 68.31026], [46.16506, 68.26974], [46.22266, 68.23934], [46.27666, 68.21401], [46.29466, 68.21064], [46.35226, 68.21401], [46.36666, 68.21064], [46.39546, 68.19713], [46.42066, 68.19206], [46.46026, 68.17011], [46.53587, 68.13296], [46.52147, 68.12114], [46.48906, 68.11439], [46.46026, 68.11101], [46.52507, 68.11439], [46.53947, 68.10763], [46.54667, 68.09919], [46.54667, 68.09244], [46.54307, 68.08737], [46.54307, 68.07724], [46.54667, 68.04347], [46.55027, 68.02996], [46.55747, 68.01645], [46.57547, 67.99788], [46.59707, 67.98774], [46.61867, 67.98099], [46.64027, 67.96917], [46.64387, 67.96073], [46.64747, 67.95228], [46.65107, 67.94384], [46.65827, 67.93709], [46.67987, 67.91513], [46.70147, 67.89149], [46.70507, 67.88305], [46.71227, 67.87461], [46.72307, 67.84421], [46.69787, 67.8172], [46.66187, 67.80707], [46.57187, 67.80875], [46.50707, 67.81551], [46.48906, 67.81889], [46.44226, 67.8172], [46.37386, 67.81889], [46.21186, 67.802], [46.00306, 67.76823], [45.61786, 67.74628], [45.44865, 67.72939], [45.35145, 67.73108], [45.30825, 67.71251], [45.30465, 67.69393], [45.31905, 67.68549], [45.33705, 67.68718], [45.34785, 67.68549], [45.35145, 67.66354], [45.34785, 67.65003], [45.34065, 67.62639], [45.33705, 67.61457], [45.31545, 67.59262], [45.26145, 67.58417], [45.16425, 67.58417], [45.09585, 67.56391], [45.02745, 67.53183], [44.96625, 67.4913], [44.91945, 67.44064], [44.92665, 67.42207], [44.92305, 67.40518], [44.91585, 67.3883], [44.91225, 67.37141], [44.92305, 67.35115], [44.95185, 67.32076], [45.05625, 67.28361], [45.15705, 67.2549], [45.22185, 67.23295], [45.30825, 67.211], [45.40905, 67.19918], [45.50986, 67.18567], [45.59266, 67.15865], [45.63946, 67.10799], [45.64666, 67.08435], [45.66466, 67.0624], [45.78346, 66.96784], [45.79786, 66.94927], [45.80506, 66.91887], [45.82306, 66.89861], [45.85186, 66.88679], [45.96346, 66.86653], [45.98866, 66.85809], [46.01386, 66.83951], [46.02466, 66.83276], [46.04266, 66.83107], [46.30186, 66.83951], [46.48906, 66.87835], [46.54667, 66.87835], [46.57907, 66.87328], [46.59707, 66.85809], [46.60067, 66.83782], [46.57907, 66.83276], [46.55387, 66.83276], [46.53227, 66.82769], [46.49986, 66.79561], [46.48186, 66.78379], [46.39906, 66.75171], [46.38106, 66.74833], [46.40626, 66.74664], [46.44946, 66.75508], [46.48906, 66.76859], [46.55027, 66.80236], [46.58267, 66.81587], [46.82747, 66.84458], [46.92827, 66.84458], [46.98227, 66.86315], [47.02547, 66.85977], [47.41067, 66.92901], [47.45747, 66.92732], [47.55828, 66.90537], [47.57628, 66.89186], [47.57268, 66.86484], [47.57988, 66.86991], [47.59068, 66.87666], [47.60508, 66.89186], [47.59428, 66.90705], [47.59068, 66.91887], [47.59428, 66.93238], [47.60508, 66.94589], [47.62308, 66.9594], [47.67348, 66.98304], [47.69508, 66.98811], [47.72388, 67.00161], [47.74188, 67.03032], [47.74908, 67.06578], [47.74908, 67.1215], [47.74548, 67.13163], [47.73468, 67.14514], [47.70228, 67.17216], [47.69508, 67.1806], [47.68788, 67.1958], [47.69508, 67.20424], [47.77428, 67.24139], [47.78868, 67.25152], [47.79228, 67.26166], [47.78868, 67.27348], [47.77788, 67.29543], [47.77788, 67.30049], [47.77788, 67.31738], [47.77068, 67.33595], [47.77068, 67.33764], [47.79228, 67.36128], [47.90748, 67.40181], [47.93628, 67.42376], [47.94708, 67.44402], [47.94348, 67.46597], [47.92188, 67.48792], [47.82468, 67.56053], [47.81388, 67.5808], [47.84628, 67.60106], [48.00828, 67.65003], [48.05148, 67.65172], [48.09828, 67.6399], [48.08748, 67.62977], [48.08028, 67.61795], [48.07308, 67.60444], [48.07308, 67.59093], [48.09468, 67.59262], [48.11268, 67.60275], [48.14868, 67.62808], [48.20268, 67.65172], [48.22068, 67.66354], [48.25668, 67.68211], [48.30708, 67.69055], [48.36108, 67.68887], [48.44388, 67.6686], [48.48708, 67.66354], [48.53029, 67.6686], [48.65629, 67.71251], [48.69949, 67.71588], [48.74269, 67.70069], [48.73189, 67.70069], [48.72109, 67.70069], [48.71029, 67.699], [48.70309, 67.69393], [48.92629, 67.68718], [48.99829, 67.66691], [48.96229, 67.65341], [48.99469, 67.64327], [49.03429, 67.63483], [49.07749, 67.63145], [49.10629, 67.6399], [49.07749, 67.65003], [49.05949, 67.65341], [49.04509, 67.65341], [49.04869, 67.65678], [49.05589, 67.67029], [49.05949, 67.67367], [48.96949, 67.69731], [48.94069, 67.70069], [48.92269, 67.70575], [48.88309, 67.72939], [48.85789, 67.73446], [48.80389, 67.7277], [48.77869, 67.7277], [48.77149, 67.74121], [48.78229, 67.75472], [48.79669, 67.76316], [48.80389, 67.77329], [48.79669, 67.79018], [48.79309, 67.83071], [48.58429, 67.93371], [48.62389, 67.94384], [48.67069, 67.9354], [48.79669, 67.87799], [48.84349, 67.86448], [48.96949, 67.85097], [49.13509, 67.86279], [49.17829, 67.8763], [49.31869, 67.89994], [49.5095, 67.95566], [49.6535, 67.98099], [49.7939, 68.03671], [49.9739, 68.08737], [50.0171, 68.09075], [49.9811, 68.06204], [49.8803, 68.04009], [49.8479, 68.01645], [50.0027, 68.05866], [50.0495, 68.08737], [50.0675, 68.10257], [50.0999, 68.12452], [50.2007, 68.16842], [50.2655, 68.18024], [50.3519, 68.20726], [50.4347, 68.22077], [50.64351, 68.30013], [50.69391, 68.33221], [50.72631, 68.34403], [50.75871, 68.37105], [50.78031, 68.37949], [50.79471, 68.37612], [50.84871, 68.35079], [50.89551, 68.34234], [50.95311, 68.34066], [51.05751, 68.35079], [51.07911, 68.35754], [51.12591, 68.37612], [51.14751, 68.37949], [51.19791, 68.38118], [51.33471, 68.40145], [51.42471, 68.43015], [51.44631, 68.43353], [51.48951, 68.42171], [51.51112, 68.42171], [51.56872, 68.43522], [51.58672, 68.44704], [51.57232, 68.44704], [51.53272, 68.45379], [51.56152, 68.4825], [51.60832, 68.49263], [51.70192, 68.48925], [52.05832, 68.54329], [52.17712, 68.58212], [52.21672, 68.5855], [52.20592, 68.56017], [52.18072, 68.5416], [52.12672, 68.52302], [52.05832, 68.51627], [52.04752, 68.50951], [52.04752, 68.50107], [52.05112, 68.49263], [52.05832, 68.48587], [52.06552, 68.4825], [52.10512, 68.48756], [52.17712, 68.50445], [52.29592, 68.49938], [52.33552, 68.49263], [52.36072, 68.47574], [52.34272, 68.47237], [52.32112, 68.47574], [52.29952, 68.47405], [52.28512, 68.46055], [52.28872, 68.45379], [52.29592, 68.44704], [52.30312, 68.43691], [52.29592, 68.4234], [52.25992, 68.4082], [52.15912, 68.39807], [52.13392, 68.37949], [52.15912, 68.37105], [52.24912, 68.31702], [52.27072, 68.31533], [52.29232, 68.32039], [52.32112, 68.33221], [52.33912, 68.33559], [52.40032, 68.33728], [52.41832, 68.34234], [52.45072, 68.35585], [52.47952, 68.36261], [52.57313, 68.40989], [52.60553, 68.41833], [52.67753, 68.4234], [52.70993, 68.44028], [52.72433, 68.45886], [52.73153, 68.47405], [52.72433, 68.48925], [52.70273, 68.50276], [52.67033, 68.51289], [52.59833, 68.52302], [52.56593, 68.53653], [52.55873, 68.5416], [52.55153, 68.55004], [52.54433, 68.55848], [52.54073, 68.56693], [52.53353, 68.57537], [52.49032, 68.59225], [52.50113, 68.60407], [52.50113, 68.60914], [52.49752, 68.61927], [52.60553, 68.62603], [52.62353, 68.6294], [52.64153, 68.63785], [52.64873, 68.64798], [52.63433, 68.65811], [52.61273, 68.6598], [52.56233, 68.64967], [52.51553, 68.6446], [52.49392, 68.63953], [52.47952, 68.63109], [52.44712, 68.60239], [52.42912, 68.59225], [52.41112, 68.58719], [52.29952, 68.59057], [52.27792, 68.59732], [52.28872, 68.61589], [52.32832, 68.63278], [52.37512, 68.64798], [52.45432, 68.65811], [52.80713, 68.76787], [52.94393, 68.78982], [53.08073, 68.83203], [53.16353, 68.84554], [53.24993, 68.87762], [53.33993, 68.89113], [53.43713, 68.91815], [53.87994, 68.97387], [54.10314, 69.00089], [54.29754, 69.00089], [54.34794, 69.01271], [54.52795, 69.00933], [54.55675, 69.00427], [54.56035, 68.9992], [54.55675, 68.99245], [54.54955, 68.98569], [54.53875, 68.98232], [54.52795, 68.97894], [54.52075, 68.97894], [54.50995, 68.98063], [54.49914, 68.98232], [54.42714, 68.97725], [54.35514, 68.95868], [53.98434, 68.93672], [53.61354, 68.91308], [53.59554, 68.90633], [53.61714, 68.8962], [53.62434, 68.89282], [53.62794, 68.87931], [53.66394, 68.8658], [53.70714, 68.86074], [53.73234, 68.8658], [53.72154, 68.87256], [53.71434, 68.87931], [53.70354, 68.88269], [53.69274, 68.88607], [53.72874, 68.89789], [53.95914, 68.87594], [54.00234, 68.86749], [54.02754, 68.84554], [53.95194, 68.81515], [53.92314, 68.81177], [53.89794, 68.81008], [53.87994, 68.8067], [53.86554, 68.79826], [53.83314, 68.76787], [53.82954, 68.7628], [53.83314, 68.75773], [53.84034, 68.74254], [53.83674, 68.71383], [53.81874, 68.6885], [53.78634, 68.67331], [53.75394, 68.66655], [53.72154, 68.65642], [53.72874, 68.63447], [53.75394, 68.61083], [53.79354, 68.58719], [53.82234, 68.56693], [53.87634, 68.53315], [53.89074, 68.52302], [53.90514, 68.50783], [53.91594, 68.48925], [53.91954, 68.46899], [53.92314, 68.44366], [53.92674, 68.43184], [53.94114, 68.41327], [53.94474, 68.40651], [53.93034, 68.39131], [53.90874, 68.38625], [53.86194, 68.38625], [53.84754, 68.37612], [53.82234, 68.3491], [53.80434, 68.34403], [53.78634, 68.34741], [53.73954, 68.37612], [53.65674, 68.4082], [53.60994, 68.41327], [53.57394, 68.39976], [53.63154, 68.38625], [53.64594, 68.37612], [53.65674, 68.36598], [53.66754, 68.35754], [53.69274, 68.34403], [53.66034, 68.33221], [53.62434, 68.33728], [53.55234, 68.35923], [53.44073, 68.37274], [53.41913, 68.36936], [53.40473, 68.36092], [53.37593, 68.34066], [53.36513, 68.34066], [53.33993, 68.3491], [53.32913, 68.35079], [53.31833, 68.34741], [53.30033, 68.33221], [53.23193, 68.29675], [53.21033, 68.26974], [53.23913, 68.25285], [53.32913, 68.24272], [53.37593, 68.24272], [53.47313, 68.2596], [53.80794, 68.25116], [53.83674, 68.24441], [53.87634, 68.22414], [53.89434, 68.22246], [53.99154, 68.22077], [54.04194, 68.22752], [54.08874, 68.2461], [54.14994, 68.29844], [54.18594, 68.32039], [54.21834, 68.31702], [54.18234, 68.28156], [54.17154, 68.26129], [54.17874, 68.23596], [54.20394, 68.20895], [54.23994, 68.21064], [54.46674, 68.30351], [54.50275, 68.31195], [54.53515, 68.3052], [54.56395, 68.28831], [54.65035, 68.19375], [54.68995, 68.17518], [54.73675, 68.17011], [54.83035, 68.17349], [54.84835, 68.17686], [54.86275, 68.18531], [54.87715, 68.19713], [54.88435, 68.21064], [54.89155, 68.22246], [54.91675, 68.24103], [54.92395, 68.25285], [54.91675, 68.28324], [54.89875, 68.29506], [54.87715, 68.3052], [54.85555, 68.32377], [54.89515, 68.32377], [54.90955, 68.32884], [54.90235, 68.34403], [54.91675, 68.37443], [54.92395, 68.38625], [54.93835, 68.39807], [54.99595, 68.43859], [55.01395, 68.44197], [55.05355, 68.44028], [55.06795, 68.44704], [55.09315, 68.47237], [55.11115, 68.4825], [55.19035, 68.49094], [55.20835, 68.49938], [55.21195, 68.50445], [55.21555, 68.51458], [55.21915, 68.51965], [55.22995, 68.52471], [55.39195, 68.56355], [55.49275, 68.57368], [55.60076, 68.5703], [55.69796, 68.57706], [55.78796, 68.59394], [55.95356, 68.65473], [55.99676, 68.6598], [56.05076, 68.65473], [56.14796, 68.62603], [56.20196, 68.61927], [56.50437, 68.62771], [56.52237, 68.61927], [56.49356, 68.5855], [56.51157, 68.59563], [56.56917, 68.63616], [56.59797, 68.64122], [56.63037, 68.64122], [56.66277, 68.63785], [56.69157, 68.63109], [56.84997, 68.57199], [57.09117, 68.54835], [57.32877, 68.56524], [57.38277, 68.57875], [57.41517, 68.59732], [57.44757, 68.6446], [57.47277, 68.66317], [57.53758, 68.6885], [57.55558, 68.70201], [57.58798, 68.73409], [57.60238, 68.74254], [57.92998, 68.75098], [57.98038, 68.7932], [57.97318, 68.80164], [57.96238, 68.80839], [57.95158, 68.81684], [57.94438, 68.83203], [57.95518, 68.84554], [57.97678, 68.8523], [58.17118, 68.88944], [58.22158, 68.89282], [58.24678, 68.88776], [58.24318, 68.87762], [58.21438, 68.8523], [58.20358, 68.83879], [58.20358, 68.83203], [58.21438, 68.82697], [58.22878, 68.81684], [58.25038, 68.79151], [58.26478, 68.78137], [58.27918, 68.77631], [58.32958, 68.77124], [58.37638, 68.75605], [58.33678, 68.73578], [58.39438, 68.73578], [58.42318, 68.74254], [58.43758, 68.7628], [58.41958, 68.76787], [58.38358, 68.77969], [58.36558, 68.78475], [58.32238, 68.78475], [58.30438, 68.78813], [58.28638, 68.79995], [58.28278, 68.8067], [58.28278, 68.81177], [58.28638, 68.81515], [58.28998, 68.8219], [58.28638, 68.82528], [58.27918, 68.82697], [58.27558, 68.83203], [58.26838, 68.83541], [58.26118, 68.83879], [58.25398, 68.84216], [58.26118, 68.84892], [58.26838, 68.8523], [58.27198, 68.85567], [58.27198, 68.86074], [58.27558, 68.8658], [58.27558, 68.87762], [58.27198, 68.88607], [58.27198, 68.89451], [58.28278, 68.90295], [58.30078, 68.90971], [58.58879, 68.95699], [58.88039, 69.00258], [59.20439, 69.00427], [59.22239, 68.9992], [59.24039, 68.98907], [59.21879, 68.98232], [59.16839, 68.98907], [59.14679, 68.98569], [59.12519, 68.97894], [58.97039, 68.96543], [58.92359, 68.95361], [58.89119, 68.93504], [58.96679, 68.92997], [59.10719, 68.90295], [59.41679, 68.76618], [59.42399, 68.75773], [59.42039, 68.7189], [59.39879, 68.70032], [59.35199, 68.70201], [59.26919, 68.71552], [59.23319, 68.71214], [59.20079, 68.70539], [59.17199, 68.69357], [59.14679, 68.67331], [59.12879, 68.64967], [59.11799, 68.64291], [59.10359, 68.63616], [59.07119, 68.62771], [59.05679, 68.61927], [59.06039, 68.61083], [59.06399, 68.60239], [59.06399, 68.58212], [59.07119, 68.56861], [59.08199, 68.56186], [59.09999, 68.55342], [59.11079, 68.54329], [59.11799, 68.53147], [59.11439, 68.52471], [59.10359, 68.51796], [59.08919, 68.50276], [59.07839, 68.4825], [59.07119, 68.45886], [59.07479, 68.43691], [59.08559, 68.41664], [59.11079, 68.40482], [59.39159, 68.37105], [59.676, 68.33559], [59.856, 68.38118], [59.8992, 68.40651], [59.964, 68.46561], [59.964, 68.47068], [59.9568, 68.47743], [59.946, 68.51796], [59.928, 68.53822], [59.8704, 68.58381], [59.8236, 68.60914], [59.7912, 68.61927], [59.7732, 68.62603], [59.7624, 68.63953], [59.7732, 68.66824], [59.8128, 68.6885], [59.91, 68.72059], [59.9352, 68.72059], [60.0, 68.70257], [60.0, 51.98712], [59.9856, 51.96821]]]]}}, {"type": "Feature", "properties": {"name_en": "Estonia", "name_zh": "愛沙尼亞", "iso_n3": "233"}, "geometry": {"type": "MultiPolygon", "coordinates": [[[[23.21843, 57.80056], [23.21843, 57.809], [23.22203, 57.81744], [23.22563, 57.8242], [23.24003, 57.82251], [23.26163, 57.81407], [23.27243, 57.80731], [23.27603, 57.79887], [23.26883, 57.78536], [23.25083, 57.78367], [23.22923, 57.79211], [23.21843, 57.80056]]], [[[24.00324, 58.10788], [23.97084, 58.09944], [23.94204, 58.11294], [23.93844, 58.13658], [23.95644, 58.15178], [23.98524, 58.15685], [24.01404, 58.15347], [24.02124, 58.12983], [24.00324, 58.10788]]], [[[23.26163, 58.46586], [23.23643, 58.45572], [23.25083, 58.45404], [23.26163, 58.45235], [23.27243, 58.44559], [23.27963, 58.43715], [23.23643, 58.44053], [23.21483, 58.44559], [23.19683, 58.45572], [23.19323, 58.46079], [23.18963, 58.46755], [23.18243, 58.4743], [23.17163, 58.47768], [23.15723, 58.47768], [23.15363, 58.47599], [23.15003, 58.46923], [23.14643, 58.46586], [23.14283, 58.45235], [23.13923, 58.44559], [23.13203, 58.43884], [23.12483, 58.43546], [23.11043, 58.42871], [23.10323, 58.4304], [23.09243, 58.43208], [23.08523, 58.4304], [23.08163, 58.41858], [23.08163, 58.41182], [23.08163, 58.40676], [23.08523, 58.4], [23.08523, 58.39494], [23.06363, 58.3848], [23.04203, 58.3713], [23.02043, 58.36285], [22.97723, 58.38143], [22.95563, 58.38143], [22.94843, 58.37298], [22.97003, 58.35948], [22.90163, 58.3122], [22.88723, 58.30713], [22.86923, 58.30544], [22.85483, 58.29869], [22.82603, 58.27842], [22.81163, 58.27336], [22.79003, 58.27167], [22.74323, 58.27336], [22.72163, 58.26998], [22.71083, 58.25816], [22.75763, 58.24296], [22.72163, 58.22608], [22.66763, 58.22101], [22.65323, 58.24465], [22.63883, 58.24972], [22.62083, 58.2531], [22.60283, 58.25141], [22.58483, 58.24803], [22.57043, 58.23959], [22.56323, 58.23452], [22.55963, 58.2379], [22.54883, 58.24803], [22.53443, 58.25478], [22.52723, 58.24803], [22.51643, 58.23114], [22.50923, 58.22777], [22.50563, 58.22439], [22.50563, 58.2227], [22.49842, 58.2227], [22.49842, 58.22608], [22.49122, 58.24128], [22.49122, 58.24465], [22.47682, 58.24465], [22.45882, 58.24128], [22.44442, 58.23452], [22.43362, 58.22608], [22.42282, 58.22101], [22.40842, 58.22439], [22.39762, 58.22777], [22.38682, 58.22608], [22.37962, 58.2227], [22.36162, 58.21764], [22.35442, 58.21595], [22.32202, 58.20582], [22.29682, 58.19231], [22.28242, 58.18218], [22.27522, 58.1788], [22.27162, 58.17373], [22.27162, 58.13658], [22.26442, 58.11463], [22.25722, 58.09268], [22.22842, 58.05216], [22.22122, 58.04371], [22.21042, 58.03527], [22.19962, 58.02683], [22.19962, 58.01669], [22.20322, 57.99474], [22.18882, 57.98461], [22.04842, 57.91538], [22.01602, 57.91369], [21.99082, 57.93564], [21.99442, 57.94746], [21.99082, 57.95759], [21.98002, 57.96604], [21.96562, 57.96941], [21.96562, 57.9711], [21.96202, 57.97448], [21.96202, 57.97955], [21.96202, 57.98461], [21.99082, 57.98292], [21.99802, 57.98461], [22.00522, 57.99137], [22.01602, 58.01163], [22.01962, 58.02176], [22.05922, 58.05216], [22.07722, 58.07411], [22.08442, 58.08255], [22.09522, 58.08593], [22.10962, 58.08424], [22.12402, 58.07917], [22.13482, 58.07748], [22.14922, 58.07917], [22.15282, 58.08593], [22.16002, 58.10788], [22.16362, 58.11632], [22.20322, 58.1484], [22.18162, 58.16022], [22.14202, 58.16867], [22.07362, 58.17542], [22.05202, 58.18724], [22.01602, 58.23452], [21.99442, 58.24465], [21.92962, 58.24465], [21.89722, 58.25141], [21.86842, 58.26492], [21.85042, 58.2818], [21.84322, 58.29362], [21.84322, 58.30206], [21.85402, 58.30713], [21.90802, 58.29869], [21.89722, 58.31388], [21.87922, 58.32908], [21.87202, 58.3409], [21.89362, 58.34597], [21.91162, 58.33921], [21.92962, 58.32739], [21.94402, 58.31895], [21.96202, 58.32739], [21.95482, 58.34428], [21.96922, 58.35441], [21.99082, 58.35779], [22.01242, 58.35441], [22.00162, 58.36623], [21.99082, 58.38649], [21.94762, 58.43208], [21.92602, 58.44728], [21.90082, 58.46923], [21.88642, 58.47768], [21.85762, 58.49119], [21.83242, 58.51145], [21.88642, 58.49794], [21.90082, 58.49794], [21.91522, 58.50132], [21.91882, 58.50469], [21.91882, 58.50976], [21.92962, 58.5182], [21.96562, 58.5182], [21.99442, 58.51314], [22.01962, 58.49963], [22.06282, 58.45741], [22.07002, 58.44728], [22.07362, 58.43208], [22.07362, 58.42702], [22.07722, 58.42364], [22.08442, 58.42195], [22.08802, 58.42195], [22.09882, 58.42533], [22.09882, 58.43546], [22.09162, 58.44897], [22.09882, 58.47599], [22.10242, 58.48781], [22.11322, 58.49794], [22.12762, 58.50469], [22.16002, 58.51314], [22.17082, 58.52158], [22.18162, 58.53509], [22.18882, 58.54353], [22.19602, 58.54522], [22.21402, 58.54691], [22.21402, 58.54353], [22.21762, 58.53847], [22.22122, 58.5334], [22.22482, 58.52833], [22.22482, 58.51651], [22.22842, 58.50976], [22.24282, 58.50469], [22.27162, 58.50132], [22.28242, 58.52158], [22.28242, 58.55029], [22.28962, 58.56886], [22.32202, 58.58406], [22.46242, 58.5925], [22.54883, 58.62965], [22.58483, 58.63471], [22.59563, 58.62965], [22.61363, 58.60601], [22.62443, 58.60094], [22.63163, 58.59757], [22.64243, 58.58912], [22.64963, 58.58743], [22.65683, 58.58912], [22.67483, 58.59757], [22.68203, 58.60094], [22.70363, 58.59757], [22.71803, 58.59081], [22.73603, 58.58743], [22.75763, 58.5925], [22.79003, 58.61445], [22.81163, 58.62289], [22.84763, 58.61276], [22.89803, 58.61952], [22.92323, 58.61783], [22.94483, 58.60939], [22.98803, 58.60094], [23.03483, 58.58406], [23.09243, 58.57055], [23.11043, 58.55535], [23.12483, 58.53509], [23.13203, 58.52833], [23.15003, 58.52158], [23.18963, 58.50976], [23.22923, 58.50469], [23.25443, 58.49963], [23.28683, 58.48781], [23.31923, 58.47261], [23.33363, 58.45572], [23.32643, 58.44222], [23.26163, 58.46586]]], [[[24.38124, 57.98461], [24.39924, 58.02345], [24.44604, 58.05384], [24.46404, 58.07242], [24.46404, 58.12139], [24.47124, 58.14165], [24.47124, 58.15516], [24.46764, 58.16529], [24.46044, 58.17373], [24.45684, 58.18555], [24.45324, 58.19568], [24.46764, 58.21764], [24.46764, 58.22946], [24.46764, 58.23959], [24.47124, 58.25141], [24.49284, 58.26492], [24.52165, 58.27674], [24.54685, 58.28856], [24.56125, 58.3122], [24.55045, 58.33415], [24.52885, 58.35103], [24.44244, 58.38649], [24.40284, 58.39494], [24.36324, 58.39662], [24.32724, 58.38818], [24.31644, 58.37974], [24.30564, 58.36792], [24.29484, 58.35441], [24.29124, 58.34259], [24.29124, 58.32739], [24.28764, 58.31895], [24.25524, 58.29024], [24.24444, 58.28011], [24.23004, 58.27336], [24.21204, 58.27167], [24.17244, 58.27674], [24.15444, 58.27674], [24.14004, 58.26829], [24.12204, 58.24465], [24.11124, 58.24128], [24.09324, 58.24465], [24.08244, 58.25141], [24.05364, 58.27842], [24.00684, 58.30038], [23.98164, 58.31895], [23.91324, 58.33415], [23.87364, 58.33584], [23.85564, 58.33921], [23.84844, 58.34259], [23.83764, 58.35103], [23.83404, 58.35441], [23.82324, 58.35441], [23.81964, 58.35103], [23.81244, 58.34766], [23.80524, 58.34597], [23.79804, 58.34934], [23.78724, 58.35272], [23.77644, 58.35441], [23.76924, 58.35103], [23.76204, 58.34428], [23.75484, 58.33921], [23.74764, 58.33921], [23.74044, 58.34259], [23.73324, 58.35103], [23.72964, 58.36285], [23.72604, 58.37467], [23.72244, 58.3848], [23.71884, 58.4], [23.70804, 58.40676], [23.69364, 58.41351], [23.68284, 58.42195], [23.67564, 58.43546], [23.67924, 58.44559], [23.68284, 58.46923], [23.68284, 58.49963], [23.67924, 58.52496], [23.66484, 58.53678], [23.63604, 58.52833], [23.62164, 58.52833], [23.60364, 58.53678], [23.58564, 58.54522], [23.57484, 58.55197], [23.56764, 58.56548], [23.56404, 58.5773], [23.56044, 58.58237], [23.54604, 58.58068], [23.53164, 58.57055], [23.52444, 58.55873], [23.51724, 58.55535], [23.50284, 58.56211], [23.49923, 58.57224], [23.50284, 58.58237], [23.51364, 58.59419], [23.51724, 58.60432], [23.51364, 58.62289], [23.49923, 58.64653], [23.49203, 58.67355], [23.49923, 58.69719], [23.50644, 58.70563], [23.51364, 58.70732], [23.53524, 58.70226], [23.54244, 58.70563], [23.54604, 58.70901], [23.54604, 58.71408], [23.53164, 58.72252], [23.52804, 58.73603], [23.53164, 58.74785], [23.54604, 58.74785], [23.58564, 58.73772], [23.62164, 58.74109], [23.65764, 58.74954], [23.69724, 58.75123], [23.71524, 58.74785], [23.75484, 58.73434], [23.77284, 58.73096], [23.80164, 58.73096], [23.80524, 58.73434], [23.80524, 58.74109], [23.80524, 58.74785], [23.79804, 58.75123], [23.78364, 58.75629], [23.78004, 58.76642], [23.78724, 58.77824], [23.79804, 58.785], [23.81604, 58.785], [23.85564, 58.77318], [23.87364, 58.77149], [23.84844, 58.78837], [23.81604, 58.80019], [23.78364, 58.80019], [23.75844, 58.785], [23.74044, 58.79851], [23.71884, 58.79851], [23.67564, 58.79175], [23.60364, 58.79513], [23.58204, 58.79175], [23.56044, 58.785], [23.54964, 58.78162], [23.54244, 58.77487], [23.53524, 58.77487], [23.50644, 58.77993], [23.48483, 58.77655], [23.43083, 58.76473], [23.46683, 58.80019], [23.48483, 58.81033], [23.51724, 58.81201], [23.52444, 58.82046], [23.46323, 58.86436], [23.45603, 58.88294], [23.42363, 58.90826], [23.42363, 58.92853], [23.44523, 58.94372], [23.51004, 58.94204], [23.53164, 58.95723], [23.54964, 58.95048], [23.56764, 58.95048], [23.58564, 58.95386], [23.61804, 58.96736], [23.62524, 58.97243], [23.62884, 58.97918], [23.62884, 58.991], [23.62164, 59.01464], [23.60724, 59.03322], [23.58204, 59.04504], [23.56044, 59.05348], [23.57124, 59.03997], [23.60364, 59.02478], [23.61444, 59.01127], [23.60724, 59.00789], [23.58924, 59.00789], [23.58204, 59.00451], [23.56044, 58.991], [23.55684, 58.98763], [23.55684, 58.98256], [23.55324, 58.97074], [23.54244, 58.96905], [23.53884, 58.97412], [23.53164, 58.98087], [23.52444, 58.98425], [23.45963, 58.99269], [23.43443, 59.00451], [23.40923, 59.02478], [23.41643, 59.02478], [23.43083, 59.02646], [23.43803, 59.02478], [23.43083, 59.04335], [23.43443, 59.05686], [23.48123, 59.08388], [23.49203, 59.08894], [23.50284, 59.08556], [23.51724, 59.07374], [23.52084, 59.1244], [23.48483, 59.17337], [23.47043, 59.21221], [23.52444, 59.23078], [23.53524, 59.22909], [23.55684, 59.22572], [23.57124, 59.22403], [23.57844, 59.22572], [23.59284, 59.23585], [23.61444, 59.2426], [23.62884, 59.24936], [23.64324, 59.2578], [23.66124, 59.2578], [23.71524, 59.23247], [23.71884, 59.23078], [23.72964, 59.23078], [23.74044, 59.23922], [23.74404, 59.24936], [23.73684, 59.25949], [23.72244, 59.26455], [23.73324, 59.27806], [23.75844, 59.28313], [23.84484, 59.28482], [23.88804, 59.27806], [23.93484, 59.27975], [23.98884, 59.29157], [24.03924, 59.29326], [24.07884, 59.27131], [24.10044, 59.29495], [24.09324, 59.31183], [24.02844, 59.35743], [24.01764, 59.36756], [24.02124, 59.37769], [24.03564, 59.38782], [24.04644, 59.39457], [24.06444, 59.39795], [24.07884, 59.39626], [24.10764, 59.38444], [24.16524, 59.35405], [24.19404, 59.34729], [24.22284, 59.35574], [24.21204, 59.37262], [24.18684, 59.3912], [24.16164, 59.40302], [24.18324, 59.40808], [24.26964, 59.41146], [24.30564, 59.4199], [24.31644, 59.43172], [24.33084, 59.46381], [24.33444, 59.47056], [24.39924, 59.479], [24.42084, 59.47731], [24.44244, 59.47056], [24.47844, 59.44861], [24.50005, 59.44354], [24.51805, 59.44861], [24.53245, 59.45705], [24.54685, 59.46212], [24.56845, 59.46043], [24.62605, 59.43848], [24.64405, 59.43679], [24.66205, 59.44017], [24.65485, 59.4503], [24.64045, 59.45874], [24.62245, 59.46381], [24.62245, 59.47056], [24.64765, 59.46887], [24.65845, 59.47225], [24.66205, 59.48069], [24.66565, 59.49251], [24.67645, 59.49589], [24.68725, 59.49589], [24.69805, 59.49082], [24.71605, 59.47563], [24.72685, 59.45874], [24.74485, 59.44692], [24.77365, 59.4503], [24.78445, 59.45536], [24.79165, 59.45874], [24.81325, 59.48407], [24.81685, 59.48913], [24.80605, 59.50433], [24.79885, 59.51109], [24.79165, 59.51446], [24.78445, 59.51953], [24.78085, 59.52966], [24.78085, 59.5381], [24.77725, 59.54486], [24.77725, 59.55161], [24.77365, 59.56005], [24.80245, 59.57019], [24.84205, 59.55499], [24.91045, 59.51109], [24.93565, 59.50771], [25.01125, 59.51784], [25.03645, 59.51446], [25.07605, 59.50095], [25.09765, 59.49758], [25.11565, 59.50264], [25.10845, 59.52966], [25.12285, 59.53979], [25.14445, 59.53979], [25.19485, 59.52291], [25.40725, 59.49082], [25.41085, 59.49082], [25.40365, 59.51446], [25.41445, 59.52628], [25.43965, 59.53135], [25.53326, 59.53135], [25.54406, 59.53473], [25.54406, 59.54148], [25.53686, 59.54992], [25.52606, 59.5533], [25.49725, 59.57019], [25.48285, 59.61071], [25.47925, 59.65124], [25.48645, 59.66981], [25.50086, 59.66306], [25.53686, 59.62929], [25.55486, 59.62084], [25.57646, 59.61747], [25.59086, 59.60565], [25.62326, 59.58032], [25.64486, 59.57187], [25.67726, 59.56681], [25.70606, 59.5685], [25.71686, 59.58707], [25.70966, 59.60396], [25.69526, 59.61578], [25.68446, 59.62929], [25.69166, 59.64955], [25.68446, 59.64955], [25.67366, 59.65461], [25.67006, 59.6563], [25.69526, 59.6715], [25.72406, 59.66643], [25.78166, 59.63604], [25.77446, 59.6276], [25.78526, 59.61578], [25.79246, 59.59045], [25.80686, 59.58032], [25.82486, 59.57525], [25.83566, 59.57694], [25.84286, 59.57694], [25.86086, 59.58538], [25.87526, 59.60058], [25.86806, 59.60733], [25.88246, 59.63097], [25.90406, 59.62422], [25.92566, 59.60565], [25.94366, 59.59551], [25.96526, 59.5972], [25.96526, 59.60396], [25.96166, 59.6124], [25.96526, 59.62084], [25.97606, 59.63097], [25.98686, 59.63435], [26.00126, 59.63266], [26.03726, 59.62253], [26.07326, 59.60396], [26.07686, 59.60058], [26.08046, 59.59551], [26.08046, 59.58707], [26.09126, 59.58538], [26.27846, 59.58707], [26.30006, 59.58369], [26.33966, 59.57019], [26.40086, 59.56343], [26.45846, 59.54655], [26.49806, 59.53979], [26.51967, 59.53979], [26.53767, 59.54317], [26.57007, 59.55668], [26.58447, 59.56005], [26.62767, 59.55837], [26.66367, 59.55161], [26.70327, 59.54148], [26.73927, 59.52628], [26.78247, 59.50264], [26.82567, 59.47731], [26.87607, 59.46718], [26.91927, 59.45367], [26.93727, 59.4503], [27.11727, 59.44185], [27.27567, 59.44692], [27.40887, 59.45199], [27.56368, 59.43172], [27.71848, 59.42666], [27.87328, 59.40808], [27.91648, 59.41484], [27.95248, 59.42835], [27.98488, 59.44692], [28.01728, 59.48238], [28.03888, 59.46381], [28.08208, 59.4503], [28.10368, 59.43848], [28.12888, 59.40977], [28.13608, 59.39964], [28.15048, 59.39289], [28.17568, 59.38107], [28.18648, 59.37431], [28.18288, 59.35574], [28.15768, 59.36418], [28.11448, 59.34561], [28.03168, 59.34223], [27.99928, 59.33379], [28.07488, 59.31859], [28.09648, 59.31859], [28.07488, 59.30508], [27.95968, 59.30677], [27.90568, 59.28988], [27.88408, 59.27637], [27.89128, 59.2578], [27.87328, 59.23585], [27.84088, 59.16155], [27.78328, 59.07712], [27.76888, 59.05517], [27.72568, 59.01464], [27.71488, 58.99269], [27.69688, 58.9775], [27.69328, 58.97581], [27.60688, 58.93528], [27.47727, 58.87618], [27.44487, 58.81877], [27.40887, 58.7546], [27.43047, 58.70901], [27.44847, 58.65835], [27.49887, 58.53509], [27.55648, 58.39494], [27.49527, 58.31895], [27.48447, 58.26829], [27.49527, 58.22101], [27.52048, 58.194], [27.53848, 58.17204], [27.57808, 58.12645], [27.63208, 58.08762], [27.63568, 58.05891], [27.62848, 58.03358], [27.63208, 58.00487], [27.65008, 57.99981], [27.66808, 57.99137], [27.67528, 57.96773], [27.67168, 57.95422], [27.66448, 57.94409], [27.66088, 57.93227], [27.66448, 57.91876], [27.67168, 57.912], [27.77608, 57.89005], [27.79048, 57.88161], [27.79768, 57.86135], [27.78688, 57.84784], [27.76168, 57.83939], [27.70048, 57.8242], [27.55648, 57.81238], [27.53848, 57.81238], [27.52408, 57.80731], [27.53128, 57.80562], [27.55288, 57.79549], [27.52768, 57.78705], [27.51328, 57.78198], [27.50248, 57.77185], [27.49887, 57.75497], [27.50968, 57.72795], [27.50608, 57.71444], [27.49167, 57.70431], [27.40887, 57.68911], [27.39087, 57.68067], [27.38367, 57.67391], [27.38007, 57.66716], [27.37647, 57.65703], [27.37647, 57.65196], [27.38007, 57.6469], [27.38367, 57.63508], [27.38367, 57.6317], [27.38727, 57.62832], [27.38367, 57.60637], [27.38367, 57.60299], [27.37647, 57.59793], [27.36207, 57.59455], [27.34767, 57.59455], [27.33687, 57.59117], [27.32967, 57.58273], [27.32967, 57.57091], [27.33687, 57.55402], [27.34407, 57.53883], [27.35127, 57.52701], [27.31887, 57.51688], [27.16407, 57.54727], [27.08487, 57.54896], [27.06327, 57.55571], [27.04167, 57.56922], [27.00567, 57.59962], [26.98047, 57.60975], [26.94807, 57.61481], [26.93007, 57.61481], [26.91207, 57.61312], [26.89767, 57.61481], [26.88327, 57.62157], [26.87247, 57.62663], [26.85447, 57.62326], [26.84007, 57.60975], [26.82927, 57.59455], [26.81487, 57.58104], [26.79687, 57.57091], [26.77887, 57.56922], [26.69967, 57.57091], [26.66727, 57.56416], [26.63487, 57.55402], [26.60607, 57.54052], [26.59887, 57.53376], [26.59527, 57.52701], [26.59167, 57.52025], [26.58087, 57.51856], [26.57007, 57.52025], [26.55207, 57.52701], [26.54127, 57.5287], [26.53047, 57.52363], [26.51607, 57.51688], [26.49806, 57.51519], [26.48006, 57.52701], [26.44766, 57.55234], [26.42966, 57.56247], [26.35046, 57.58104], [26.33966, 57.58273], [26.29646, 57.59962], [26.26406, 57.62157], [26.16686, 57.70431], [26.13446, 57.72457], [26.02646, 57.77354], [26.01566, 57.78705], [26.01206, 57.80731], [26.01566, 57.81575], [26.02286, 57.82251], [26.02646, 57.82757], [26.02286, 57.83771], [26.01566, 57.84277], [26.00126, 57.84615], [25.79246, 57.85628], [25.76726, 57.8681], [25.75646, 57.88836], [25.74566, 57.90863], [25.73126, 57.92382], [25.71326, 57.92382], [25.70246, 57.92213], [25.64846, 57.912], [25.62686, 57.91031], [25.60166, 57.912], [25.58006, 57.91876], [25.55846, 57.93395], [25.55126, 57.9424], [25.55126, 57.94915], [25.55126, 57.95591], [25.54046, 57.96266], [25.53326, 57.96604], [25.49725, 57.9711], [25.45765, 57.98461], [25.39645, 58.02345], [25.35685, 58.03527], [25.34605, 58.03527], [25.33885, 58.03189], [25.33525, 58.03189], [25.32445, 58.03527], [25.31725, 58.04033], [25.30645, 58.05891], [25.29925, 58.06566], [25.28125, 58.07411], [25.26325, 58.0758], [25.25245, 58.06904], [25.24885, 58.05047], [25.27765, 58.02345], [25.28485, 58.00825], [25.26325, 57.99474], [25.23085, 57.98461], [25.21645, 57.98461], [25.20205, 57.99137], [25.19125, 58.01332], [25.18045, 58.03865], [25.16605, 58.05891], [25.14085, 58.06735], [25.09405, 58.06735], [25.06885, 58.06398], [25.04725, 58.05553], [25.03645, 58.04878], [24.97525, 58.01501], [24.95005, 58.00656], [24.87085, 57.99981], [24.84925, 57.99137], [24.82765, 57.98123], [24.81685, 57.97617], [24.79165, 57.97955], [24.76645, 57.98799], [24.73405, 57.99137], [24.71965, 57.98123], [24.70165, 57.95422], [24.68365, 57.94746], [24.62245, 57.94409], [24.55405, 57.94746], [24.53245, 57.94577], [24.48204, 57.91876], [24.44244, 57.90863], [24.42804, 57.90018], [24.41364, 57.87654], [24.40284, 57.86641], [24.37764, 57.85966], [24.34884, 57.85797], [24.30564, 57.8681], [24.31644, 57.87654], [24.32364, 57.88667], [24.32724, 57.89849], [24.33084, 57.91031], [24.33444, 57.92213], [24.38124, 57.98461]]], [[[23.34803, 58.53509], [23.33003, 58.54184], [23.31203, 58.54522], [23.27963, 58.54691], [23.26523, 58.54353], [23.23643, 58.53509], [23.22203, 58.53509], [23.13563, 58.58068], [23.08163, 58.59081], [23.06003, 58.60263], [23.06363, 58.62458], [23.07443, 58.62965], [23.10683, 58.62458], [23.12123, 58.62796], [23.12483, 58.63303], [23.13203, 58.65498], [23.13563, 58.66173], [23.15363, 58.67524], [23.17523, 58.68031], [23.19683, 58.68031], [23.28683, 58.6668], [23.33003, 58.65329], [23.34443, 58.64485], [23.34803, 58.63471], [23.34803, 58.62458], [23.34443, 58.61614], [23.34803, 58.6077], [23.35523, 58.59757], [23.37323, 58.58575], [23.38043, 58.58068], [23.39843, 58.56379], [23.40203, 58.55535], [23.38043, 58.54691], [23.37323, 58.53847], [23.36243, 58.53171], [23.34803, 58.53509]]], [[[22.09522, 58.95554], [22.16722, 58.95048], [22.46242, 58.97074], [22.44442, 58.9775], [22.44082, 58.98425], [22.45522, 58.98763], [22.47682, 58.98087], [22.48762, 58.98087], [22.48762, 59.01633], [22.50563, 59.02478], [22.52723, 59.02646], [22.54523, 59.02984], [22.55963, 59.03828], [22.57403, 59.05348], [22.57763, 59.06192], [22.57763, 59.07037], [22.57763, 59.07881], [22.58843, 59.08725], [22.59923, 59.08894], [22.63883, 59.08725], [22.64243, 59.08725], [22.66763, 59.08556], [22.69643, 59.07881], [22.71443, 59.07037], [22.69283, 59.04166], [22.70003, 59.02478], [22.72163, 59.01127], [22.73603, 59.00451], [22.83683, 59.00789], [22.93403, 58.98425], [22.94843, 58.97074], [22.95203, 58.96061], [22.94843, 58.94541], [22.94843, 58.93697], [22.95923, 58.92684], [22.98083, 58.9184], [22.98803, 58.91164], [22.99523, 58.90658], [23.00963, 58.89813], [23.01683, 58.89138], [23.01683, 58.888], [23.02043, 58.88125], [23.01683, 58.87111], [23.02043, 58.86436], [23.02763, 58.86267], [23.03483, 58.86267], [23.03843, 58.86098], [23.04203, 58.84072], [23.03483, 58.83059], [23.02043, 58.8289], [22.97723, 58.8441], [22.96643, 58.84579], [22.95563, 58.84747], [22.94843, 58.8441], [22.94843, 58.83734], [22.94123, 58.83397], [22.93043, 58.84072], [22.91243, 58.83565], [22.89443, 58.83565], [22.88003, 58.83228], [22.86563, 58.82046], [22.87643, 58.82046], [22.88363, 58.81708], [22.88723, 58.81201], [22.88723, 58.80357], [22.88723, 58.79006], [22.88363, 58.78837], [22.87283, 58.78837], [22.86203, 58.78162], [22.84403, 58.77655], [22.81523, 58.77655], [22.79003, 58.78162], [22.77923, 58.79175], [22.79003, 58.80188], [22.81163, 58.81033], [22.82603, 58.81877], [22.81883, 58.8289], [22.80083, 58.83059], [22.77923, 58.82383], [22.75403, 58.81539], [22.73603, 58.80695], [22.71443, 58.78162], [22.68203, 58.72421], [22.65323, 58.70226], [22.61003, 58.69044], [22.55603, 58.68706], [22.50203, 58.6955], [22.46242, 58.71577], [22.47322, 58.71914], [22.48042, 58.72421], [22.49842, 58.73772], [22.48402, 58.74785], [22.46602, 58.76642], [22.44802, 58.78669], [22.44442, 58.80357], [22.44442, 58.82721], [22.44082, 58.84072], [22.43002, 58.85254], [22.38322, 58.88294], [22.35442, 58.89138], [22.32562, 58.89644], [22.29322, 58.89476], [22.22842, 58.88631], [22.19602, 58.888], [22.06282, 58.92515], [22.04482, 58.93697], [22.05562, 58.95217], [22.09522, 58.95554]]], [[[23.35163, 58.98256], [23.34083, 58.98425], [23.33003, 58.98256], [23.29763, 58.97074], [23.27963, 58.97074], [23.24363, 58.98087], [23.22203, 58.98425], [23.21843, 58.98256], [23.21483, 58.9775], [23.21123, 58.97243], [23.17523, 58.96905], [23.16443, 58.96905], [23.15003, 58.97412], [23.11763, 59.01633], [23.11403, 59.0214], [23.11763, 59.03322], [23.13203, 59.03997], [23.14643, 59.04504], [23.17163, 59.04673], [23.20763, 59.04335], [23.27963, 59.03322], [23.32283, 59.03828], [23.34443, 59.03997], [23.36243, 59.02815], [23.39123, 59.00789], [23.39483, 58.99607], [23.38403, 58.98087], [23.37323, 58.97581], [23.36243, 58.9775], [23.35163, 58.98256]]], [[[24.48564, 59.57863], [24.50005, 59.59551], [24.51445, 59.59889], [24.53245, 59.58369], [24.55045, 59.55837], [24.54325, 59.54823], [24.51805, 59.54486], [24.48924, 59.56005], [24.48564, 59.57863]]]]}}]}