{"type": "FeatureCollection", "properties": {"source": "Natural Earth 1:10m Admin-0 countries v4.1.0 via world-atlas@2 (countries-10m.json), public domain", "crs": "EPSG:4326 (lon, lat degrees)"}, "features": [{"type": "Feature", "properties": {"part": "mainland", "name_zh": "挪威本土（含沿岸島嶼）", "name_en": "Norway mainland incl. coastal islands", "iso_n3": "578", "n_polygons": 97, "area_km2": 319453.0, "bbox": [4.6422, 57.9931, 31.0773, 71.1656]}, "geometry": {"type": "MultiPolygon", "coordinates": [[[[5.58546, 59.12778], [5.59266, 59.13284], [5.60706, 59.13453], [5.62506, 59.13116], [5.63586, 59.13116], [5.64666, 59.13116], [5.67906, 59.12271], [5.69706, 59.12102], [5.72226, 59.12609], [5.74026, 59.1244], [5.76546, 59.11765], [5.77626, 59.11258], [5.77986, 59.10076], [5.77626, 59.0805], [5.75106, 59.07206], [5.66826, 59.10076], [5.59986, 59.11596], [5.57466, 59.1244], [5.58546, 59.12778]]], [[[5.43425, 59.16662], [5.43065, 59.16999], [5.42705, 59.17506], [5.42345, 59.17844], [5.39465, 59.18857], [5.38385, 59.19532], [5.37665, 59.20714], [5.37665, 59.21896], [5.37665, 59.2274], [5.38385, 59.23416], [5.39465, 59.24091], [5.40545, 59.2426], [5.41265, 59.24091], [5.42705, 59.23585], [5.43065, 59.23247], [5.43785, 59.22909], [5.45225, 59.22234], [5.46305, 59.21052], [5.46665, 59.20376], [5.46665, 59.19701], [5.46305, 59.1835], [5.45225, 59.16324], [5.44145, 59.15817], [5.43425, 59.16155], [5.43065, 59.16493], [5.43425, 59.16662]]], [[[5.93106, 59.26962], [5.95266, 59.28313], [5.98866, 59.29157], [6.01746, 59.29157], [6.07146, 59.28482], [6.10026, 59.27637], [6.09306, 59.26118], [6.05706, 59.24091], [6.00306, 59.23078], [5.95986, 59.2274], [5.93106, 59.24429], [5.93106, 59.26962]]], [[[5.26145, 59.15142], [5.23625, 59.14129], [5.20745, 59.14298], [5.18945, 59.15648], [5.17865, 59.16999], [5.16785, 59.19532], [5.16425, 59.21727], [5.17145, 59.24091], [5.17145, 59.2578], [5.17145, 59.26793], [5.16425, 59.273], [5.17865, 59.29157], [5.22905, 59.28482], [5.18225, 59.32028], [5.17505, 59.33379], [5.17505, 59.34898], [5.18585, 59.35574], [5.20025, 59.36249], [5.20745, 59.37431], [5.18945, 59.38444], [5.17865, 59.40133], [5.18585, 59.41484], [5.20745, 59.41653], [5.24345, 59.36925], [5.25425, 59.34729], [5.26145, 59.34054], [5.27225, 59.33547], [5.27945, 59.33041], [5.28665, 59.32028], [5.28305, 59.31521], [5.27945, 59.31015], [5.27585, 59.30001], [5.27945, 59.29326], [5.29385, 59.28313], [5.31545, 59.273], [5.31905, 59.25611], [5.31905, 59.22909], [5.30105, 59.20545], [5.29745, 59.1683], [5.26145, 59.15142]]], [[[5.27945, 59.69176], [5.31185, 59.70358], [5.30105, 59.71878], [5.29745, 59.73567], [5.29025, 59.74918], [5.26865, 59.75255], [5.27225, 59.73567], [5.26145, 59.73398], [5.23985, 59.74242], [5.22545, 59.75593], [5.22185, 59.75593], [5.21105, 59.75255], [5.20025, 59.74918], [5.19305, 59.74411], [5.18945, 59.73567], [5.18945, 59.7306], [5.19305, 59.72385], [5.19305, 59.71372], [5.18945, 59.7019], [5.16065, 59.68163], [5.15345, 59.66981], [5.16065, 59.65461], [5.17505, 59.66137], [5.19305, 59.67657], [5.20745, 59.68332], [5.19305, 59.66306], [5.18945, 59.6563], [5.18945, 59.64786], [5.19665, 59.64111], [5.20025, 59.63266], [5.19305, 59.62084], [5.20025, 59.61409], [5.19305, 59.60733], [5.18585, 59.60227], [5.17865, 59.5972], [5.15345, 59.59214], [5.15345, 59.59383], [5.14625, 59.60058], [5.13545, 59.60902], [5.12465, 59.62084], [5.11385, 59.63604], [5.11025, 59.65293], [5.11745, 59.68501], [5.13185, 59.71203], [5.15705, 59.73567], [5.18945, 59.75931], [5.14625, 59.75762], [5.12465, 59.76268], [5.11745, 59.77957], [5.10665, 59.76775], [5.08865, 59.76268], [5.07785, 59.76606], [5.07065, 59.78295], [5.07785, 59.79477], [5.08865, 59.80152], [5.09585, 59.80996], [5.09945, 59.82685], [5.10305, 59.82516], [5.11385, 59.82178], [5.11745, 59.8201], [5.12105, 59.82854], [5.12825, 59.83192], [5.13545, 59.83023], [5.14625, 59.82685], [5.13905, 59.84036], [5.10305, 59.86906], [5.11745, 59.87244], [5.12825, 59.87582], [5.15345, 59.87413], [5.16065, 59.86062], [5.16785, 59.85049], [5.19305, 59.8336], [5.20385, 59.83023], [5.21465, 59.83023], [5.22185, 59.82685], [5.22185, 59.81672], [5.22545, 59.80659], [5.23625, 59.8049], [5.25065, 59.8049], [5.26145, 59.80321], [5.27945, 59.77788], [5.29385, 59.76437], [5.30825, 59.75931], [5.31905, 59.75255], [5.33345, 59.72216], [5.34425, 59.71034], [5.30825, 59.69007], [5.29025, 59.68332], [5.26865, 59.68332], [5.26865, 59.69007], [5.27945, 59.69176]]], [[[5.35865, 59.77282], [5.36945, 59.7745], [5.38745, 59.77282], [5.39825, 59.77113], [5.40545, 59.77957], [5.40185, 59.78801], [5.39105, 59.79139], [5.37665, 59.79308], [5.37305, 59.7897], [5.36585, 59.78126], [5.35145, 59.77788], [5.33705, 59.77957], [5.32625, 59.78295], [5.31545, 59.7897], [5.31185, 59.79477], [5.30465, 59.81334], [5.28305, 59.8488], [5.27225, 59.86231], [5.25785, 59.87413], [5.26145, 59.88595], [5.26145, 59.89439], [5.25785, 59.90284], [5.25065, 59.90959], [5.28665, 59.9383], [5.29745, 59.9518], [5.27945, 59.95687], [5.27585, 59.96025], [5.28305, 59.967], [5.29385, 59.97376], [5.30465, 59.97713], [5.31545, 59.97882], [5.32625, 59.97713], [5.33705, 59.97207], [5.34425, 59.96362], [5.38745, 59.95856], [5.41985, 59.9383], [5.44505, 59.91128], [5.46665, 59.88257], [5.48825, 59.86062], [5.49185, 59.85218], [5.49185, 59.82347], [5.49905, 59.80321], [5.48105, 59.78801], [5.42345, 59.75931], [5.39105, 59.75931], [5.36225, 59.76437], [5.35865, 59.77282]]], [[[5.62146, 59.9383], [5.63946, 59.91634], [5.62146, 59.91128], [5.59266, 59.9231], [5.57106, 59.9231], [5.52786, 59.90115], [5.50986, 59.89946], [5.48825, 59.91634], [5.48105, 59.95349], [5.47745, 59.96362], [5.46665, 59.96025], [5.45585, 59.95518], [5.45585, 59.9518], [5.43425, 59.9518], [5.40905, 59.95687], [5.38745, 59.967], [5.37305, 59.97713], [5.36225, 59.99571], [5.37665, 60.00246], [5.44865, 60.00584], [5.45225, 60.00922], [5.44505, 60.02272], [5.44145, 60.03286], [5.44505, 60.0413], [5.45225, 60.04805], [5.46305, 60.05312], [5.46665, 60.05312], [5.47745, 60.04805], [5.48465, 60.04636], [5.49185, 60.04974], [5.49545, 60.05312], [5.50986, 60.05818], [5.51346, 60.05987], [5.57826, 60.06663], [5.58186, 60.06494], [5.58906, 60.06156], [5.59626, 60.05987], [5.60346, 60.06325], [5.60706, 60.06832], [5.60706, 60.07169], [5.61066, 60.07338], [5.61786, 60.07338], [5.64666, 60.08014], [5.65746, 60.07845], [5.66106, 60.06663], [5.66106, 60.01766], [5.65386, 60.00077], [5.60346, 59.96194], [5.60706, 59.95012], [5.62146, 59.9383]]], [[[5.26865, 59.99402], [5.25425, 59.99233], [5.24705, 59.99908], [5.24705, 60.00415], [5.23985, 60.00584], [5.23265, 60.00584], [5.21825, 60.00922], [5.20385, 60.01597], [5.20025, 60.02441], [5.20025, 60.02948], [5.19665, 60.03454], [5.17505, 60.04636], [5.17145, 60.04974], [5.17145, 60.05481], [5.17865, 60.06832], [5.19665, 60.08182], [5.20385, 60.08858], [5.20745, 60.08689], [5.20745, 60.08014], [5.21105, 60.07169], [5.21825, 60.06156], [5.21825, 60.05143], [5.22545, 60.04299], [5.23265, 60.0413], [5.23985, 60.04468], [5.24345, 60.04636], [5.23985, 60.04974], [5.24345, 60.05143], [5.24705, 60.05143], [5.23985, 60.05481], [5.22905, 60.06663], [5.22185, 60.07845], [5.22185, 60.0852], [5.21825, 60.08858], [5.21465, 60.08858], [5.20385, 60.10715], [5.20385, 60.11729], [5.21825, 60.11897], [5.22185, 60.11729], [5.22905, 60.11222], [5.24705, 60.09871], [5.25425, 60.09027], [5.25065, 60.08858], [5.25065, 60.0852], [5.25785, 60.07507], [5.26145, 60.07507], [5.26505, 60.08182], [5.27225, 60.08351], [5.27945, 60.08182], [5.29025, 60.07507], [5.29745, 60.05987], [5.30105, 60.05143], [5.29745, 60.04636], [5.29745, 60.03792], [5.29745, 60.02779], [5.27945, 60.01259], [5.27585, 60.00415], [5.26865, 59.99402]]], [[[5.02385, 60.24562], [5.01665, 60.22029], [4.99145, 60.22535], [4.96625, 60.24393], [4.94825, 60.25913], [4.93745, 60.27432], [4.93745, 60.28614], [4.94105, 60.29121], [4.99145, 60.29627], [5.00585, 60.29627], [5.02385, 60.28614], [5.03825, 60.31316], [5.02025, 60.30809], [5.00585, 60.31316], [4.99505, 60.3216], [4.97705, 60.32667], [4.96985, 60.33342], [4.96625, 60.35875], [4.95905, 60.36888], [4.97345, 60.38408], [4.96985, 60.39252], [4.95905, 60.39759], [4.95545, 60.40603], [4.94465, 60.42967], [4.94825, 60.4398], [4.96985, 60.44318], [4.97705, 60.44149], [4.98065, 60.43643], [5.00225, 60.39928], [5.07065, 60.34693], [5.09225, 60.31991], [5.09945, 60.29796], [5.08145, 60.28614], [5.04905, 60.28614], [5.05985, 60.27601], [5.08505, 60.26081], [5.09945, 60.25068], [5.10305, 60.24224], [5.10665, 60.22873], [5.11025, 60.21522], [5.11025, 60.20003], [5.10305, 60.19158], [5.08505, 60.18821], [5.06705, 60.19158], [5.05625, 60.19327], [5.05265, 60.20847], [5.04545, 60.22535], [5.03465, 60.23717], [5.02385, 60.24562]]], [[[5.20385, 60.44993], [5.20385, 60.43136], [5.19305, 60.41954], [5.13905, 60.40265], [5.12465, 60.40265], [5.11745, 60.41279], [5.11745, 60.42798], [5.12105, 60.43474], [5.13185, 60.44318], [5.07785, 60.455], [5.06345, 60.46513], [5.07065, 60.46851], [5.07425, 60.4702], [5.07785, 60.47189], [5.07785, 60.47864], [5.06345, 60.47695], [5.05985, 60.48202], [5.05985, 60.49215], [5.05265, 60.50228], [5.04545, 60.50566], [5.03105, 60.50397], [5.01665, 60.50059], [5.00585, 60.4989], [4.99145, 60.50566], [4.97705, 60.52423], [4.95905, 60.55969], [4.96985, 60.55463], [4.97705, 60.55463], [4.98065, 60.55294], [5.02745, 60.52254], [5.14985, 60.50059], [5.19305, 60.47189], [5.20385, 60.44993]]], [[[5.63586, 60.47189], [5.62506, 60.46682], [5.61786, 60.45669], [5.61066, 60.44825], [5.61066, 60.44318], [5.52786, 60.43474], [5.50266, 60.43643], [5.48465, 60.44487], [5.45945, 60.46682], [5.44505, 60.47189], [5.43425, 60.47695], [5.39105, 60.51241], [5.32265, 60.54618], [5.33705, 60.55125], [5.38745, 60.55294], [5.40905, 60.558], [5.41625, 60.56138], [5.42345, 60.57151], [5.43425, 60.57827], [5.47385, 60.59346], [5.52066, 60.60697], [5.54226, 60.6171], [5.57106, 60.62555], [5.58186, 60.6323], [5.58906, 60.64243], [5.58906, 60.66607], [5.59266, 60.6762], [5.60706, 60.68802], [5.63586, 60.69309], [5.66466, 60.68802], [5.68626, 60.6762], [5.68626, 60.61204], [5.68626, 60.59515], [5.67546, 60.54618], [5.67546, 60.5293], [5.68266, 60.48202], [5.67546, 60.47357], [5.66466, 60.4702], [5.63586, 60.47189]]], [[[4.80065, 60.58671], [4.78265, 60.59346], [4.77905, 60.59853], [4.78985, 60.59684], [4.78985, 60.60022], [4.78625, 60.61204], [4.78625, 60.61542], [4.78985, 60.61373], [4.79345, 60.61373], [4.79345, 60.61542], [4.79345, 60.6171], [4.78985, 60.63061], [4.78985, 60.63737], [4.78625, 60.64412], [4.78625, 60.64919], [4.78625, 60.65594], [4.78985, 60.66607], [4.80065, 60.66776], [4.81145, 60.66101], [4.82225, 60.65594], [4.82225, 60.65088], [4.82225, 60.64581], [4.82585, 60.64412], [4.82945, 60.64074], [4.82945, 60.63568], [4.82585, 60.63061], [4.82945, 60.62892], [4.83665, 60.63061], [4.84745, 60.62892], [4.85105, 60.62048], [4.85105, 60.61373], [4.84385, 60.61204], [4.84025, 60.60697], [4.84385, 60.59009], [4.83665, 60.58671], [4.82225, 60.58502], [4.80065, 60.58671]]], [[[4.87265, 60.87546], [4.87265, 60.8839], [4.86905, 60.88728], [4.86545, 60.88559], [4.86185, 60.8839], [4.84385, 60.89065], [4.83305, 60.89572], [4.82945, 60.90247], [4.83305, 60.90923], [4.82945, 60.91429], [4.82585, 60.92105], [4.82225, 60.91936], [4.81865, 60.91092], [4.80785, 60.9126], [4.80065, 60.91767], [4.78985, 60.91767], [4.78265, 60.91767], [4.78265, 60.92105], [4.78265, 60.92442], [4.77545, 60.92949], [4.78265, 60.93456], [4.79345, 60.93962], [4.83665, 60.943], [4.84385, 60.93962], [4.83665, 60.93287], [4.82585, 60.92949], [4.85465, 60.93287], [4.86905, 60.93287], [4.88345, 60.92949], [4.88345, 60.92611], [4.87625, 60.92611], [4.87265, 60.92442], [4.87265, 60.91767], [4.88705, 60.91429], [4.89785, 60.90754], [4.92305, 60.87883], [4.92305, 60.87039], [4.91945, 60.8687], [4.92305, 60.86701], [4.92665, 60.86364], [4.93025, 60.86195], [4.93025, 60.85857], [4.92665, 60.85519], [4.91945, 60.85519], [4.89785, 60.85857], [4.87985, 60.86532], [4.87265, 60.87546]]], [[[4.69985, 61.0021], [4.70705, 61.01054], [4.70705, 61.01899], [4.69625, 61.00717], [4.69265, 61.0021], [4.68905, 60.99872], [4.68185, 60.99703], [4.67105, 61.00379], [4.66745, 61.01392], [4.66385, 61.01899], [4.65665, 61.01899], [4.64945, 61.02574], [4.64585, 61.03587], [4.64585, 61.046], [4.64945, 61.05276], [4.64945, 61.05445], [4.64225, 61.05782], [4.64585, 61.05951], [4.66025, 61.06627], [4.66385, 61.06795], [4.66745, 61.06795], [4.67465, 61.07302], [4.67825, 61.07977], [4.68905, 61.08315], [4.69985, 61.08146], [4.70705, 61.0764], [4.71065, 61.06795], [4.71425, 61.05951], [4.71065, 61.05445], [4.71065, 61.04769], [4.72145, 61.04094], [4.73225, 61.03587], [4.73945, 61.02743], [4.73945, 61.01392], [4.73225, 61.00041], [4.71785, 60.99028], [4.70705, 60.98859], [4.70345, 60.99366], [4.69985, 61.0021]]], [[[4.88345, 61.06964], [4.87625, 61.08991], [4.85825, 61.10173], [4.85465, 61.09666], [4.82585, 61.07977], [4.82225, 61.07809], [4.81505, 61.06964], [4.81505, 61.0612], [4.81145, 61.05445], [4.80425, 61.046], [4.79705, 61.06289], [4.79705, 61.08315], [4.79705, 61.11861], [4.79705, 61.12537], [4.78985, 61.13719], [4.78985, 61.14563], [4.79345, 61.15407], [4.81865, 61.15576], [4.82945, 61.16251], [4.85105, 61.12874], [4.86185, 61.12199], [4.87265, 61.13719], [4.86905, 61.15069], [4.84385, 61.19797], [4.86185, 61.20304], [4.87265, 61.1946], [4.88705, 61.16251], [4.89065, 61.14563], [4.89425, 61.13719], [4.90145, 61.13887], [4.90505, 61.14563], [4.90505, 61.15576], [4.90505, 61.1642], [4.90145, 61.16927], [4.90865, 61.16927], [4.91945, 61.17096], [4.92665, 61.17265], [4.93385, 61.17771], [4.93025, 61.18109], [4.92305, 61.18615], [4.91945, 61.19122], [4.93385, 61.19291], [4.94465, 61.18953], [4.95185, 61.18447], [4.95905, 61.17771], [4.98785, 61.1203], [4.98425, 61.1051], [4.96625, 61.09159], [4.92665, 61.0764], [4.90865, 61.06458], [4.89425, 61.05613], [4.88345, 61.06964]]], [[[4.86905, 61.71468], [4.87985, 61.7113], [4.87625, 61.70117], [4.88345, 61.6961], [4.89065, 61.68766], [4.89425, 61.68428], [4.90505, 61.67584], [4.90505, 61.66064], [4.90145, 61.6522], [4.90145, 61.65389], [4.89785, 61.65896], [4.89065, 61.66233], [4.88345, 61.66402], [4.86545, 61.65896], [4.85825, 61.66233], [4.85465, 61.66402], [4.84745, 61.66571], [4.84025, 61.66909], [4.83665, 61.67415], [4.83305, 61.68091], [4.82945, 61.68935], [4.83305, 61.6961], [4.84025, 61.69948], [4.84745, 61.70117], [4.85825, 61.70286], [4.86185, 61.70792], [4.86905, 61.71468]]], [[[5.13905, 61.83795], [5.13905, 61.84808], [5.12465, 61.85652], [5.09225, 61.82781], [5.05265, 61.80924], [5.01305, 61.79573], [4.91585, 61.78053], [4.89065, 61.7856], [4.87265, 61.8008], [4.86905, 61.81262], [4.87985, 61.81431], [4.90145, 61.80755], [4.90865, 61.81093], [4.91585, 61.81599], [4.92665, 61.82781], [4.89785, 61.82781], [4.82945, 61.83457], [4.80425, 61.84132], [4.82225, 61.85314], [4.84745, 61.86327], [4.86545, 61.87341], [4.86545, 61.8886], [4.90865, 61.89873], [4.95185, 61.89705], [5.22185, 61.84808], [5.20385, 61.83457], [5.17505, 61.82613], [5.11745, 61.82106], [5.13185, 61.82781], [5.13905, 61.83795]]], [[[5.11385, 61.93757], [5.09585, 61.92744], [5.07425, 61.92744], [5.04185, 61.93419], [5.03465, 61.93588], [5.02025, 61.93926], [5.01665, 61.94264], [5.01665, 61.95277], [5.02385, 61.95952], [5.03825, 61.96121], [5.04545, 61.95615], [5.04905, 61.95277], [5.05625, 61.95952], [5.05265, 61.97303], [4.99865, 61.99667], [4.98785, 62.00511], [4.98425, 62.01018], [4.98425, 62.01862], [4.98425, 62.02707], [4.98425, 62.03382], [4.99145, 62.03551], [5.00945, 62.03044], [5.06705, 62.00849], [5.08145, 62.0068], [5.08505, 62.01018], [5.08865, 62.01525], [5.10305, 62.022], [5.12105, 62.02538], [5.13185, 62.02031], [5.15345, 61.99836], [5.14985, 61.98823], [5.13905, 61.97979], [5.12825, 61.9629], [5.12825, 61.95783], [5.12465, 61.94939], [5.11385, 61.93757]]], [[[5.78706, 62.23814], [5.79066, 62.23307], [5.79426, 62.23138], [5.79786, 62.23138], [5.79066, 62.21956], [5.79066, 62.2145], [5.77986, 62.20774], [5.70066, 62.19086], [5.54586, 62.19255], [5.53866, 62.19424], [5.53146, 62.19761], [5.52426, 62.20437], [5.51706, 62.21281], [5.51346, 62.21956], [5.50266, 62.22632], [5.58186, 62.21788], [5.60706, 62.22632], [5.58906, 62.23138], [5.56746, 62.23645], [5.53146, 62.23983], [5.51706, 62.2432], [5.52426, 62.25165], [5.53866, 62.2584], [5.55666, 62.26009], [5.55306, 62.26347], [5.55306, 62.26684], [5.54946, 62.27022], [5.54226, 62.2736], [5.56386, 62.29217], [5.59986, 62.29724], [5.67186, 62.29386], [5.67906, 62.29555], [5.68626, 62.30062], [5.69706, 62.3023], [5.70426, 62.29724], [5.71146, 62.29048], [5.71866, 62.28542], [5.72586, 62.28204], [5.73666, 62.28035], [5.77986, 62.28035], [5.80146, 62.27698], [5.80506, 62.26684], [5.79426, 62.26347], [5.79066, 62.2584], [5.78706, 62.25165], [5.78346, 62.2432], [5.78706, 62.23814]]], [[[6.06786, 62.34283], [6.05706, 62.34114], [6.03546, 62.33439], [5.87346, 62.25502], [5.81226, 62.24489], [5.81946, 62.25671], [5.84106, 62.27022], [5.85186, 62.28035], [5.84466, 62.28204], [5.83746, 62.28542], [5.83026, 62.28711], [5.84106, 62.31244], [5.83026, 62.32932], [5.81226, 62.34283], [5.80506, 62.36309], [5.81586, 62.38504], [5.83746, 62.40362], [5.86266, 62.41544], [5.88786, 62.42388], [5.91666, 62.43064], [5.94546, 62.42726], [5.96706, 62.41713], [5.98866, 62.39686], [5.99226, 62.38673], [5.99586, 62.37491], [5.99946, 62.36647], [6.01386, 62.36309], [6.02826, 62.35972], [6.06786, 62.3479], [6.07866, 62.34114], [6.06786, 62.34283]]], [[[5.67906, 62.35465], [5.68626, 62.3614], [5.69706, 62.36478], [5.71506, 62.36478], [5.71866, 62.36309], [5.72226, 62.35972], [5.72946, 62.3614], [5.74026, 62.3614], [5.74386, 62.34958], [5.73306, 62.33776], [5.73306, 62.3327], [5.74026, 62.3327], [5.72946, 62.32594], [5.70066, 62.32088], [5.67546, 62.32257], [5.66826, 62.32763], [5.66826, 62.32932], [5.66106, 62.32763], [5.65386, 62.32426], [5.65026, 62.31919], [5.63586, 62.31919], [5.61426, 62.32426], [5.60346, 62.32932], [5.61066, 62.33439], [5.62866, 62.34114], [5.65386, 62.34452], [5.67186, 62.34452], [5.67906, 62.34621], [5.67906, 62.35465]]], [[[5.52426, 62.36985], [5.54586, 62.36816], [5.56386, 62.3614], [5.58186, 62.35803], [5.59626, 62.35465], [5.59626, 62.34452], [5.59266, 62.33945], [5.57826, 62.33608], [5.54226, 62.33101], [5.52066, 62.33439], [5.51706, 62.34114], [5.51346, 62.34621], [5.51706, 62.34958], [5.50986, 62.36478], [5.52426, 62.36985]]], [[[6.16506, 62.39686], [6.08946, 62.40193], [6.02466, 62.43739], [6.20106, 62.44414], [6.21546, 62.44077], [6.26226, 62.42388], [6.30186, 62.42557], [6.31986, 62.42219], [6.33426, 62.41037], [6.32706, 62.41037], [6.32346, 62.40868], [6.32346, 62.407], [6.31986, 62.40362], [6.16506, 62.39686]]], [[[6.66907, 62.66028], [6.66547, 62.67041], [6.66187, 62.67548], [6.65467, 62.67717], [6.64747, 62.67886], [6.64747, 62.68392], [6.65467, 62.68561], [6.66547, 62.68899], [6.67267, 62.69237], [6.67987, 62.69743], [6.67627, 62.71769], [6.68347, 62.72951], [6.70147, 62.73627], [6.72307, 62.73289], [6.71587, 62.72614], [6.74467, 62.72276], [6.85267, 62.7464], [6.87787, 62.74302], [6.90307, 62.73289], [6.92107, 62.71769], [6.91387, 62.69743], [6.74827, 62.67717], [6.68347, 62.65691], [6.67267, 62.65522], [6.66907, 62.66028]]], [[[6.88867, 62.8055], [6.89947, 62.79875], [6.90307, 62.7903], [6.89947, 62.78017], [6.88507, 62.77511], [6.86707, 62.78017], [6.83827, 62.79368], [6.78427, 62.80719], [6.76987, 62.81732], [6.77347, 62.82239], [6.78427, 62.82407], [6.80587, 62.82239], [6.78427, 62.83252], [6.77707, 62.83927], [6.77707, 62.8494], [6.79147, 62.85785], [6.80587, 62.85447], [6.83107, 62.84096], [6.85987, 62.84434], [6.89227, 62.85447], [6.92467, 62.85616], [6.94267, 62.84096], [6.94267, 62.82576], [6.89587, 62.81901], [6.88147, 62.80719], [6.88867, 62.8055]]], [[[7.62308, 62.98955], [7.60868, 62.9828], [7.59788, 62.97436], [7.52588, 62.94565], [7.50788, 62.94227], [7.48987, 62.94565], [7.48987, 62.94734], [7.47187, 62.96254], [7.46467, 62.96591], [7.39267, 62.97942], [7.37467, 62.98787], [7.36747, 62.99631], [7.37467, 63.00644], [7.39627, 63.0132], [7.43587, 63.01995], [7.42147, 63.02839], [7.41787, 63.03684], [7.42147, 63.04359], [7.43587, 63.04697], [7.41787, 63.05372], [7.41067, 63.05541], [7.39987, 63.05541], [7.39987, 63.06048], [7.42507, 63.06048], [7.48987, 63.06723], [7.47547, 63.05541], [7.50428, 63.05372], [7.52588, 63.04697], [7.56548, 63.01995], [7.57268, 63.0267], [7.57628, 63.03684], [7.57628, 63.04359], [7.56188, 63.05034], [7.57268, 63.0571], [7.59068, 63.06216], [7.59428, 63.06385], [7.60508, 63.07905], [7.60508, 63.08918], [7.58348, 63.1162], [7.61948, 63.11789], [7.63748, 63.1162], [7.64828, 63.10944], [7.64828, 63.09256], [7.65188, 63.08074], [7.64828, 63.06892], [7.64108, 63.05541], [7.65188, 63.05203], [7.66268, 63.0419], [7.68068, 63.01995], [7.69868, 63.00982], [7.70588, 63.00644], [7.68068, 62.99631], [7.66268, 62.99293], [7.62308, 62.98955]]], [[[7.78868, 63.01995], [7.77788, 63.01995], [7.77068, 63.02333], [7.75628, 63.03177], [7.75268, 63.03346], [7.73468, 63.03684], [7.68068, 63.05541], [7.68068, 63.06048], [7.69868, 63.06216], [7.70588, 63.0723], [7.70948, 63.08243], [7.71308, 63.08918], [7.72028, 63.09087], [7.72748, 63.09425], [7.73468, 63.09594], [7.77788, 63.08243], [7.84988, 63.09762], [7.88588, 63.09931], [7.91468, 63.08243], [7.90028, 63.06216], [7.87508, 63.04528], [7.84268, 63.03177], [7.80668, 63.02502], [7.78868, 63.01995]]], [[[8.01908, 63.13815], [7.97588, 63.14322], [7.92908, 63.17868], [7.93628, 63.18543], [7.99028, 63.19894], [8.04788, 63.23102], [8.07668, 63.24115], [8.11268, 63.23946], [8.13428, 63.22933], [8.15588, 63.21076], [8.17028, 63.19218], [8.16668, 63.17868], [8.18108, 63.16686], [8.18828, 63.16517], [8.18828, 63.15672], [8.01908, 63.13815]]], [[[7.77788, 63.4117], [7.81028, 63.42352], [7.83908, 63.42859], [7.89668, 63.43196], [7.92548, 63.43703], [7.97588, 63.46573], [8.00468, 63.47249], [8.06948, 63.47249], [8.10188, 63.46405], [8.12348, 63.42521], [8.17028, 63.40663], [8.18108, 63.38975], [8.15228, 63.35935], [8.13788, 63.35091], [8.12708, 63.34753], [8.09828, 63.34247], [8.09468, 63.33909], [8.09108, 63.33065], [8.08748, 63.32896], [8.03708, 63.32896], [8.02268, 63.32558], [7.99388, 63.31545], [7.97588, 63.31545], [7.97228, 63.32558], [7.93268, 63.33402], [7.91468, 63.34247], [7.93268, 63.34584], [7.99748, 63.34247], [7.96508, 63.3526], [7.80668, 63.37117], [7.78508, 63.38299], [7.79228, 63.40326], [7.78868, 63.40494], [7.77788, 63.4117]]], [[[11.05391, 59.0366], [11.04671, 59.02646], [11.03231, 59.0214], [11.01791, 59.01971], [11.01431, 59.0214], [11.01071, 59.02478], [11.01071, 59.02984], [10.99991, 59.02984], [10.99271, 59.03322], [10.99271, 59.04673], [10.99271, 59.06192], [10.99271, 59.07712], [11.00351, 59.08725], [11.02151, 59.09063], [11.03591, 59.08894], [11.03951, 59.0805], [11.03951, 59.07374], [11.04671, 59.07374], [11.07191, 59.07543], [11.06831, 59.07712], [11.07191, 59.07881], [11.07551, 59.0805], [11.08271, 59.07712], [11.08271, 59.06868], [11.07551, 59.05855], [11.06471, 59.05179], [11.05031, 59.04673], [11.05031, 59.04166], [11.05391, 59.0366]]], [[[10.85591, 59.07374], [10.84511, 59.07543], [10.84151, 59.0805], [10.83791, 59.08725], [10.83071, 59.09907], [10.83431, 59.10414], [10.84151, 59.1092], [10.85591, 59.11596], [10.86671, 59.11596], [10.86671, 59.11258], [10.86671, 59.1092], [10.85951, 59.10583], [10.85591, 59.10245], [10.85591, 59.09907], [10.87031, 59.10583], [10.89911, 59.11596], [10.90991, 59.11596], [10.91351, 59.11089], [10.91351, 59.10076], [10.90631, 59.09063], [10.88471, 59.07206], [10.87751, 59.07206], [10.87391, 59.07543], [10.87031, 59.07712], [10.85591, 59.07374]]], [[[8.18108, 63.20063], [8.17388, 63.20907], [8.16668, 63.21414], [8.17028, 63.22089], [8.18828, 63.22596], [8.20988, 63.22764], [8.23508, 63.22258], [8.27828, 63.20063], [8.28908, 63.19725], [8.30708, 63.18881], [8.31428, 63.18205], [8.31788, 63.17699], [8.32508, 63.17192], [8.30708, 63.16686], [8.23148, 63.1601], [8.20988, 63.16179], [8.19548, 63.16686], [8.19188, 63.1753], [8.18108, 63.20063]]], [[[8.26388, 63.23271], [8.27108, 63.24284], [8.27468, 63.26817], [8.27828, 63.27492], [8.28908, 63.27661], [8.29988, 63.27492], [8.30708, 63.26986], [8.31428, 63.2631], [8.32508, 63.25973], [8.33588, 63.2631], [8.34668, 63.26648], [8.35388, 63.26648], [8.36828, 63.25466], [8.38268, 63.23609], [8.39708, 63.22764], [8.40788, 63.23946], [8.40068, 63.25635], [8.40068, 63.27155], [8.41148, 63.28337], [8.42948, 63.28843], [8.44748, 63.28337], [8.45828, 63.27324], [8.48348, 63.24622], [8.54829, 63.2192], [8.57349, 63.19894], [8.56629, 63.17868], [8.42228, 63.16179], [8.37548, 63.16517], [8.34668, 63.17699], [8.29268, 63.21582], [8.26388, 63.23271]]], [[[8.57349, 63.45898], [8.50509, 63.43365], [8.47628, 63.43196], [8.40788, 63.43196], [8.38988, 63.43365], [8.34668, 63.45223], [8.34308, 63.45391], [8.34308, 63.4556], [8.33948, 63.45898], [8.33228, 63.45898], [8.32508, 63.45729], [8.32148, 63.45223], [8.31788, 63.44716], [8.31428, 63.44547], [8.29988, 63.44547], [8.28908, 63.44885], [8.28188, 63.4556], [8.28548, 63.46573], [8.27828, 63.46573], [8.28908, 63.486], [8.29988, 63.50119], [8.31788, 63.51301], [8.41508, 63.55861], [8.43668, 63.56198], [8.61669, 63.57043], [8.69229, 63.56367], [8.71029, 63.56367], [8.72469, 63.56705], [8.68149, 63.57887], [8.58429, 63.58731], [8.54469, 63.60251], [8.56629, 63.61264], [8.58429, 63.61433], [8.62029, 63.60926], [8.78949, 63.63966], [8.82909, 63.63966], [8.83269, 63.61602], [8.84709, 63.61602], [8.85429, 63.61939], [8.85789, 63.62784], [8.86149, 63.63966], [8.86869, 63.64641], [8.88669, 63.64979], [8.91909, 63.65148], [8.95149, 63.65823], [8.96589, 63.65654], [8.97669, 63.64472], [8.97309, 63.64472], [8.96589, 63.63966], [8.95869, 63.63459], [8.95509, 63.63121], [8.96229, 63.62446], [8.97309, 63.62108], [8.98749, 63.59238], [9.01629, 63.59744], [9.04869, 63.60757], [9.08109, 63.60589], [9.12069, 63.58225], [9.12429, 63.57718], [9.12429, 63.57211], [9.12789, 63.56874], [9.13869, 63.56705], [9.17469, 63.56705], [9.17469, 63.56198], [9.14229, 63.55523], [9.10629, 63.53328], [8.85789, 63.48769], [8.71749, 63.48431], [8.66349, 63.46911], [8.57349, 63.45898]]], [[[9.01269, 63.62615], [9.02709, 63.62953], [9.03069, 63.6329], [9.03069, 63.63797], [9.03789, 63.64472], [9.04149, 63.64979], [9.04149, 63.65485], [9.04869, 63.65992], [9.05949, 63.66161], [9.08469, 63.66161], [9.10629, 63.65992], [9.11709, 63.65485], [9.12069, 63.65148], [9.12429, 63.64979], [9.14589, 63.65317], [9.14949, 63.65148], [9.15669, 63.6481], [9.16029, 63.6481], [9.16749, 63.64641], [9.17109, 63.64135], [9.16389, 63.63459], [9.13149, 63.62784], [9.10989, 63.62108], [9.07749, 63.61264], [9.03069, 63.61771], [9.01269, 63.62615]]], [[[8.72829, 63.77981], [8.71029, 63.77981], [8.68869, 63.77474], [8.67429, 63.76799], [8.68149, 63.77981], [8.73549, 63.80851], [8.75349, 63.80176], [8.76789, 63.80514], [8.78589, 63.81189], [8.80389, 63.81527], [8.80389, 63.81189], [8.80029, 63.80851], [8.79669, 63.80514], [8.79309, 63.80176], [8.79309, 63.79501], [8.80389, 63.79163], [8.81109, 63.7815], [8.81109, 63.76123], [8.81829, 63.74941], [8.82189, 63.74266], [8.82549, 63.73422], [8.82549, 63.71902], [8.79309, 63.69876], [8.74269, 63.68863], [8.54469, 63.67681], [8.47628, 63.66499], [8.45468, 63.67174], [8.52669, 63.692], [8.46908, 63.68525], [8.45468, 63.67681], [8.44028, 63.68525], [8.41508, 63.68356], [8.36108, 63.67174], [8.33588, 63.66836], [8.31428, 63.66836], [8.29268, 63.67343], [8.27108, 63.68525], [8.33228, 63.70213], [8.51949, 63.71902], [8.74269, 63.77474], [8.72829, 63.77981]]], [[[9.8551, 64.00946], [9.8551, 64.01283], [9.8731, 64.01621], [9.8803, 64.01959], [9.8767, 64.02296], [9.8659, 64.02296], [9.8551, 64.02296], [9.8479, 64.02634], [9.8443, 64.0331], [9.8515, 64.03816], [9.8767, 64.03816], [9.8803, 64.04323], [9.8875, 64.04829], [9.9019, 64.04492], [9.9163, 64.03647], [9.9199, 64.03141], [9.9199, 64.02803], [9.9307, 64.02803], [9.9415, 64.02296], [9.9451, 64.01114], [9.9271, 64.0027], [9.9091, 63.99764], [9.8911, 63.99764], [9.8803, 64.0027], [9.8659, 64.00608], [9.8551, 64.00946]]], [[[11.31671, 64.48732], [11.29871, 64.49745], [11.28431, 64.51265], [11.24831, 64.51603], [11.17991, 64.50759], [11.12951, 64.55655], [11.14031, 64.57175], [11.16911, 64.57344], [11.22311, 64.57006], [11.19071, 64.59539], [11.08271, 64.58864], [11.04311, 64.60046], [11.03591, 64.61397], [11.04311, 64.63085], [11.05391, 64.64436], [11.06831, 64.65111], [11.08631, 64.6528], [11.10431, 64.64605], [11.14391, 64.63085], [11.23031, 64.61059], [11.26991, 64.59201], [11.28791, 64.55824], [11.31311, 64.53967], [11.42471, 64.53967], [11.44991, 64.51434], [11.43911, 64.50759], [11.43191, 64.49745], [11.41751, 64.47213], [11.39231, 64.48226], [11.31671, 64.48732]]], [[[11.43191, 64.54305], [11.41391, 64.54642], [11.38511, 64.55318], [11.35271, 64.565], [11.34551, 64.57344], [11.34911, 64.58188], [11.35271, 64.58695], [11.36711, 64.59033], [11.36711, 64.60383], [11.35991, 64.62747], [11.36711, 64.63423], [11.39231, 64.61059], [11.38871, 64.62072], [11.39231, 64.62579], [11.40311, 64.62241], [11.44271, 64.59539], [11.45351, 64.5937], [11.46431, 64.58864], [11.47151, 64.57006], [11.48231, 64.56331], [11.47871, 64.55655], [11.46431, 64.55149], [11.43911, 64.5498], [11.43551, 64.54811], [11.43911, 64.54305], [11.43191, 64.54305]]], [[[11.32031, 64.60383], [11.31311, 64.60046], [11.29871, 64.60383], [11.28071, 64.61228], [11.26631, 64.62241], [11.25551, 64.63423], [11.24471, 64.63929], [11.23751, 64.63929], [11.23031, 64.63592], [11.23031, 64.63423], [11.21951, 64.63423], [11.17271, 64.63761], [11.16911, 64.64436], [11.18351, 64.6528], [11.17991, 64.65787], [11.16911, 64.65956], [11.17271, 64.66294], [11.17271, 64.66969], [11.18711, 64.67307], [11.30231, 64.69164], [11.31671, 64.68995], [11.31671, 64.68151], [11.34191, 64.67813], [11.35631, 64.668], [11.34911, 64.65111], [11.34551, 64.63929], [11.34191, 64.62916], [11.34191, 64.62241], [11.33831, 64.62072], [11.33471, 64.61734], [11.32751, 64.61397], [11.32751, 64.6089], [11.32031, 64.60383]]], [[[10.82711, 64.85712], [11.08991, 64.94999], [11.10071, 64.95337], [11.11511, 64.95168], [11.14031, 64.94155], [11.16551, 64.93648], [11.17991, 64.93142], [11.19431, 64.92466], [11.19791, 64.91453], [11.20511, 64.90947], [11.26631, 64.89934], [11.26631, 64.89427], [11.26631, 64.89258], [11.26271, 64.89258], [11.25911, 64.89089], [11.21591, 64.86556], [11.17631, 64.84868], [11.13311, 64.83855], [11.07911, 64.83517], [11.08631, 64.8453], [11.08631, 64.85037], [11.07911, 64.85374], [11.06831, 64.85543], [11.05751, 64.85374], [11.04671, 64.85037], [11.04671, 64.85712], [11.06111, 64.86219], [11.07911, 64.8757], [11.09351, 64.8892], [11.08991, 64.90102], [11.08271, 64.89765], [11.00711, 64.89934], [10.93871, 64.87401], [10.90631, 64.85712], [10.87751, 64.85206], [10.84871, 64.84868], [10.82711, 64.85037], [10.82711, 64.85712]]], [[[10.75151, 64.9044], [10.76591, 64.91791], [10.78391, 64.92466], [10.85231, 64.92466], [10.87031, 64.92804], [10.92431, 64.94155], [10.96391, 64.95675], [11.03231, 64.97363], [11.03231, 64.98883], [11.06111, 64.99052], [11.09351, 64.98376], [11.11511, 64.97363], [11.11151, 64.97026], [11.10791, 64.96857], [11.10431, 64.96688], [10.96391, 64.91791], [10.89911, 64.90778], [10.84151, 64.87738], [10.81631, 64.86894], [10.73711, 64.85037], [10.74071, 64.8605], [10.74431, 64.86388], [10.71191, 64.86388], [10.72991, 64.87232], [10.74071, 64.88752], [10.75151, 64.9044]]], [[[11.67312, 65.06819], [11.68752, 65.06819], [11.70192, 65.06482], [11.69832, 65.05806], [11.68392, 65.05131], [11.66952, 65.04455], [11.65872, 65.04286], [11.65152, 65.04624], [11.65512, 65.05131], [11.65152, 65.05806], [11.65152, 65.05975], [11.65872, 65.06482], [11.65152, 65.06482], [11.62632, 65.05806], [11.60472, 65.04793], [11.57952, 65.04286], [11.55792, 65.04286], [11.51832, 65.05468], [11.51832, 65.05806], [11.52552, 65.06144], [11.52912, 65.06313], [11.52552, 65.06482], [11.52912, 65.07495], [11.53272, 65.08508], [11.53992, 65.09183], [11.55432, 65.0969], [11.56512, 65.10365], [11.57952, 65.11041], [11.66232, 65.11885], [11.68752, 65.11716], [11.70552, 65.11379], [11.71992, 65.10872], [11.72712, 65.10703], [11.73072, 65.10872], [11.73432, 65.1121], [11.74152, 65.11547], [11.76312, 65.11885], [11.77752, 65.11885], [11.77752, 65.11041], [11.76672, 65.10197], [11.74512, 65.09521], [11.70912, 65.0817], [11.68752, 65.07664], [11.67312, 65.07157], [11.67312, 65.06819]]], [[[12.15552, 65.05468], [12.13392, 65.05637], [12.09072, 65.0665], [12.06912, 65.06988], [12.04752, 65.06988], [12.00072, 65.07495], [11.97912, 65.08339], [11.99352, 65.08677], [12.03312, 65.08339], [12.04752, 65.08508], [12.04752, 65.09183], [12.04392, 65.10028], [12.04392, 65.10703], [12.06192, 65.11716], [12.10152, 65.12392], [12.12312, 65.13067], [12.10872, 65.12898], [12.09792, 65.13067], [12.09432, 65.13574], [12.08712, 65.14418], [12.09072, 65.14925], [12.09432, 65.16107], [12.09792, 65.17457], [12.09432, 65.17795], [12.11232, 65.19315], [12.14112, 65.20328], [12.16632, 65.21172], [12.19152, 65.21341], [12.20952, 65.20666], [12.24192, 65.17795], [12.27072, 65.16444], [12.25992, 65.14756], [12.22392, 65.12392], [12.24912, 65.11885], [12.28512, 65.11716], [12.31032, 65.11041], [12.29952, 65.0969], [12.27072, 65.08001], [12.23112, 65.06819], [12.15552, 65.05468]]], [[[12.39312, 65.36032], [12.37872, 65.35356], [12.36792, 65.34343], [12.35352, 65.33668], [12.33552, 65.33161], [12.23832, 65.32317], [12.20952, 65.32486], [12.20592, 65.31979], [12.20952, 65.30291], [12.22032, 65.30122], [12.23472, 65.29109], [12.24912, 65.28095], [12.23472, 65.27589], [12.22032, 65.27082], [12.19512, 65.25225], [12.18432, 65.24718], [12.07992, 65.2151], [12.05472, 65.22017], [12.07632, 65.23367], [12.09432, 65.25563], [12.12312, 65.30291], [12.11232, 65.30122], [12.10152, 65.30291], [12.09072, 65.30459], [12.07992, 65.30797], [12.09792, 65.32486], [12.10872, 65.34343], [12.12312, 65.35694], [12.14112, 65.36369], [12.15552, 65.36201], [12.16992, 65.35356], [12.18072, 65.35019], [12.18792, 65.35525], [12.20232, 65.37214], [12.20952, 65.3772], [12.20952, 65.38565], [12.18432, 65.38396], [12.17712, 65.38565], [12.17352, 65.38565], [12.16632, 65.39071], [12.15912, 65.39578], [12.17352, 65.40253], [12.20952, 65.42617], [12.26712, 65.44981], [12.32832, 65.4667], [12.32112, 65.47514], [12.31752, 65.48021], [12.31392, 65.48696], [12.31392, 65.4954], [12.25992, 65.47345], [12.22752, 65.46839], [12.19872, 65.47345], [12.23112, 65.48696], [12.20592, 65.48696], [12.23112, 65.51229], [12.24192, 65.5258], [12.24552, 65.541], [12.23832, 65.54268], [12.23112, 65.54775], [12.22392, 65.54944], [12.24552, 65.55957], [12.25992, 65.57477], [12.27432, 65.58152], [12.29592, 65.56632], [12.31752, 65.541], [12.32472, 65.53255], [12.33552, 65.52749], [12.38592, 65.51398], [12.39672, 65.50722], [12.44352, 65.4667], [12.44712, 65.45825], [12.44712, 65.43799], [12.45072, 65.42617], [12.46152, 65.41266], [12.47592, 65.40253], [12.49032, 65.39747], [12.50833, 65.39747], [12.49032, 65.38733], [12.45792, 65.38227], [12.44352, 65.37045], [12.39312, 65.36032]]], [[[11.92512, 65.59672], [11.91792, 65.58996], [11.90712, 65.58996], [11.90352, 65.59503], [11.89992, 65.60178], [11.88912, 65.60347], [11.87832, 65.60178], [11.86752, 65.59841], [11.86032, 65.59841], [11.84952, 65.60347], [11.86752, 65.61023], [11.84592, 65.6136], [11.78112, 65.60685], [11.75952, 65.61867], [11.76672, 65.63556], [11.78472, 65.66088], [11.80992, 65.68284], [11.82432, 65.69297], [11.89272, 65.70648], [11.92512, 65.70816], [11.95392, 65.69634], [11.96472, 65.69634], [11.98272, 65.69972], [11.99712, 65.69972], [12.00432, 65.68959], [12.00072, 65.67777], [11.98632, 65.6727], [11.95752, 65.66426], [11.97192, 65.64906], [11.97552, 65.64231], [11.97192, 65.63218], [11.95752, 65.62205], [11.92512, 65.59672]]], [[[12.67393, 65.95301], [12.62353, 65.94288], [12.49392, 65.8804], [12.46512, 65.87364], [12.42912, 65.87027], [12.44352, 65.87871], [12.45792, 65.88209], [12.47232, 65.88715], [12.47952, 65.89897], [12.36792, 65.89222], [12.38232, 65.90573], [12.42912, 65.93275], [12.44352, 65.94457], [12.46152, 65.96989], [12.47232, 65.98171], [12.49032, 65.99016], [12.60193, 66.02224], [12.62713, 66.02224], [12.64873, 66.01549], [12.61993, 65.99353], [12.60913, 65.98003], [12.61633, 65.97496], [12.63433, 65.97665], [12.65953, 65.98171], [12.68113, 65.98847], [12.69913, 65.99691], [12.74233, 66.0138], [12.79993, 66.02562], [12.86113, 66.02731], [12.90433, 66.01549], [12.88993, 66.00198], [12.85753, 66.00029], [12.73513, 65.97496], [12.67393, 65.95301]]], [[[12.42192, 66.07965], [12.42912, 66.08641], [12.41832, 66.08978], [12.39672, 66.08809], [12.36072, 66.07627], [12.34272, 66.07627], [12.34272, 66.08303], [12.35712, 66.08809], [12.38592, 66.1016], [12.40032, 66.10329], [12.45792, 66.10667], [12.47232, 66.11173], [12.47592, 66.11849], [12.47952, 66.12693], [12.48672, 66.13537], [12.52273, 66.14044], [12.57313, 66.15901], [12.54073, 66.17083], [12.50473, 66.1759], [12.46512, 66.17421], [12.42912, 66.16577], [12.42912, 66.17252], [12.52273, 66.19785], [12.53353, 66.19954], [12.54433, 66.20123], [12.55153, 66.2198], [12.56233, 66.22149], [12.58033, 66.21305], [12.59473, 66.20461], [12.60193, 66.19447], [12.60553, 66.18097], [12.61273, 66.16915], [12.61273, 66.15733], [12.59113, 66.14719], [12.54793, 66.13875], [12.54793, 66.132], [12.62353, 66.132], [12.60553, 66.12355], [12.58753, 66.1168], [12.58753, 66.11173], [12.62713, 66.11511], [12.64513, 66.11342], [12.65593, 66.10329], [12.64873, 66.09485], [12.64153, 66.08978], [12.60193, 66.08809], [12.59113, 66.08472], [12.57313, 66.07627], [12.53353, 66.06108], [12.29592, 66.01549], [12.33552, 66.0425], [12.34992, 66.04757], [12.36432, 66.05095], [12.37872, 66.05601], [12.39312, 66.06614], [12.42192, 66.07965]]], [[[12.81073, 66.22318], [12.78553, 66.21811], [12.76033, 66.22149], [12.74953, 66.23331], [12.74233, 66.24175], [12.72073, 66.24344], [12.70633, 66.24175], [12.69913, 66.24344], [12.70633, 66.2502], [12.71353, 66.25864], [12.73873, 66.27046], [12.75673, 66.27721], [12.79273, 66.29579], [12.79273, 66.30085], [12.79633, 66.30592], [12.79273, 66.31099], [12.79993, 66.31268], [12.80713, 66.30423], [12.81073, 66.29748], [12.82513, 66.29917], [12.82873, 66.29579], [12.83593, 66.2941], [12.83953, 66.29241], [12.86113, 66.29241], [12.86833, 66.29241], [12.87193, 66.28903], [12.87553, 66.28566], [12.88273, 66.27721], [12.88633, 66.25695], [12.87913, 66.24344], [12.86833, 66.24007], [12.85753, 66.23331], [12.84673, 66.22656], [12.82513, 66.21643], [12.81073, 66.22318]]], [[[12.90793, 66.39879], [12.90073, 66.40555], [12.90073, 66.41568], [12.88993, 66.40892], [12.88633, 66.40217], [12.88273, 66.39035], [12.88273, 66.37684], [12.89353, 66.35996], [12.90073, 66.35489], [12.87553, 66.35827], [12.86833, 66.36333], [12.86113, 66.36671], [12.84673, 66.37178], [12.83953, 66.37009], [12.83233, 66.37346], [12.82873, 66.37684], [12.81793, 66.38191], [12.79993, 66.38528], [12.81073, 66.38866], [12.84313, 66.39879], [12.85033, 66.40892], [12.83593, 66.42412], [12.82513, 66.43594], [12.81793, 66.43763], [12.81793, 66.4427], [12.82873, 66.44776], [12.88633, 66.4562], [12.89713, 66.4562], [12.90073, 66.45283], [12.90073, 66.44607], [12.90793, 66.4427], [12.91153, 66.43763], [12.91153, 66.43088], [12.91873, 66.43088], [12.92953, 66.4427], [12.92953, 66.45283], [12.92953, 66.45789], [12.94033, 66.45958], [12.96193, 66.45958], [12.96553, 66.45283], [12.95473, 66.43256], [12.94753, 66.40892], [12.93673, 66.39373], [12.92953, 66.38866], [12.91513, 66.39542], [12.90793, 66.39879]]], [[[14.20034, 67.0185], [14.20394, 67.01175], [14.20754, 67.00837], [14.19314, 67.0033], [14.17514, 66.99993], [14.15714, 67.00161], [14.14994, 67.01175], [14.14994, 67.02694], [14.14634, 67.03201], [14.13914, 67.03539], [14.09954, 67.0624], [14.06714, 67.06916], [13.99154, 67.0776], [13.99154, 67.08435], [14.01314, 67.08942], [14.03114, 67.09786], [14.06354, 67.11813], [14.05634, 67.13332], [14.06714, 67.13501], [14.13554, 67.10968], [14.15354, 67.10631], [14.17154, 67.11137], [14.19314, 67.12995], [14.21834, 67.15528], [14.24714, 67.17385], [14.27234, 67.16541], [14.25794, 67.13839], [14.23994, 67.11475], [14.21834, 67.09786], [14.19314, 67.08435], [14.21114, 67.04889], [14.21474, 67.03201], [14.19674, 67.02188], [14.20034, 67.0185]]], [[[14.25434, 67.3731], [14.23994, 67.37479], [14.22554, 67.37817], [14.22914, 67.38492], [14.24714, 67.3883], [14.24354, 67.39336], [14.24714, 67.39505], [14.25794, 67.39505], [14.26874, 67.40012], [14.27954, 67.40856], [14.30834, 67.42376], [14.37314, 67.44064], [14.39114, 67.44064], [14.40194, 67.43727], [14.40194, 67.43051], [14.39834, 67.42376], [14.39834, 67.42207], [14.40914, 67.42545], [14.41274, 67.42545], [14.41994, 67.42376], [14.41274, 67.41363], [14.39114, 67.39843], [14.36594, 67.39168], [14.28314, 67.37986], [14.27594, 67.37648], [14.25434, 67.3731]]], [[[13.10953, 68.05866], [13.09513, 68.05698], [13.09513, 68.05022], [13.13833, 68.05022], [13.12033, 68.0384], [13.10233, 68.03671], [13.08073, 68.03671], [13.06273, 68.03334], [13.05193, 68.02489], [13.05193, 68.01645], [13.05913, 68.01138], [13.07353, 68.0097], [13.08793, 68.01476], [13.09873, 68.02489], [13.10953, 68.02827], [13.11673, 68.00463], [13.12753, 67.98774], [13.13113, 67.9641], [13.13113, 67.95228], [13.12393, 67.94384], [13.10593, 67.94046], [13.05553, 67.93877], [13.04113, 67.94046], [12.99433, 67.9641], [12.97633, 67.96917], [12.98713, 67.94722], [12.96913, 67.94891], [12.96193, 67.94722], [12.96193, 67.94046], [12.97273, 67.93371], [12.99073, 67.93033], [13.02313, 67.92864], [13.04113, 67.92358], [13.04833, 67.91513], [13.04113, 67.905], [13.03393, 67.89656], [13.01953, 67.89149], [13.01593, 67.88643], [13.01593, 67.88136], [13.01233, 67.87967], [12.99433, 67.87292], [12.89713, 67.85603], [12.88273, 67.84084], [12.87193, 67.82564], [12.84313, 67.81551], [12.78553, 67.81044], [12.79273, 67.82057], [12.83233, 67.8459], [12.84673, 67.85266], [12.84673, 67.85435], [12.84673, 67.8611], [12.84313, 67.87461], [12.84313, 67.87967], [12.85033, 67.88981], [12.85753, 67.89825], [12.87913, 67.91682], [12.88993, 67.92864], [12.89353, 67.94891], [12.90073, 67.95735], [12.90793, 67.96073], [12.92233, 67.96073], [12.92953, 67.9641], [12.92953, 67.97086], [12.92953, 67.98437], [12.92953, 67.98943], [12.97993, 68.03671], [12.99073, 68.04516], [13.01233, 68.05698], [13.04833, 68.06542], [13.06273, 68.07048], [13.07353, 68.08568], [13.06993, 68.08906], [13.05913, 68.09581], [13.05553, 68.0975], [13.05553, 68.10426], [13.08073, 68.10426], [13.15633, 68.08568], [13.15633, 68.07724], [13.14193, 68.07724], [13.13473, 68.0688], [13.12033, 68.06204], [13.10953, 68.05866]]], [[[13.39753, 68.06035], [13.37953, 68.05022], [13.37953, 68.04516], [13.37233, 68.02152], [13.36513, 68.01307], [13.35793, 68.01138], [13.33273, 68.02658], [13.32193, 68.02996], [13.26793, 67.99788], [13.23913, 67.98606], [13.22473, 67.99956], [13.22473, 68.02152], [13.22113, 68.03165], [13.21393, 68.03671], [13.19593, 68.03334], [13.19233, 68.02658], [13.19233, 68.01645], [13.18513, 68.0097], [13.17433, 68.0097], [13.16713, 68.01476], [13.16353, 68.02489], [13.16353, 68.03671], [13.16713, 68.05022], [13.17793, 68.05866], [13.23913, 68.09244], [13.25713, 68.09581], [13.27513, 68.08737], [13.29673, 68.06542], [13.31113, 68.05866], [13.32913, 68.06373], [13.33993, 68.08568], [13.32193, 68.10426], [13.29313, 68.11776], [13.27873, 68.12958], [13.29673, 68.15154], [13.32913, 68.15491], [13.40113, 68.14647], [13.40833, 68.14309], [13.42633, 68.12958], [13.43713, 68.12621], [13.41553, 68.0823], [13.39753, 68.06035]]], [[[14.03474, 68.18024], [13.94834, 68.17686], [13.93754, 68.17518], [13.92314, 68.17011], [13.90874, 68.16842], [13.90154, 68.1718], [13.89074, 68.17855], [13.87634, 68.18024], [13.86914, 68.17686], [13.86554, 68.17011], [13.85474, 68.16336], [13.84034, 68.15998], [13.77554, 68.15998], [13.78634, 68.14647], [13.82594, 68.14309], [13.84394, 68.13296], [13.84754, 68.12114], [13.84034, 68.1127], [13.82594, 68.10594], [13.77554, 68.10257], [13.76114, 68.10426], [13.75394, 68.10932], [13.75034, 68.12283], [13.74314, 68.12621], [13.72154, 68.12283], [13.71434, 68.11608], [13.70714, 68.10594], [13.69994, 68.0975], [13.70714, 68.08568], [13.71074, 68.08062], [13.71794, 68.07724], [13.69994, 68.07048], [13.68194, 68.07048], [13.66394, 68.07217], [13.64234, 68.07048], [13.64954, 68.07724], [13.64234, 68.07893], [13.63154, 68.08399], [13.62434, 68.08568], [13.62434, 68.10763], [13.59554, 68.12114], [13.55954, 68.11945], [13.54154, 68.10088], [13.54154, 68.09581], [13.54874, 68.09075], [13.55234, 68.08737], [13.55954, 68.08568], [13.56314, 68.0823], [13.55954, 68.07555], [13.54874, 68.07048], [13.53794, 68.05529], [13.52714, 68.04347], [13.51274, 68.04009], [13.45513, 68.07048], [13.48393, 68.10763], [13.58834, 68.15998], [13.56314, 68.16504], [13.50914, 68.13634], [13.48033, 68.13296], [13.48033, 68.13972], [13.49113, 68.1414], [13.50194, 68.14478], [13.50914, 68.14985], [13.51274, 68.15998], [13.50194, 68.15998], [13.49473, 68.15998], [13.48033, 68.16673], [13.52714, 68.17349], [13.51634, 68.17855], [13.48033, 68.187], [13.51634, 68.20895], [13.57034, 68.21739], [13.61714, 68.22583], [13.59554, 68.2309], [13.58114, 68.23596], [13.56674, 68.23765], [13.49833, 68.24272], [13.63514, 68.29506], [13.66394, 68.29], [13.67834, 68.29], [13.68554, 68.28831], [13.69994, 68.27818], [13.71434, 68.2748], [13.73594, 68.27818], [13.75034, 68.28324], [13.77194, 68.27987], [13.78994, 68.26805], [13.80074, 68.26974], [13.80794, 68.2748], [13.81874, 68.28831], [13.82954, 68.29], [13.84754, 68.30182], [13.87274, 68.32546], [13.91954, 68.34066], [13.98434, 68.33728], [14.00954, 68.29506], [13.96634, 68.26974], [13.99514, 68.25792], [14.02754, 68.26298], [14.08874, 68.28324], [14.12474, 68.2748], [14.15714, 68.25454], [14.11034, 68.20726], [14.06354, 68.2005], [14.05274, 68.19037], [14.04194, 68.18362], [14.03474, 68.18024]]], [[[14.14634, 68.29506], [14.10674, 68.29506], [14.05994, 68.29675], [14.04194, 68.31195], [14.07794, 68.31533], [14.06714, 68.33221], [14.11754, 68.33728], [14.14634, 68.3339], [14.16794, 68.32208], [14.20034, 68.31533], [14.23994, 68.31364], [14.26874, 68.28324], [14.24354, 68.25623], [14.20034, 68.24947], [14.16434, 68.26298], [14.14274, 68.27311], [14.13914, 68.28493], [14.14634, 68.29506]]], [[[14.72235, 68.27987], [14.74035, 68.29506], [14.77635, 68.31702], [14.75835, 68.31702], [14.74755, 68.32377], [14.74035, 68.33221], [14.73315, 68.33728], [14.71875, 68.33728], [14.70795, 68.33221], [14.69355, 68.31026], [14.70435, 68.29675], [14.69355, 68.28662], [14.67555, 68.27987], [14.65035, 68.27649], [14.63955, 68.27311], [14.62875, 68.26805], [14.62515, 68.26298], [14.62875, 68.25792], [14.67195, 68.24947], [14.65755, 68.24103], [14.61435, 68.22414], [14.57115, 68.21908], [14.55675, 68.2157], [14.52075, 68.2005], [14.49914, 68.19713], [14.41994, 68.19375], [14.40554, 68.19206], [14.39114, 68.18362], [14.38394, 68.18024], [14.36954, 68.18024], [14.33714, 68.187], [14.32274, 68.187], [14.32634, 68.17686], [14.32994, 68.17349], [14.31194, 68.16842], [14.27594, 68.16842], [14.24714, 68.15829], [14.21114, 68.15322], [14.19674, 68.15322], [14.20754, 68.16842], [14.21114, 68.17349], [14.21474, 68.17349], [14.21834, 68.17518], [14.21834, 68.18024], [14.21114, 68.18531], [14.20754, 68.18868], [14.20034, 68.19544], [14.19674, 68.2005], [14.23634, 68.22077], [14.31914, 68.23259], [14.35514, 68.24272], [14.30114, 68.23596], [14.27594, 68.23765], [14.25434, 68.24947], [14.26874, 68.25792], [14.29034, 68.26129], [14.32994, 68.26298], [14.30474, 68.2748], [14.29754, 68.29338], [14.30474, 68.31195], [14.32994, 68.32377], [14.35874, 68.32039], [14.39474, 68.28662], [14.42354, 68.28324], [14.42354, 68.29], [14.41274, 68.29675], [14.41994, 68.30182], [14.43074, 68.3052], [14.43794, 68.31364], [14.44154, 68.3187], [14.45234, 68.31533], [14.47394, 68.30351], [14.49554, 68.30688], [14.49554, 68.31702], [14.48474, 68.33052], [14.46674, 68.34403], [14.45594, 68.33728], [14.44514, 68.33728], [14.43434, 68.34403], [14.43794, 68.35923], [14.39474, 68.36767], [14.38394, 68.37274], [14.49194, 68.38625], [14.52075, 68.38287], [14.56395, 68.36767], [14.58915, 68.3643], [14.58195, 68.38118], [14.55315, 68.39469], [14.54235, 68.40651], [14.65395, 68.42846], [14.67195, 68.41664], [14.67195, 68.40313], [14.67915, 68.39638], [14.69715, 68.38287], [14.70795, 68.37781], [14.70795, 68.38963], [14.70435, 68.41327], [14.71515, 68.4234], [14.72595, 68.43015], [14.74395, 68.43353], [14.76195, 68.43353], [14.79795, 68.42677], [14.81595, 68.42002], [14.82315, 68.40989], [14.82675, 68.39469], [14.82315, 68.38963], [14.75475, 68.35923], [14.75475, 68.35079], [14.78355, 68.35416], [14.84115, 68.37443], [14.86995, 68.37949], [14.88075, 68.38625], [14.88435, 68.42002], [14.89875, 68.43353], [14.93115, 68.43691], [15.01035, 68.42846], [15.06435, 68.44873], [15.10035, 68.45379], [15.17235, 68.45379], [15.15435, 68.43859], [15.03555, 68.3643], [15.01395, 68.35923], [15.01755, 68.3643], [15.01755, 68.37105], [15.01755, 68.37612], [15.01395, 68.37949], [15.00315, 68.37781], [15.00315, 68.37274], [15.00315, 68.36767], [14.99955, 68.3643], [14.94555, 68.35079], [14.96355, 68.34572], [14.97795, 68.33728], [14.93475, 68.32715], [14.76195, 68.2596], [14.73675, 68.25454], [14.71875, 68.26298], [14.72235, 68.27987]]], [[[19.964, 68.5416], [20.2448, 68.47743], [20.0108, 68.3643], [19.9712, 68.35079], [19.9316, 68.35079], [19.48159, 68.4234], [19.03879, 68.50614], [18.70039, 68.49601], [18.64279, 68.50107], [18.48078, 68.56186], [18.43758, 68.57368], [18.18918, 68.53822], [18.17118, 68.53653], [18.16038, 68.52978], [18.15678, 68.51796], [18.13518, 68.42677], [18.13518, 68.39638], [18.18918, 68.19882], [18.16758, 68.15829], [17.98038, 68.01645], [17.95158, 67.99112], [17.92278, 67.97255], [17.89398, 67.96917], [17.60958, 68.03671], [17.32157, 68.10594], [17.29997, 68.0975], [17.22077, 68.04009], [16.80677, 67.91007], [16.78157, 67.89656], [16.76357, 67.87799], [16.60877, 67.64665], [16.58717, 67.62639], [16.48276, 67.55716], [16.42876, 67.53352], [16.36756, 67.5217], [16.19836, 67.50819], [16.18036, 67.49637], [16.12636, 67.42207], [16.43956, 67.20087], [16.44316, 67.18229], [16.41436, 67.05227], [16.39996, 67.03539], [16.37116, 67.02357], [16.30996, 67.01006], [16.12636, 66.93407], [16.03996, 66.88679], [15.66916, 66.59973], [15.42795, 66.49166], [15.43155, 66.46296], [15.47475, 66.35489], [15.48195, 66.34138], [15.48915, 66.3093], [15.49275, 66.28735], [15.48195, 66.27553], [15.05355, 66.15395], [14.79795, 66.13875], [14.53875, 66.12524], [14.64315, 65.84325], [14.65035, 65.80272], [14.63595, 65.78077], [14.57115, 65.71661], [14.56035, 65.70141], [14.50995, 65.46501], [14.50995, 65.41773], [14.51715, 65.36369], [14.51355, 65.3181], [14.48114, 65.2894], [14.40194, 65.25563], [14.38034, 65.24043], [14.36594, 65.2151], [14.33714, 65.12223], [14.33354, 65.11547], [14.33354, 65.11379], [14.31194, 65.08339], [14.17154, 64.99221], [13.90874, 64.78789], [13.64234, 64.58357], [13.94114, 64.4907], [13.98074, 64.48395], [14.05994, 64.47719], [14.09594, 64.46537], [14.11394, 64.44173], [14.16074, 64.20533], [14.16074, 64.18676], [14.14634, 64.16818], [13.98074, 64.01959], [13.96274, 64.00946], [13.94114, 64.00946], [13.58834, 64.04998], [13.23553, 64.09051], [12.98353, 64.05842], [12.75673, 63.99088], [12.68113, 63.95711], [12.48312, 63.8102], [12.29232, 63.65654], [12.16992, 63.59744], [12.22032, 63.49613], [12.22032, 63.47418], [12.20592, 63.45391], [11.99352, 63.28843], [12.05832, 63.204], [12.22392, 63.00137], [12.10512, 62.9237], [12.09432, 62.90681], [12.09792, 62.88655], [12.15552, 62.73289], [12.15552, 62.71094], [12.13752, 62.68223], [12.10152, 62.63327], [12.09072, 62.60625], [12.09072, 62.58598], [12.27792, 62.34452], [12.28512, 62.33608], [12.31392, 62.28542], [12.31392, 62.27191], [12.31752, 62.23476], [12.23832, 61.97979], [12.16272, 61.72481], [12.17712, 61.7113], [12.29232, 61.65051], [12.33912, 61.63363], [12.41472, 61.58297], [12.44352, 61.57284], [12.48312, 61.56946], [12.55153, 61.56608], [12.58393, 61.56102], [12.61273, 61.54751], [12.87553, 61.37021], [12.88633, 61.36177], [12.88993, 61.34995], [12.85393, 61.25539], [12.83953, 61.22668], [12.81793, 61.20473], [12.74593, 61.15069], [12.73873, 61.14225], [12.73153, 61.12874], [12.71353, 61.0612], [12.70993, 61.05782], [12.70273, 61.046], [12.68113, 61.04094], [12.56953, 61.05107], [12.51193, 61.04938], [12.28152, 61.01561], [12.25272, 61.0021], [12.25632, 60.98184], [12.29592, 60.93456], [12.31392, 60.90247], [12.33552, 60.82818], [12.34992, 60.79272], [12.37872, 60.75388], [12.48312, 60.65763], [12.59473, 60.5141], [12.60913, 60.48708], [12.61273, 60.455], [12.60553, 60.41954], [12.59473, 60.39421], [12.57673, 60.37564], [12.55873, 60.36044], [12.50473, 60.32498], [12.49032, 60.31147], [12.48672, 60.29627], [12.49392, 60.2625], [12.52273, 60.19834], [12.52633, 60.16119], [12.51193, 60.11729], [12.48312, 60.08182], [12.44712, 60.05143], [12.29232, 59.95856], [12.14472, 59.89777], [12.10152, 59.89439], [11.94312, 59.90284], [11.88912, 59.8927], [11.87472, 59.88426], [11.84952, 59.87244], [11.84232, 59.83867], [11.85312, 59.82347], [11.88552, 59.8049], [11.88912, 59.80152], [11.90352, 59.78464], [11.90352, 59.76944], [11.89632, 59.73229], [11.89632, 59.71372], [11.89272, 59.70527], [11.85312, 59.67319], [11.82792, 59.65968], [11.69472, 59.62253], [11.67672, 59.60733], [11.66952, 59.58032], [11.67672, 59.55837], [11.78472, 59.3608], [11.80632, 59.29326], [11.80992, 59.27131], [11.80992, 59.24936], [11.80272, 59.23416], [11.78472, 59.21896], [11.77392, 59.20208], [11.74872, 59.1396], [11.74512, 59.09232], [11.73432, 59.0653], [11.70912, 59.0214], [11.70192, 58.99945], [11.69472, 58.97412], [11.66592, 58.92008], [11.61192, 58.89307], [11.54712, 58.88462], [11.48231, 58.88631], [11.45351, 58.89644], [11.45351, 58.96061], [11.43911, 58.991], [11.43911, 58.99776], [11.40311, 59.03828], [11.39951, 59.04842], [11.39231, 59.07037], [11.38871, 59.0805], [11.37071, 59.10076], [11.34551, 59.11089], [11.31311, 59.11596], [11.21591, 59.11089], [11.18351, 59.11596], [11.16911, 59.13453], [11.17631, 59.14129], [11.18351, 59.14298], [11.20151, 59.14298], [11.20511, 59.14635], [11.20151, 59.15311], [11.19431, 59.15817], [11.19071, 59.1548], [11.18351, 59.15986], [11.17991, 59.16493], [11.17631, 59.17168], [11.17631, 59.18012], [11.17991, 59.1835], [11.17991, 59.18857], [11.17631, 59.19701], [11.16551, 59.19194], [11.13671, 59.1835], [11.15111, 59.17506], [11.15471, 59.16324], [11.14751, 59.14973], [11.13671, 59.14298], [11.11871, 59.14298], [11.10791, 59.15142], [11.08631, 59.17506], [11.09711, 59.14804], [11.10071, 59.13453], [11.08991, 59.12778], [11.03231, 59.12778], [11.03951, 59.14298], [11.02511, 59.15142], [11.00711, 59.15986], [10.99991, 59.17168], [10.98911, 59.17506], [10.94951, 59.1835], [10.93511, 59.1835], [10.94591, 59.16493], [10.94231, 59.14973], [10.93511, 59.1396], [10.91711, 59.14298], [10.90631, 59.14973], [10.89911, 59.16324], [10.89911, 59.18012], [10.90271, 59.19701], [10.88111, 59.18688], [10.87391, 59.18519], [10.86311, 59.1835], [10.84871, 59.18012], [10.84871, 59.17337], [10.84871, 59.16662], [10.84151, 59.16155], [10.82351, 59.16324], [10.80191, 59.18857], [10.78031, 59.18857], [10.78391, 59.20545], [10.76591, 59.23247], [10.77311, 59.25273], [10.76231, 59.24429], [10.74791, 59.22403], [10.73711, 59.21727], [10.73351, 59.24091], [10.74431, 59.26793], [10.76231, 59.29326], [10.78031, 59.31352], [10.76231, 59.31521], [10.75151, 59.32197], [10.74431, 59.33041], [10.73351, 59.33379], [10.72271, 59.33041], [10.70831, 59.31015], [10.70111, 59.30677], [10.67231, 59.31521], [10.66511, 59.33716], [10.66151, 59.35911], [10.64351, 59.37431], [10.65431, 59.38951], [10.65791, 59.39964], [10.65431, 59.40808], [10.63631, 59.41653], [10.59671, 59.42328], [10.59311, 59.43003], [10.60031, 59.4503], [10.62911, 59.479], [10.64351, 59.49251], [10.65791, 59.49758], [10.66151, 59.48913], [10.66151, 59.47394], [10.65071, 59.44354], [10.66151, 59.43848], [10.67591, 59.44017], [10.68671, 59.4503], [10.69031, 59.46381], [10.69031, 59.48069], [10.68311, 59.48913], [10.67231, 59.49589], [10.66151, 59.50433], [10.65071, 59.52628], [10.64711, 59.54992], [10.64711, 59.57187], [10.65791, 59.59551], [10.63991, 59.61578], [10.62551, 59.63773], [10.61831, 59.66306], [10.61471, 59.69683], [10.59671, 59.68501], [10.57511, 59.70021], [10.56071, 59.72554], [10.56431, 59.74918], [10.57871, 59.76606], [10.60031, 59.81334], [10.61471, 59.8336], [10.65431, 59.85724], [10.67951, 59.82685], [10.69751, 59.77788], [10.71911, 59.73736], [10.72991, 59.77619], [10.74791, 59.81503], [10.75871, 59.85049], [10.74431, 59.88257], [10.75151, 59.88933], [10.74071, 59.89439], [10.71191, 59.90115], [10.69031, 59.91128], [10.67951, 59.90452], [10.67591, 59.89439], [10.66511, 59.88933], [10.62191, 59.89608], [10.61471, 59.89439], [10.60391, 59.88595], [10.59311, 59.88257], [10.55351, 59.88426], [10.52831, 59.88257], [10.50671, 59.87075], [10.4743, 59.85049], [10.4743, 59.84205], [10.4995, 59.8336], [10.4887, 59.81672], [10.4851, 59.80321], [10.4851, 59.78801], [10.4851, 59.75762], [10.4923, 59.7306], [10.50311, 59.70865], [10.51751, 59.68839], [10.53911, 59.67488], [10.56431, 59.66981], [10.58231, 59.66137], [10.60031, 59.64448], [10.61111, 59.62253], [10.61471, 59.60733], [10.59311, 59.57019], [10.54271, 59.53473], [10.4851, 59.51446], [10.4383, 59.51784], [10.4239, 59.53304], [10.4239, 59.5533], [10.4275, 59.5972], [10.4275, 59.60733], [10.4167, 59.64111], [10.4131, 59.66306], [10.4095, 59.6715], [10.4023, 59.68332], [10.3987, 59.68839], [10.3735, 59.70358], [10.3699, 59.70696], [10.3591, 59.71034], [10.3555, 59.71034], [10.3519, 59.71034], [10.3483, 59.71034], [10.3339, 59.71203], [10.2979, 59.73229], [10.2655, 59.73904], [10.2403, 59.73904], [10.2259, 59.72385], [10.2367, 59.71878], [10.2583, 59.7019], [10.2691, 59.69683], [10.2835, 59.69514], [10.2979, 59.69176], [10.3591, 59.67319], [10.3807, 59.65799], [10.3915, 59.63773], [10.3951, 59.61071], [10.3951, 59.58707], [10.3915, 59.55837], [10.3807, 59.53473], [10.3627, 59.52628], [10.3339, 59.53304], [10.2691, 59.55837], [10.2367, 59.56005], [10.2475, 59.54317], [10.2691, 59.52459], [10.2907, 59.51109], [10.3087, 59.50433], [10.3303, 59.49589], [10.3699, 59.45536], [10.4599, 59.44017], [10.4779, 59.43003], [10.4815, 59.41146], [10.4707, 59.39457], [10.4455, 59.36418], [10.4455, 59.34898], [10.4599, 59.33547], [10.4995, 59.32028], [10.51391, 59.30339], [10.50311, 59.29326], [10.4887, 59.28482], [10.4779, 59.26793], [10.4707, 59.24767], [10.4527, 59.24936], [10.4167, 59.26455], [10.3699, 59.273], [10.3591, 59.27131], [10.3591, 59.26455], [10.3627, 59.24598], [10.3591, 59.23754], [10.3663, 59.22572], [10.3627, 59.21896], [10.3339, 59.21558], [10.3303, 59.20883], [10.3267, 59.20208], [10.3159, 59.18012], [10.3123, 59.15986], [10.3123, 59.1396], [10.3123, 59.12778], [10.2907, 59.13453], [10.2871, 59.11427], [10.2943, 59.08388], [10.3051, 59.06024], [10.2943, 59.07037], [10.2871, 59.08388], [10.2835, 59.09907], [10.2727, 59.11427], [10.2691, 59.09401], [10.2691, 59.04842], [10.2619, 59.03828], [10.2583, 59.0501], [10.2295, 59.11427], [10.2259, 59.11427], [10.2223, 59.10076], [10.2115, 59.07881], [10.2115, 59.06699], [10.2151, 59.05855], [10.2259, 59.0501], [10.2331, 59.03997], [10.2295, 59.02815], [10.2079, 59.01633], [10.1755, 59.00451], [10.1395, 58.99945], [10.1143, 59.00451], [10.1251, 59.01464], [10.1611, 59.02815], [10.1683, 59.03491], [10.1647, 59.05179], [10.1503, 59.05179], [10.1179, 59.03828], [10.1035, 59.03491], [10.0783, 59.0214], [10.0603, 59.01802], [10.0531, 59.02309], [10.0351, 59.03153], [10.0171, 59.03322], [10.0351, 58.99269], [10.0135, 58.97243], [9.9847, 58.96061], [9.9559, 58.95723], [9.8479, 58.95554], [9.8119, 58.96399], [9.8371, 58.97243], [9.8443, 58.98932], [9.8371, 59.00958], [9.8191, 59.02478], [9.7831, 59.05179], [9.7651, 59.05179], [9.7579, 59.03322], [9.7471, 59.03828], [9.7255, 59.06024], [9.7183, 59.06192], [9.7111, 59.06192], [9.7075, 59.06361], [9.7039, 59.07037], [9.7039, 59.08388], [9.7039, 59.08725], [9.6895, 59.09063], [9.6859, 59.0805], [9.6859, 59.06192], [9.6823, 59.04673], [9.6679, 59.05179], [9.6607, 59.05686], [9.6499, 59.07374], [9.6463, 59.08388], [9.6463, 59.09401], [9.6427, 59.10245], [9.6283, 59.10752], [9.6391, 59.11765], [9.6391, 59.12778], [9.6319, 59.13116], [9.5995, 59.11596], [9.5383, 59.12102], [9.5599, 59.10245], [9.6211, 59.07543], [9.6355, 59.0501], [9.6535, 59.0366], [9.6931, 59.02984], [9.7255, 59.01464], [9.7255, 58.98425], [9.7183, 58.98425], [9.7147, 58.98932], [9.7075, 58.99269], [9.7039, 58.99776], [9.6967, 58.98763], [9.6859, 58.98425], [9.6571, 58.98425], [9.6571, 58.9775], [9.6679, 58.97581], [9.6787, 58.97243], [9.6859, 58.96568], [9.6895, 58.95723], [9.6643, 58.95892], [9.5959, 58.94372], [9.5959, 58.93697], [9.5995, 58.93528], [9.6067, 58.92853], [9.5743, 58.92177], [9.46989, 58.92853], [9.5095, 58.91164], [9.5239, 58.89982], [9.5131, 58.89476], [9.46989, 58.90151], [9.45549, 58.89813], [9.45189, 58.88125], [9.42669, 58.89307], [9.39789, 58.89813], [9.37269, 58.89476], [9.36189, 58.88125], [9.37989, 58.888], [9.39429, 58.88969], [9.40149, 58.888], [9.40509, 58.88125], [9.39789, 58.87449], [9.39069, 58.86943], [9.38349, 58.86774], [9.34029, 58.86267], [9.31869, 58.86605], [9.29709, 58.88125], [9.29349, 58.86774], [9.27189, 58.83397], [9.28269, 58.83228], [9.30429, 58.82721], [9.31149, 58.82552], [9.32229, 58.8289], [9.35469, 58.84072], [9.37989, 58.8441], [9.40149, 58.8441], [9.42669, 58.84072], [9.45189, 58.83397], [9.43749, 58.82046], [9.38709, 58.80357], [9.36549, 58.79175], [9.38709, 58.79513], [9.40869, 58.80019], [9.40869, 58.79175], [9.39069, 58.78669], [9.37269, 58.77824], [9.35109, 58.76473], [9.34029, 58.75123], [9.30789, 58.73941], [9.25029, 58.73434], [9.08109, 58.74447], [9.07029, 58.74109], [9.06309, 58.73434], [9.05949, 58.72759], [9.06309, 58.72421], [9.14229, 58.70901], [9.16749, 58.71577], [9.11349, 58.73096], [9.09909, 58.73772], [9.21429, 58.72083], [9.21789, 58.70226], [9.18549, 58.69213], [9.09549, 58.69044], [9.05949, 58.68368], [9.08829, 58.68368], [9.15669, 58.68875], [9.18189, 58.68706], [9.19989, 58.67186], [9.18909, 58.66511], [9.15309, 58.64316], [9.08829, 58.61445], [9.03429, 58.59419], [8.99109, 58.60094], [8.98389, 58.59757], [8.98029, 58.5925], [8.97669, 58.58912], [8.96949, 58.58743], [8.96229, 58.58912], [8.95509, 58.59757], [8.94789, 58.60094], [8.92629, 58.6077], [8.91189, 58.6077], [8.91909, 58.59588], [8.94069, 58.58743], [8.94789, 58.57899], [8.94789, 58.56886], [8.95149, 58.54691], [8.94429, 58.52665], [8.92629, 58.51314], [8.90829, 58.50132], [8.84709, 58.46755], [8.82189, 58.45235], [8.79309, 58.44053], [8.77869, 58.43377], [8.75349, 58.42702], [8.73909, 58.4152], [8.73189, 58.40338], [8.71389, 58.39156], [8.70669, 58.37974], [8.68149, 58.3713], [8.66709, 58.36792], [8.65269, 58.36623], [8.64189, 58.36454], [8.63469, 58.3561], [8.62749, 58.34766], [8.62029, 58.33921], [8.60589, 58.33246], [8.59509, 58.33077], [8.58789, 58.33415], [8.58789, 58.3409], [8.58069, 58.34766], [8.54469, 58.3122], [8.51229, 58.29362], [8.50509, 58.28349], [8.51949, 58.27167], [8.50149, 58.25647], [8.47988, 58.25985], [8.45468, 58.26323], [8.43668, 58.25816], [8.42228, 58.26998], [8.40788, 58.27167], [8.40068, 58.2666], [8.40428, 58.25478], [8.40788, 58.24465], [8.38988, 58.24128], [8.35388, 58.24465], [8.34668, 58.24128], [8.31788, 58.22608], [8.30708, 58.21932], [8.29628, 58.21257], [8.26028, 58.2075], [8.24228, 58.20244], [8.25308, 58.20244], [8.26388, 58.19906], [8.27108, 58.19568], [8.25668, 58.1788], [8.24948, 58.17204], [8.22788, 58.1636], [8.22428, 58.15685], [8.22428, 58.15178], [8.22068, 58.13996], [8.22428, 58.1349], [8.20268, 58.12308], [8.18468, 58.13321], [8.17388, 58.14672], [8.15948, 58.14503], [8.13788, 58.11463], [8.12348, 58.10281], [8.10908, 58.10281], [8.09828, 58.10788], [8.06588, 58.10957], [8.05148, 58.11294], [8.04788, 58.11632], [8.03708, 58.12983], [8.02628, 58.14165], [8.05508, 58.1484], [8.06588, 58.15347], [8.08028, 58.16191], [8.05868, 58.17711], [8.04428, 58.20413], [8.02988, 58.22439], [8.00468, 58.2227], [8.02268, 58.20244], [8.02628, 58.18386], [8.02268, 58.1636], [8.00828, 58.14503], [7.95428, 58.12476], [7.93268, 58.10957], [7.95788, 58.09268], [7.91468, 58.08255], [7.75628, 58.07073], [7.71668, 58.0606], [7.69508, 58.05891], [7.66268, 58.06735], [7.65188, 58.06398], [7.66268, 58.0454], [7.64108, 58.0454], [7.63388, 58.04709], [7.62668, 58.05216], [7.63028, 58.03189], [7.61588, 58.02176], [7.59428, 58.02683], [7.57988, 58.0454], [7.57628, 58.03189], [7.57628, 58.02683], [7.57988, 58.01669], [7.38907, 58.01669], [7.26667, 58.03527], [7.25227, 58.04371], [7.24867, 58.05891], [7.19107, 58.04202], [7.17667, 58.03189], [7.16587, 58.0454], [7.15507, 58.05047], [7.08307, 58.03696], [7.07947, 58.03189], [7.07947, 58.02851], [7.07947, 58.02514], [7.07587, 58.02007], [7.07587, 58.01332], [7.07587, 58.00656], [7.06867, 58.00319], [7.06147, 58.00319], [7.02187, 57.99474], [7.00747, 57.99305], [6.99667, 57.99643], [7.00387, 58.01163], [7.00027, 58.0302], [7.02187, 58.04371], [7.05427, 58.05216], [7.07587, 58.06229], [7.08667, 58.07073], [7.09747, 58.06904], [7.10467, 58.06229], [7.11547, 58.05891], [7.12627, 58.06398], [7.14067, 58.08593], [7.14787, 58.09268], [7.14787, 58.09944], [7.12627, 58.09775], [7.06507, 58.07748], [7.05067, 58.06904], [7.03627, 58.06229], [6.95707, 58.0454], [6.93547, 58.0454], [6.95347, 58.05891], [6.97867, 58.0893], [6.99667, 58.09944], [6.97867, 58.10619], [6.92467, 58.06566], [6.89947, 58.05216], [6.90667, 58.06398], [6.91387, 58.0758], [6.91387, 58.08593], [6.90667, 58.09944], [6.89587, 58.09606], [6.87787, 58.08424], [6.86707, 58.07917], [6.85267, 58.08086], [6.83107, 58.08424], [6.81307, 58.09099], [6.80587, 58.09944], [6.84907, 58.11463], [6.87067, 58.1197], [6.94987, 58.12139], [6.97507, 58.12645], [6.98947, 58.14165], [6.96067, 58.13996], [6.90307, 58.13152], [6.87427, 58.1349], [6.84907, 58.14672], [6.80227, 58.1788], [6.77707, 58.18218], [6.81307, 58.12814], [6.80947, 58.12139], [6.75907, 58.11632], [6.73027, 58.1197], [6.71587, 58.1349], [6.72667, 58.14503], [6.72667, 58.15685], [6.72307, 58.17204], [6.72307, 58.18893], [6.69787, 58.13658], [6.68707, 58.12139], [6.70507, 58.1197], [6.71227, 58.11463], [6.71587, 58.10788], [6.72307, 58.09944], [6.73387, 58.09437], [6.75187, 58.08593], [6.77347, 58.07411], [6.78427, 58.06904], [6.78427, 58.06566], [6.76267, 58.05891], [6.75547, 58.05891], [6.73387, 58.06398], [6.72307, 58.06566], [6.61867, 58.06904], [6.59707, 58.0758], [6.54307, 58.10788], [6.53227, 58.12139], [6.55027, 58.12308], [6.56827, 58.13152], [6.58267, 58.14672], [6.58627, 58.16529], [6.59707, 58.17711], [6.65467, 58.17711], [6.67627, 58.18218], [6.66187, 58.18893], [6.65467, 58.18893], [6.67627, 58.2075], [6.72667, 58.22101], [6.76627, 58.24634], [6.84547, 58.27167], [6.82747, 58.27505], [6.80227, 58.26998], [6.75547, 58.25478], [6.69787, 58.22439], [6.67987, 58.2227], [6.66907, 58.23114], [6.64027, 58.26492], [6.63307, 58.27505], [6.64027, 58.29362], [6.65467, 58.30206], [6.67627, 58.30206], [6.69427, 58.29193], [6.70867, 58.3122], [6.68707, 58.32739], [6.66547, 58.32402], [6.64027, 58.31557], [6.61867, 58.31895], [6.61867, 58.26492], [6.62587, 58.24465], [6.56107, 58.24296], [6.49986, 58.26323], [6.39906, 58.27167], [6.34866, 58.28518], [6.29106, 58.30882], [6.28026, 58.3122], [6.26586, 58.31388], [6.24786, 58.31726], [6.22986, 58.32233], [6.21906, 58.32908], [6.20466, 58.33584], [6.13986, 58.33921], [6.08586, 58.35948], [6.06066, 58.37467], [6.04986, 58.37974], [6.02106, 58.38143], [6.01026, 58.3848], [6.00306, 58.38987], [5.98506, 58.40676], [5.97786, 58.4152], [5.97426, 58.42364], [5.97066, 58.43715], [5.96706, 58.44897], [5.96706, 58.4591], [5.96346, 58.46755], [5.95626, 58.47768], [5.92746, 58.48443], [5.83746, 58.48105], [5.79786, 58.4895], [5.77986, 58.52158], [5.74026, 58.52665], [5.70426, 58.52158], [5.64666, 58.5486], [5.65386, 58.56211], [5.61426, 58.5925], [5.57106, 58.62796], [5.54946, 58.6668], [5.52786, 58.69381], [5.51706, 58.71408], [5.50626, 58.72927], [5.47745, 58.7546], [5.49545, 58.76642], [5.52786, 58.78331], [5.53506, 58.79851], [5.53866, 58.81539], [5.53866, 58.83397], [5.53866, 58.85423], [5.53146, 58.86943], [5.53866, 58.87449], [5.55306, 58.87787], [5.56386, 58.88125], [5.57106, 58.89476], [5.57106, 58.89982], [5.56386, 58.90489], [5.54946, 58.91502], [5.54946, 58.92008], [5.54226, 58.93528], [5.53506, 58.94541], [5.53866, 58.95554], [5.54586, 58.95554], [5.55666, 58.9471], [5.56746, 58.94372], [5.59626, 58.91502], [5.61786, 58.90658], [5.62506, 58.92515], [5.61786, 58.93528], [5.59266, 58.95048], [5.54946, 58.97074], [5.56026, 58.9775], [5.57106, 58.98256], [5.58186, 58.98256], [5.59266, 58.9775], [5.57826, 58.98932], [5.54226, 58.98425], [5.52426, 58.991], [5.53506, 58.99945], [5.54226, 59.00958], [5.54946, 59.03828], [5.71506, 58.9775], [5.70786, 58.95217], [5.70066, 58.9184], [5.70426, 58.888], [5.71506, 58.86774], [5.73666, 58.92853], [5.75466, 58.93359], [5.80146, 58.9319], [5.81946, 58.93697], [5.81946, 58.94204], [5.81586, 58.96061], [5.82306, 58.96399], [5.85186, 58.96568], [5.86626, 58.96399], [5.88426, 58.95892], [5.92026, 58.94541], [5.93466, 58.93697], [5.95626, 58.91333], [5.97066, 58.9032], [6.09306, 58.84747], [6.13626, 58.83903], [6.22986, 58.84072], [6.20466, 58.84916], [6.11826, 58.85423], [6.10386, 58.85929], [6.08226, 58.87111], [6.06426, 58.88462], [6.05706, 58.90151], [6.06426, 58.91333], [6.07866, 58.92853], [6.10386, 58.95048], [6.12546, 58.9623], [6.19386, 58.98425], [6.62587, 59.05348], [6.62587, 59.06024], [6.35226, 59.03322], [6.29826, 59.01464], [6.16146, 58.99776], [6.12546, 58.98425], [6.03546, 58.90489], [5.98146, 58.95217], [5.97426, 58.96399], [5.98506, 58.98425], [6.00666, 58.991], [6.03186, 58.99269], [6.04986, 58.99776], [6.03906, 59.00282], [6.02106, 59.01971], [6.01026, 59.02478], [5.99226, 59.02478], [5.95266, 59.01633], [5.93466, 59.01802], [5.91306, 59.02815], [5.89146, 59.04504], [5.87706, 59.06699], [5.87346, 59.08725], [5.89146, 59.10414], [5.92386, 59.11427], [6.02106, 59.12609], [6.04986, 59.13453], [6.10746, 59.14298], [6.12546, 59.14804], [6.08946, 59.15311], [6.03906, 59.14804], [6.01026, 59.14973], [6.03186, 59.17506], [6.06426, 59.20714], [6.07866, 59.21727], [6.12546, 59.23416], [6.17226, 59.26118], [6.25146, 59.27806], [6.32346, 59.31521], [6.37026, 59.32197], [6.46026, 59.32028], [6.46026, 59.32703], [6.33786, 59.32703], [6.31266, 59.32365], [6.20106, 59.27637], [6.15426, 59.26793], [6.11106, 59.27468], [6.08586, 59.30677], [6.23706, 59.31352], [6.23706, 59.32028], [6.22626, 59.33041], [6.21186, 59.34054], [6.19746, 59.35236], [6.20106, 59.34392], [6.19746, 59.33547], [6.19026, 59.32703], [6.17226, 59.32197], [6.16506, 59.32703], [6.15786, 59.33716], [6.14706, 59.34054], [6.14346, 59.33716], [6.12906, 59.32365], [6.12186, 59.32028], [6.11106, 59.31859], [6.10026, 59.31859], [6.09306, 59.32028], [6.07866, 59.32534], [6.06786, 59.3321], [6.06426, 59.34223], [6.05706, 59.35405], [6.05346, 59.33379], [6.03906, 59.32703], [6.01386, 59.32872], [5.99586, 59.33379], [5.99586, 59.34054], [6.00666, 59.34561], [6.01386, 59.35574], [6.02106, 59.36587], [6.03186, 59.37431], [6.04266, 59.38444], [6.05346, 59.3912], [6.07866, 59.40302], [6.12906, 59.41653], [6.15426, 59.42666], [6.17586, 59.44354], [6.17586, 59.44017], [6.18666, 59.43341], [6.19026, 59.43003], [6.19386, 59.43848], [6.19746, 59.44523], [6.21186, 59.46043], [6.21546, 59.46887], [6.21906, 59.48913], [6.22266, 59.49758], [6.24426, 59.51109], [6.42786, 59.55161], [6.54307, 59.56005], [6.50347, 59.57187], [6.33786, 59.5533], [6.27306, 59.52797], [6.23706, 59.52628], [6.24786, 59.54148], [6.26586, 59.55499], [6.28026, 59.57187], [6.28386, 59.59045], [6.28386, 59.61071], [6.28746, 59.62929], [6.29826, 59.64448], [6.31266, 59.6563], [6.28746, 59.64955], [6.26586, 59.62591], [6.25506, 59.59551], [6.24786, 59.57019], [6.24426, 59.56174], [6.23706, 59.54992], [6.21906, 59.52966], [6.19746, 59.51109], [6.16146, 59.46887], [6.15426, 59.45874], [6.13986, 59.4503], [6.10026, 59.43341], [6.07866, 59.4199], [6.04266, 59.40471], [6.02826, 59.40302], [6.01026, 59.40808], [5.99946, 59.42835], [5.98146, 59.43003], [5.98866, 59.41653], [5.98146, 59.41484], [5.97426, 59.40977], [5.97066, 59.40808], [5.97066, 59.40302], [5.97786, 59.39964], [5.98506, 59.39626], [5.99226, 59.38951], [5.99586, 59.38107], [5.94906, 59.3608], [5.92386, 59.35574], [5.91306, 59.37093], [5.90946, 59.38275], [5.90226, 59.38951], [5.89146, 59.39457], [5.88786, 59.40302], [5.88426, 59.41484], [5.88426, 59.42497], [5.88426, 59.4351], [5.88786, 59.44692], [5.92386, 59.44692], [6.15426, 59.47731], [6.13266, 59.49082], [6.10386, 59.49251], [6.07506, 59.48913], [6.02466, 59.47394], [5.90226, 59.479], [5.88786, 59.48238], [5.87346, 59.48745], [5.86266, 59.4942], [5.84826, 59.5094], [5.84106, 59.51109], [5.83386, 59.51615], [5.82306, 59.53473], [5.81946, 59.53979], [5.80866, 59.53979], [5.79066, 59.52797], [5.77626, 59.52628], [5.80506, 59.4942], [5.80866, 59.48069], [5.79786, 59.46381], [5.77626, 59.4503], [5.74746, 59.44523], [5.72226, 59.45199], [5.70786, 59.47056], [5.71506, 59.44692], [5.69706, 59.43003], [5.64666, 59.40808], [5.66466, 59.40639], [5.73666, 59.43003], [5.76186, 59.43172], [5.78346, 59.43003], [5.80146, 59.4199], [5.85186, 59.38444], [5.85906, 59.37431], [5.85906, 59.35067], [5.84466, 59.34729], [5.78346, 59.34392], [5.76186, 59.34729], [5.75106, 59.33547], [5.73666, 59.33547], [5.70426, 59.34054], [5.69706, 59.33885], [5.69706, 59.3321], [5.69706, 59.32534], [5.69346, 59.32028], [5.68266, 59.31352], [5.67906, 59.31015], [5.66826, 59.30508], [5.62506, 59.29157], [5.61066, 59.29326], [5.61066, 59.30508], [5.61786, 59.3169], [5.63226, 59.32534], [5.64666, 59.32703], [5.64666, 59.33379], [5.62506, 59.35405], [5.60706, 59.38951], [5.58546, 59.41653], [5.56026, 59.40977], [5.57106, 59.40808], [5.57826, 59.40302], [5.58546, 59.39626], [5.57826, 59.376], [5.57466, 59.33379], [5.56746, 59.3169], [5.54946, 59.30001], [5.52786, 59.2865], [5.50626, 59.27806], [5.47385, 59.27806], [5.45585, 59.28819], [5.43425, 59.30846], [5.42345, 59.33041], [5.43065, 59.35067], [5.44145, 59.36925], [5.44145, 59.39289], [5.43425, 59.40471], [5.41265, 59.39626], [5.40545, 59.37938], [5.40185, 59.35911], [5.40545, 59.3169], [5.40545, 59.30508], [5.39825, 59.29664], [5.39105, 59.29495], [5.38025, 59.30001], [5.37305, 59.30677], [5.36945, 59.31859], [5.36585, 59.34054], [5.35505, 59.35574], [5.35145, 59.36587], [5.35865, 59.38782], [5.35865, 59.39964], [5.35505, 59.41146], [5.34785, 59.41653], [5.33705, 59.41484], [5.33345, 59.41146], [5.32985, 59.35743], [5.32985, 59.35405], [5.29745, 59.34392], [5.23265, 59.42497], [5.20025, 59.43003], [5.19665, 59.44354], [5.19305, 59.46381], [5.18945, 59.49758], [5.18585, 59.50264], [5.18225, 59.50602], [5.18225, 59.51109], [5.18945, 59.51784], [5.20025, 59.52459], [5.21465, 59.52628], [5.24345, 59.52628], [5.24345, 59.53135], [5.20025, 59.53979], [5.20025, 59.54655], [5.22185, 59.55161], [5.23625, 59.56005], [5.29025, 59.60058], [5.30465, 59.6276], [5.32265, 59.63773], [5.34425, 59.64786], [5.36585, 59.65293], [5.38745, 59.64955], [5.39465, 59.63773], [5.40185, 59.60565], [5.41265, 59.59551], [5.41625, 59.61071], [5.42705, 59.62422], [5.42705, 59.63604], [5.41625, 59.64955], [5.40185, 59.66137], [5.39825, 59.66981], [5.41265, 59.68839], [5.43785, 59.70865], [5.48825, 59.73736], [5.48465, 59.72722], [5.48105, 59.72385], [5.49185, 59.71878], [5.49905, 59.71372], [5.50266, 59.71034], [5.50626, 59.69345], [5.50626, 59.6715], [5.49905, 59.65124], [5.48465, 59.63266], [5.48105, 59.62084], [5.48105, 59.61071], [5.48825, 59.59889], [5.48825, 59.58707], [5.48825, 59.57525], [5.48465, 59.57019], [5.46305, 59.56005], [5.45945, 59.55668], [5.45225, 59.54823], [5.45225, 59.54655], [5.43425, 59.54655], [5.42345, 59.54655], [5.41625, 59.54317], [5.41265, 59.53473], [5.40905, 59.52122], [5.40905, 59.51615], [5.40905, 59.5094], [5.41625, 59.50433], [5.42345, 59.50602], [5.43425, 59.51446], [5.44145, 59.51784], [5.50626, 59.53304], [5.51706, 59.53979], [5.52786, 59.5533], [5.52786, 59.55837], [5.53866, 59.57694], [5.53866, 59.59889], [5.52786, 59.60733], [5.52426, 59.61747], [5.53506, 59.64111], [5.54946, 59.66475], [5.56386, 59.67657], [5.58186, 59.67825], [5.60706, 59.6715], [5.62506, 59.66981], [5.69346, 59.66981], [5.72226, 59.66306], [5.72946, 59.64786], [5.72586, 59.6276], [5.71506, 59.60733], [5.74386, 59.60733], [5.75466, 59.60902], [5.76186, 59.61409], [5.76546, 59.62084], [5.76546, 59.63773], [5.76546, 59.64617], [5.79066, 59.6563], [5.81946, 59.65968], [5.88066, 59.6563], [5.88066, 59.67657], [5.78706, 59.65968], [5.76186, 59.66306], [5.74746, 59.67488], [5.75466, 59.68839], [5.79786, 59.71034], [5.80506, 59.71709], [5.80866, 59.72385], [5.81586, 59.72891], [5.87346, 59.73567], [5.88786, 59.73736], [5.89146, 59.7458], [5.89146, 59.75424], [5.89506, 59.761], [5.90226, 59.76437], [5.91306, 59.76268], [5.92026, 59.75593], [5.92746, 59.74918], [5.93466, 59.74411], [5.98506, 59.73567], [6.03906, 59.7458], [6.16146, 59.79646], [6.17226, 59.80321], [6.17586, 59.8049], [6.19026, 59.80659], [6.19746, 59.80996], [6.21186, 59.82516], [6.21546, 59.82685], [6.29106, 59.84036], [6.31266, 59.85387], [6.24426, 59.84374], [6.12186, 59.8049], [6.03546, 59.76437], [6.02106, 59.761], [6.00306, 59.75931], [5.96346, 59.75931], [5.94546, 59.76606], [5.93466, 59.77957], [5.93466, 59.79477], [5.94546, 59.80152], [5.95626, 59.80659], [5.95986, 59.81672], [5.95626, 59.84205], [5.95986, 59.85049], [5.97066, 59.86062], [5.94546, 59.85556], [5.93466, 59.84205], [5.92746, 59.82178], [5.92746, 59.80321], [5.91306, 59.79139], [5.88426, 59.78126], [5.85186, 59.7745], [5.83026, 59.77282], [5.80866, 59.77788], [5.79066, 59.7897], [5.75826, 59.81672], [5.73666, 59.82854], [5.71506, 59.83192], [5.70786, 59.83867], [5.72226, 59.86062], [5.70426, 59.85049], [5.68266, 59.84205], [5.66106, 59.84036], [5.64666, 59.85387], [5.67186, 59.85556], [5.69706, 59.86231], [5.74386, 59.88257], [5.74026, 59.90959], [5.77266, 59.93154], [5.81946, 59.94505], [5.85906, 59.9518], [5.96346, 59.95687], [5.97066, 59.96025], [5.97786, 59.967], [5.98146, 59.97544], [5.98146, 59.98051], [5.97786, 59.98558], [5.94906, 59.9974], [6.01026, 60.05818], [6.09666, 60.09196], [6.29106, 60.12235], [6.29106, 60.12911], [6.26586, 60.12742], [6.26226, 60.13755], [6.26226, 60.15275], [6.25506, 60.16288], [6.24786, 60.16119], [6.23346, 60.15443], [6.21906, 60.14599], [6.21546, 60.13924], [6.20106, 60.12573], [6.16506, 60.1156], [6.12906, 60.10884], [6.10386, 60.10715], [6.10746, 60.13417], [6.08586, 60.16794], [6.07506, 60.19834], [6.14346, 60.21522], [6.15426, 60.22704], [6.16506, 60.24224], [6.17946, 60.25913], [6.20826, 60.27601], [6.21186, 60.28614], [6.20106, 60.29965], [6.25866, 60.30809], [6.27666, 60.31316], [6.28746, 60.31991], [6.30906, 60.33849], [6.31986, 60.34187], [6.33426, 60.34187], [6.33426, 60.34524], [6.33426, 60.35031], [6.33786, 60.35537], [6.34146, 60.35875], [6.34506, 60.36382], [6.35226, 60.36888], [6.38466, 60.37733], [6.41706, 60.38239], [6.44226, 60.38915], [6.47826, 60.41954], [6.50347, 60.43136], [6.53947, 60.43474], [6.57547, 60.43136], [6.64027, 60.41616], [6.59347, 60.36382], [6.57187, 60.33005], [6.57907, 60.30641], [6.56827, 60.29459], [6.53587, 60.27263], [6.53227, 60.2625], [6.52147, 60.18652], [6.51427, 60.15275], [6.51067, 60.13586], [6.51067, 60.11053], [6.51787, 60.08014], [6.52507, 60.08014], [6.52507, 60.13586], [6.52867, 60.16457], [6.54667, 60.18314], [6.57907, 60.22535], [6.58267, 60.23886], [6.58267, 60.24899], [6.57187, 60.27263], [6.59707, 60.29459], [6.62947, 60.35706], [6.65467, 60.38239], [6.67267, 60.39083], [6.70147, 60.39928], [6.71587, 60.40941], [6.74827, 60.44656], [6.76267, 60.45669], [6.78427, 60.46682], [6.80227, 60.47357], [6.94267, 60.49215], [7.03267, 60.47864], [7.07947, 60.47864], [7.10467, 60.50566], [6.89947, 60.50566], [6.89947, 60.51241], [6.90667, 60.51241], [6.91747, 60.5141], [6.92467, 60.51748], [6.92827, 60.52254], [6.93187, 60.53268], [6.94267, 60.53605], [6.95347, 60.53774], [6.96427, 60.53943], [7.01827, 60.5884], [6.98947, 60.59009], [6.94987, 60.57489], [6.91387, 60.55294], [6.88867, 60.53268], [6.85627, 60.50397], [6.83827, 60.49553], [6.77347, 60.48539], [6.73747, 60.47189], [6.67627, 60.43643], [6.65467, 60.43305], [6.62947, 60.43136], [6.60427, 60.43305], [6.59347, 60.44318], [6.60067, 60.46513], [6.67267, 60.50059], [6.69427, 60.51917], [6.64747, 60.51241], [6.56107, 60.46344], [6.51427, 60.44993], [6.48186, 60.44825], [6.42786, 60.43474], [6.39546, 60.43136], [6.37026, 60.42461], [6.31986, 60.3959], [6.29826, 60.38915], [6.26946, 60.38915], [6.24786, 60.39759], [6.22626, 60.41279], [6.20826, 60.43136], [6.19386, 60.46513], [6.19026, 60.47189], [6.17586, 60.4702], [6.17586, 60.46175], [6.17946, 60.44993], [6.18306, 60.4398], [6.19386, 60.43305], [6.21186, 60.40603], [6.23346, 60.3959], [6.24066, 60.38746], [6.24066, 60.37901], [6.22626, 60.37395], [6.19386, 60.38408], [6.16506, 60.37395], [6.13266, 60.37395], [6.11826, 60.36888], [6.13266, 60.36213], [6.19026, 60.35537], [6.17946, 60.34018], [6.15066, 60.3216], [6.13986, 60.30641], [6.14706, 60.29627], [6.15426, 60.29121], [6.16146, 60.28614], [6.15066, 60.26757], [6.13986, 60.25406], [6.12546, 60.24731], [6.10386, 60.24562], [6.08226, 60.25068], [6.03546, 60.26926], [6.01746, 60.27263], [5.99586, 60.26419], [5.98506, 60.25068], [5.97786, 60.2338], [5.97066, 60.21691], [5.93466, 60.18989], [5.91306, 60.16963], [5.90586, 60.16288], [5.89146, 60.1595], [5.87346, 60.16288], [5.85906, 60.16288], [5.85186, 60.14937], [5.85186, 60.13755], [5.87346, 60.08689], [5.87346, 60.05143], [5.85546, 60.02441], [5.82306, 60.00753], [5.78346, 60.00415], [5.78706, 60.01259], [5.79066, 60.01935], [5.77266, 60.02272], [5.75466, 59.99064], [5.74026, 59.99402], [5.70786, 60.00922], [5.70066, 60.01597], [5.70066, 60.02441], [5.69346, 60.03117], [5.68986, 60.03623], [5.68266, 60.03961], [5.68986, 60.06156], [5.70066, 60.06663], [5.73666, 60.05987], [5.75826, 60.05987], [5.77626, 60.06494], [5.79066, 60.07676], [5.79786, 60.09364], [5.75826, 60.09364], [5.75106, 60.09196], [5.74746, 60.08689], [5.74386, 60.08351], [5.73306, 60.08014], [5.72226, 60.08351], [5.71506, 60.09027], [5.71146, 60.09871], [5.70066, 60.10378], [5.70786, 60.11053], [5.72586, 60.11897], [5.72946, 60.13248], [5.70426, 60.1595], [5.70786, 60.17639], [5.72586, 60.18652], [5.79066, 60.20509], [5.79066, 60.21185], [5.75826, 60.21016], [5.71866, 60.20171], [5.68266, 60.18989], [5.65386, 60.17639], [5.65026, 60.17132], [5.65026, 60.15612], [5.64666, 60.14937], [5.63586, 60.14768], [5.61786, 60.14937], [5.59266, 60.13924], [5.57106, 60.14093], [5.55306, 60.15106], [5.54226, 60.16288], [5.56026, 60.16625], [5.57466, 60.17639], [5.57826, 60.18821], [5.56386, 60.19665], [5.56386, 60.20509], [5.59986, 60.20678], [5.67186, 60.22704], [5.70786, 60.23211], [5.70786, 60.23886], [5.62506, 60.23717], [5.59986, 60.23211], [5.62866, 60.25237], [5.63946, 60.26419], [5.63226, 60.27263], [5.61426, 60.27263], [5.59986, 60.26081], [5.58906, 60.24731], [5.57106, 60.23886], [5.57466, 60.25575], [5.58546, 60.26419], [5.59986, 60.26926], [5.60706, 60.27601], [5.61066, 60.28445], [5.63586, 60.31316], [5.64666, 60.3216], [5.64666, 60.32667], [5.65386, 60.3368], [5.66106, 60.34862], [5.66826, 60.35537], [5.68266, 60.36213], [5.71866, 60.37057], [5.73306, 60.37901], [5.73666, 60.39252], [5.71866, 60.38915], [5.69706, 60.3807], [5.68986, 60.37564], [5.67186, 60.37226], [5.66106, 60.36719], [5.65026, 60.35706], [5.63946, 60.34693], [5.63946, 60.35369], [5.63586, 60.36213], [5.63226, 60.36888], [5.61786, 60.35369], [5.59986, 60.33342], [5.58546, 60.30978], [5.57826, 60.28952], [5.56746, 60.28108], [5.53146, 60.23042], [5.52786, 60.21691], [5.51706, 60.21353], [5.47385, 60.18652], [5.43785, 60.17132], [5.42705, 60.16288], [5.42345, 60.15275], [5.41625, 60.13924], [5.40905, 60.13079], [5.38745, 60.1443], [5.35145, 60.15612], [5.36585, 60.16119], [5.37305, 60.16288], [5.37305, 60.16963], [5.31905, 60.18145], [5.30465, 60.18989], [5.31185, 60.20003], [5.32625, 60.20509], [5.35145, 60.21185], [5.35145, 60.21691], [5.31905, 60.22198], [5.25065, 60.20678], [5.22185, 60.21185], [5.29745, 60.24899], [5.31185, 60.26588], [5.27585, 60.26419], [5.17145, 60.27939], [5.16065, 60.28445], [5.16065, 60.29459], [5.16425, 60.30809], [5.17145, 60.31654], [5.18225, 60.3216], [5.19665, 60.32329], [5.22905, 60.3216], [5.21105, 60.33342], [5.20025, 60.33849], [5.15705, 60.34187], [5.14625, 60.34355], [5.14265, 60.352], [5.14625, 60.36888], [5.17865, 60.38915], [5.26505, 60.38746], [5.29745, 60.3959], [5.28305, 60.40097], [5.25065, 60.43136], [5.25785, 60.44656], [5.26145, 60.44993], [5.23625, 60.47357], [5.23985, 60.48877], [5.27945, 60.52254], [5.30465, 60.52761], [5.33705, 60.5141], [5.36585, 60.49553], [5.38745, 60.48539], [5.39825, 60.48202], [5.44865, 60.44656], [5.47745, 60.43474], [5.52786, 60.42123], [5.57466, 60.41447], [5.61786, 60.41785], [5.65386, 60.43136], [5.65026, 60.44825], [5.66826, 60.45669], [5.68986, 60.46175], [5.70786, 60.47189], [5.71506, 60.48371], [5.71506, 60.4989], [5.70786, 60.53268], [5.70786, 60.56307], [5.71146, 60.6036], [5.72226, 60.63906], [5.74386, 60.65594], [5.72226, 60.66776], [5.72586, 60.68634], [5.74026, 60.70491], [5.75106, 60.71842], [5.72946, 60.7066], [5.70786, 60.70322], [5.66466, 60.70322], [5.66106, 60.71166], [5.67186, 60.72686], [5.68626, 60.74375], [5.69346, 60.75219], [5.67546, 60.75726], [5.66106, 60.74544], [5.64666, 60.72686], [5.62866, 60.71842], [5.62146, 60.71504], [5.59986, 60.70153], [5.59266, 60.69816], [5.57826, 60.69647], [5.53506, 60.69816], [5.52426, 60.68634], [5.53506, 60.63906], [5.52786, 60.62892], [5.50626, 60.62724], [5.44145, 60.61542], [5.37305, 60.57996], [5.30105, 60.56138], [5.27585, 60.55969], [5.25065, 60.56307], [5.22185, 60.57489], [5.18945, 60.59346], [5.16065, 60.61542], [5.09945, 60.64919], [5.08505, 60.6627], [5.12465, 60.66101], [5.15705, 60.64919], [5.22185, 60.61542], [5.22905, 60.62048], [5.16065, 60.66945], [5.08505, 60.71166], [5.10305, 60.71166], [5.14625, 60.70322], [5.12465, 60.72517], [5.09585, 60.72855], [5.05985, 60.73024], [5.03465, 60.74206], [4.98425, 60.77921], [4.95905, 60.7944], [4.92665, 60.79947], [4.95185, 60.80791], [4.98065, 60.8096], [5.00945, 60.80116], [5.05625, 60.77921], [5.11025, 60.77414], [5.14985, 60.7505], [5.17505, 60.74206], [5.27945, 60.7218], [5.30465, 60.71166], [5.30465, 60.69816], [5.31185, 60.6762], [5.32625, 60.65594], [5.34785, 60.64074], [5.37305, 60.63568], [5.36225, 60.63906], [5.35865, 60.64581], [5.35145, 60.65256], [5.35145, 60.6627], [5.37305, 60.65425], [5.41265, 60.6323], [5.43425, 60.62892], [5.41985, 60.64243], [5.39105, 60.65932], [5.36945, 60.67452], [5.38025, 60.68465], [5.39465, 60.68127], [5.42705, 60.6627], [5.43425, 60.6627], [5.43065, 60.67452], [5.41985, 60.68127], [5.40905, 60.68802], [5.41265, 60.70322], [5.38025, 60.71335], [5.37305, 60.71842], [5.36945, 60.72517], [5.36585, 60.73362], [5.36225, 60.74206], [5.35505, 60.74544], [5.30825, 60.74544], [5.28305, 60.74712], [5.25785, 60.76063], [5.24705, 60.76063], [5.23985, 60.76401], [5.23625, 60.77583], [5.23985, 60.77921], [5.26145, 60.79272], [5.28305, 60.79947], [5.32985, 60.80622], [5.35145, 60.81298], [5.33705, 60.84], [5.35505, 60.8535], [5.43065, 60.8687], [5.44865, 60.86701], [5.46305, 60.86364], [5.48105, 60.86195], [5.49545, 60.86364], [5.50986, 60.86701], [5.53866, 60.87546], [5.50626, 60.87714], [5.48105, 60.8839], [5.47025, 60.89572], [5.49545, 60.90923], [5.47025, 60.90754], [5.39825, 60.88221], [5.34785, 60.87714], [5.32625, 60.8687], [5.31905, 60.84506], [5.29385, 60.82311], [5.23985, 60.81636], [5.18945, 60.82818], [5.16785, 60.85519], [5.16425, 60.83155], [5.14985, 60.81467], [5.13185, 60.81129], [5.11745, 60.82818], [5.13185, 60.83493], [5.11385, 60.83831], [5.06705, 60.83493], [5.04545, 60.84506], [5.03825, 60.85688], [5.02745, 60.88559], [5.02025, 60.8991], [5.01305, 60.90585], [5.00945, 60.90923], [5.00945, 60.91598], [5.00945, 60.92611], [5.00585, 60.93118], [4.98785, 60.943], [4.98065, 60.95144], [4.99145, 60.96326], [5.01305, 60.96495], [5.03825, 60.96157], [5.05625, 60.9582], [5.07785, 60.94975], [5.08145, 60.94131], [5.07785, 60.90585], [5.08145, 60.88896], [5.09225, 60.87714], [5.09945, 60.87714], [5.10305, 60.89234], [5.09585, 60.93962], [5.09945, 60.95144], [5.11385, 60.96157], [5.13185, 60.96495], [5.14265, 60.97171], [5.13905, 60.99197], [5.13545, 60.98859], [5.13185, 60.9869], [5.13185, 60.98521], [5.12105, 60.98353], [5.09225, 60.97339], [5.07785, 60.97171], [5.02385, 60.97846], [5.01305, 60.98184], [5.00585, 60.99703], [5.00225, 61.01561], [5.00945, 61.03418], [5.01665, 61.046], [5.06705, 61.07302], [5.13545, 61.0764], [5.20385, 61.06458], [5.28305, 61.03925], [5.31185, 61.03249], [5.37665, 61.02743], [5.41985, 61.02912], [5.43425, 61.02743], [5.43785, 61.0173], [5.44145, 61.00379], [5.44865, 60.99535], [5.46305, 60.99872], [5.46665, 61.00717], [5.46305, 61.01561], [5.45585, 61.02574], [5.45585, 61.03587], [5.45945, 61.04938], [5.47385, 61.05613], [5.48825, 61.05951], [5.52786, 61.07471], [5.56746, 61.07133], [5.60706, 61.06289], [5.63946, 61.05951], [5.63946, 61.06795], [5.61066, 61.07809], [5.59626, 61.08484], [5.60346, 61.08822], [5.63946, 61.09328], [5.65746, 61.09497], [5.67546, 61.08822], [5.69706, 61.09835], [5.73666, 61.11017], [5.77266, 61.11523], [5.79066, 61.1051], [5.77986, 61.0764], [5.77986, 61.06458], [5.79426, 61.07133], [5.80506, 61.07977], [5.81586, 61.08653], [5.83026, 61.09159], [5.84466, 61.09497], [5.83386, 61.1051], [5.83026, 61.10848], [5.86266, 61.11861], [5.89146, 61.12199], [5.97786, 61.1203], [6.01026, 61.11523], [6.03186, 61.11523], [6.10026, 61.12199], [6.13266, 61.11861], [6.19386, 61.1051], [6.22986, 61.10173], [6.25866, 61.09328], [6.26946, 61.0764], [6.26586, 61.05951], [6.24426, 61.046], [6.27306, 61.04769], [6.28746, 61.05276], [6.30186, 61.06458], [6.31266, 61.06795], [6.33066, 61.06964], [6.34866, 61.06964], [6.35946, 61.06795], [6.37026, 61.05613], [6.36306, 61.04431], [6.34866, 61.03081], [6.33786, 61.01223], [6.35586, 61.01054], [6.37386, 61.01223], [6.37026, 61.02743], [6.37386, 61.03756], [6.38466, 61.046], [6.41346, 61.06795], [6.43866, 61.08146], [6.46386, 61.08991], [6.52147, 61.09666], [6.54667, 61.10341], [6.56467, 61.11861], [6.58627, 61.14225], [6.59347, 61.16589], [6.60067, 61.17602], [6.61147, 61.17433], [6.63667, 61.16251], [6.64747, 61.15745], [6.78787, 61.15069], [6.83827, 61.13887], [6.84907, 61.1355], [6.85627, 61.12874], [6.85987, 61.11861], [6.85987, 61.10679], [6.86347, 61.09666], [6.86707, 61.08991], [6.88147, 61.08822], [6.93907, 61.09159], [6.95707, 61.08822], [6.96427, 61.07977], [6.98227, 61.046], [7.00027, 61.02912], [7.00747, 61.01899], [7.01107, 61.00885], [7.00387, 61.00041], [6.98947, 60.99028], [6.97147, 60.98184], [6.93907, 60.97339], [6.87427, 60.93793], [6.96427, 60.96495], [7.01107, 60.97171], [7.05067, 60.96495], [7.11547, 60.93962], [7.12987, 60.92611], [7.12987, 60.9126], [7.10467, 60.86195], [7.12987, 60.87546], [7.15867, 60.89741], [7.17307, 60.92442], [7.16227, 60.95144], [7.15147, 60.95313], [7.10107, 60.95989], [7.09387, 60.96326], [7.08307, 60.97508], [7.04347, 61.02743], [7.03267, 61.03587], [7.02187, 61.04263], [7.01467, 61.05107], [7.00747, 61.07977], [7.00027, 61.08653], [7.00027, 61.09328], [7.01827, 61.10173], [7.06147, 61.10679], [7.16587, 61.11017], [7.19467, 61.12874], [7.20907, 61.13887], [7.22347, 61.14056], [7.30267, 61.13043], [7.31707, 61.12537], [7.33867, 61.11186], [7.36747, 61.1051], [7.43587, 61.10173], [7.43587, 61.10848], [7.41787, 61.11017], [7.40347, 61.11186], [7.39267, 61.11692], [7.35667, 61.13719], [7.34587, 61.14225], [7.36027, 61.15238], [7.40707, 61.16758], [7.41427, 61.17433], [7.42867, 61.18615], [7.45387, 61.19291], [7.60508, 61.19797], [7.65548, 61.20642], [7.69508, 61.23175], [7.65908, 61.23006], [7.63388, 61.22499], [7.60148, 61.21317], [7.45027, 61.19797], [7.38907, 61.19797], [7.36027, 61.20642], [7.34587, 61.22161], [7.34587, 61.23343], [7.34227, 61.25201], [7.33867, 61.26214], [7.33507, 61.27396], [7.32787, 61.27903], [7.31707, 61.2824], [7.31347, 61.28747], [7.31347, 61.30773], [7.35667, 61.32631], [7.36747, 61.34488], [7.37107, 61.36683], [7.38187, 61.37865], [7.42147, 61.39554], [7.43587, 61.40905], [7.45027, 61.42424], [7.46827, 61.43775], [7.48627, 61.44451], [7.51148, 61.44788], [7.53668, 61.45633], [7.55828, 61.46984], [7.57268, 61.48503], [7.48987, 61.4597], [7.34587, 61.38878], [7.32427, 61.38541], [7.28467, 61.39385], [7.26307, 61.39554], [7.28107, 61.38372], [7.29907, 61.37359], [7.30987, 61.36346], [7.30627, 61.34826], [7.24507, 61.30773], [7.24147, 61.2976], [7.25947, 61.28409], [7.28107, 61.27396], [7.29907, 61.26045], [7.30987, 61.21824], [7.32427, 61.20473], [7.33867, 61.19797], [7.36027, 61.19122], [7.32067, 61.16758], [7.30627, 61.16251], [7.29187, 61.16251], [7.28107, 61.1642], [7.25587, 61.16927], [7.24867, 61.17265], [7.23427, 61.18109], [7.23067, 61.18447], [7.21267, 61.18447], [7.17667, 61.17602], [7.16227, 61.16927], [7.15867, 61.16589], [7.15507, 61.16083], [7.15507, 61.15407], [7.14787, 61.14901], [7.13707, 61.14563], [7.01107, 61.12874], [6.97507, 61.11523], [6.95347, 61.11186], [6.93547, 61.11523], [6.91747, 61.1355], [6.94267, 61.15238], [6.97867, 61.16758], [7.00387, 61.18447], [6.94987, 61.16758], [6.92107, 61.16251], [6.89587, 61.16251], [6.80947, 61.18109], [6.66547, 61.1946], [6.55747, 61.22499], [6.56827, 61.24019], [6.60787, 61.25707], [6.62227, 61.26889], [6.66187, 61.32124], [6.66907, 61.32631], [6.69067, 61.33981], [6.69427, 61.34488], [6.69787, 61.35163], [6.70147, 61.3719], [6.70507, 61.37528], [6.70867, 61.38034], [6.71587, 61.39047], [6.71587, 61.4006], [6.70147, 61.40229], [6.69787, 61.39892], [6.63667, 61.30942], [6.60427, 61.27903], [6.56467, 61.26552], [6.55387, 61.26889], [6.53587, 61.28409], [6.52867, 61.28747], [6.51787, 61.28409], [6.51067, 61.27565], [6.49986, 61.26889], [6.49986, 61.26214], [6.51427, 61.24694], [6.52507, 61.23175], [6.52507, 61.22668], [6.52507, 61.21993], [6.52507, 61.21317], [6.53587, 61.20473], [6.47106, 61.21148], [6.46386, 61.20811], [6.47466, 61.20135], [6.48906, 61.19797], [6.49986, 61.19291], [6.50347, 61.18109], [6.50347, 61.16758], [6.50707, 61.15576], [6.50707, 61.14732], [6.49626, 61.13719], [6.48546, 61.13043], [6.43506, 61.11523], [6.37386, 61.11355], [6.28386, 61.12537], [6.20466, 61.14901], [6.17586, 61.18447], [6.12906, 61.15914], [6.07506, 61.14732], [6.01386, 61.14901], [5.95986, 61.16251], [6.00666, 61.17771], [6.02826, 61.18784], [6.03546, 61.20473], [5.94186, 61.16927], [5.87346, 61.15914], [5.80506, 61.15576], [5.78346, 61.1642], [5.78346, 61.18278], [5.78346, 61.19629], [5.76906, 61.19122], [5.76186, 61.18109], [5.75826, 61.1642], [5.75106, 61.15576], [5.73666, 61.15407], [5.71866, 61.15576], [5.70066, 61.15576], [5.69346, 61.14563], [5.67546, 61.14225], [5.55666, 61.13719], [5.53866, 61.13212], [5.47385, 61.09497], [5.42345, 61.07977], [5.37665, 61.07977], [5.33345, 61.09666], [5.29745, 61.12874], [5.27945, 61.11692], [5.26145, 61.11017], [5.20385, 61.10679], [5.20025, 61.1051], [5.19305, 61.1051], [5.18585, 61.11186], [5.17505, 61.12199], [5.16785, 61.12537], [5.16065, 61.12874], [5.17145, 61.14056], [5.18945, 61.14056], [5.21105, 61.13887], [5.22905, 61.14225], [5.20385, 61.14732], [5.18225, 61.15407], [5.16065, 61.15576], [5.14265, 61.14563], [5.12465, 61.14563], [5.05985, 61.15745], [5.04545, 61.16251], [5.05985, 61.18784], [5.11745, 61.18615], [5.22185, 61.16251], [5.22185, 61.16758], [5.21825, 61.1794], [5.21465, 61.18447], [5.25065, 61.18447], [5.19665, 61.21148], [5.16785, 61.22161], [5.13905, 61.22499], [5.02025, 61.21655], [4.98785, 61.22499], [5.00945, 61.23006], [5.03105, 61.23006], [5.05265, 61.23343], [5.06345, 61.24525], [5.03105, 61.2385], [5.01305, 61.23681], [4.99865, 61.24188], [4.98785, 61.25201], [4.98425, 61.25707], [4.97345, 61.25707], [4.95545, 61.25201], [4.96265, 61.26552], [4.98065, 61.27565], [5.01665, 61.28747], [5.03825, 61.29253], [5.06345, 61.29422], [5.07425, 61.29591], [5.08865, 61.30435], [5.09585, 61.30773], [5.13905, 61.30604], [5.16065, 61.31111], [5.17865, 61.33981], [5.20025, 61.34319], [5.22905, 61.33981], [5.25065, 61.33475], [5.26505, 61.32799], [5.27945, 61.32124], [5.29025, 61.3128], [5.29745, 61.30098], [5.31185, 61.26721], [5.31905, 61.25201], [5.33345, 61.25539], [5.33705, 61.26889], [5.33345, 61.28747], [5.32625, 61.30604], [5.31905, 61.31786], [5.30465, 61.32799], [5.27225, 61.33813], [5.25785, 61.34826], [5.44145, 61.36683], [5.63226, 61.36177], [5.59986, 61.37528], [5.55306, 61.37865], [5.16425, 61.3567], [5.14985, 61.35163], [5.12825, 61.33981], [5.09225, 61.32799], [5.05985, 61.32293], [5.03825, 61.32799], [5.02745, 61.33981], [5.00585, 61.34826], [4.99505, 61.36177], [4.99865, 61.37696], [5.01305, 61.39216], [5.02745, 61.40229], [5.04545, 61.40229], [5.05625, 61.39216], [5.05625, 61.38034], [5.06345, 61.37528], [5.07785, 61.38372], [5.07785, 61.38878], [5.07785, 61.40398], [5.07785, 61.41074], [5.08505, 61.41411], [5.11745, 61.4158], [5.11745, 61.42087], [5.11745, 61.42424], [5.11385, 61.42762], [5.11025, 61.431], [5.09225, 61.42087], [5.07065, 61.41749], [5.02745, 61.4158], [4.98785, 61.41074], [4.94825, 61.41074], [4.94825, 61.4158], [5.05625, 61.44451], [5.16425, 61.45126], [5.18945, 61.46477], [5.18225, 61.47152], [5.21825, 61.46815], [5.26505, 61.45464], [5.31185, 61.44957], [5.33705, 61.46477], [5.48465, 61.431], [5.52066, 61.42931], [5.54226, 61.43775], [5.53866, 61.44451], [5.55666, 61.44957], [5.59986, 61.45295], [5.61786, 61.45802], [5.62866, 61.46477], [5.63946, 61.47321], [5.65026, 61.48166], [5.66826, 61.48503], [5.71146, 61.48672], [5.73666, 61.48503], [5.75106, 61.4749], [5.76906, 61.45464], [5.78346, 61.45126], [5.80506, 61.45126], [5.80506, 61.45802], [5.78346, 61.46646], [5.74746, 61.49348], [5.72226, 61.49854], [5.66466, 61.49854], [5.63946, 61.49516], [5.61066, 61.48503], [5.58186, 61.46815], [5.57466, 61.46477], [5.52426, 61.46477], [5.49185, 61.45464], [5.45945, 61.45295], [5.43785, 61.4597], [5.44145, 61.47997], [5.39825, 61.48672], [5.29025, 61.47997], [5.25425, 61.49516], [5.17865, 61.51036], [5.13905, 61.52387], [5.14625, 61.54076], [5.13905, 61.54751], [5.13905, 61.55426], [5.15705, 61.55426], [5.20025, 61.54751], [5.21465, 61.54751], [5.24705, 61.55426], [5.35865, 61.55426], [5.35865, 61.56102], [5.32985, 61.56102], [5.17145, 61.58635], [5.14625, 61.59479], [5.33705, 61.59479], [5.31905, 61.58972], [5.31185, 61.58972], [5.31185, 61.58297], [5.40185, 61.57959], [5.42705, 61.58972], [5.35145, 61.60661], [5.26865, 61.61505], [5.31905, 61.62856], [5.34065, 61.64376], [5.28305, 61.64207], [5.24345, 61.63025], [5.22905, 61.62856], [4.99145, 61.63025], [4.96985, 61.63532], [4.96265, 61.64207], [4.94465, 61.6674], [4.94105, 61.67753], [4.94465, 61.68766], [4.95905, 61.69442], [4.96985, 61.69779], [4.95905, 61.70624], [4.96265, 61.71637], [4.97345, 61.72481], [4.98785, 61.72481], [4.98425, 61.72988], [4.98425, 61.73325], [4.98065, 61.73494], [4.97345, 61.73832], [4.98785, 61.74676], [5.00225, 61.75183], [5.03825, 61.75183], [5.05265, 61.75014], [5.07065, 61.74676], [5.07425, 61.74338], [5.07785, 61.73832], [5.07785, 61.73494], [5.07785, 61.73156], [5.08505, 61.73156], [5.09945, 61.73325], [5.10305, 61.73156], [5.12105, 61.71974], [5.12465, 61.71806], [5.13905, 61.71637], [5.14625, 61.71806], [5.16785, 61.72481], [5.13545, 61.74338], [5.12465, 61.75183], [5.14985, 61.75858], [5.18945, 61.76871], [5.06345, 61.76027], [5.07785, 61.77378], [5.10305, 61.7856], [5.13185, 61.79404], [5.24345, 61.81768], [5.26865, 61.82781], [5.26505, 61.8295], [5.26145, 61.83119], [5.25785, 61.83457], [5.29745, 61.84132], [5.33705, 61.84132], [5.31905, 61.84808], [5.30465, 61.84808], [5.29025, 61.85145], [5.29025, 61.86159], [5.29745, 61.86834], [5.36225, 61.90549], [5.39465, 61.91055], [5.48825, 61.90718], [5.52066, 61.89873], [5.53866, 61.89705], [5.58186, 61.90042], [5.59986, 61.89873], [5.63586, 61.8886], [5.67546, 61.88691], [5.68986, 61.88016], [5.71506, 61.86159], [5.74386, 61.84808], [5.71146, 61.84132], [5.67546, 61.83963], [5.63946, 61.83457], [5.61786, 61.81431], [5.64666, 61.81599], [5.73666, 61.83457], [5.92386, 61.84977], [5.94186, 61.8447], [5.94546, 61.83795], [5.94186, 61.82613], [5.93826, 61.81599], [5.92746, 61.78222], [5.89866, 61.75014], [5.89866, 61.73832], [5.91666, 61.75183], [5.93106, 61.75858], [5.94186, 61.76871], [5.95626, 61.78729], [5.96346, 61.81937], [5.97426, 61.83119], [5.99226, 61.83457], [6.01026, 61.83119], [6.06066, 61.80755], [6.10026, 61.77885], [6.12186, 61.7704], [6.17946, 61.76703], [6.17226, 61.78053], [6.15426, 61.7856], [6.13626, 61.78898], [6.12186, 61.79742], [6.11106, 61.80755], [6.09306, 61.81768], [6.07506, 61.82444], [6.05706, 61.82781], [6.05706, 61.83457], [6.29106, 61.83457], [6.31266, 61.83119], [6.35946, 61.81262], [6.38466, 61.80755], [6.47466, 61.80417], [6.50347, 61.80755], [6.52147, 61.81431], [6.53227, 61.82444], [6.55027, 61.84808], [6.56827, 61.86159], [6.58987, 61.87003], [6.61507, 61.87509], [6.64027, 61.87678], [6.66907, 61.87341], [6.71947, 61.8599], [6.74467, 61.85652], [6.75547, 61.85314], [6.76627, 61.84639], [6.77707, 61.84132], [6.78787, 61.8447], [6.80227, 61.8599], [6.80947, 61.86496], [6.82027, 61.87003], [6.82027, 61.87678], [6.80227, 61.87678], [6.76987, 61.87003], [6.75547, 61.87341], [6.74107, 61.87678], [6.69427, 61.88354], [6.69067, 61.88691], [6.68347, 61.89536], [6.67627, 61.89705], [6.67267, 61.89536], [6.66187, 61.89029], [6.65827, 61.8886], [6.55387, 61.87847], [6.53947, 61.86665], [6.52507, 61.85145], [6.51067, 61.83457], [6.47466, 61.82613], [6.25866, 61.85652], [6.09666, 61.84808], [6.08226, 61.85145], [6.03546, 61.87003], [6.01746, 61.87172], [5.95986, 61.87003], [5.90586, 61.88185], [5.88786, 61.88354], [5.87346, 61.88185], [5.84466, 61.87172], [5.83026, 61.87003], [5.82306, 61.86665], [5.80866, 61.85821], [5.80506, 61.85652], [5.79786, 61.85821], [5.72946, 61.8886], [5.72946, 61.89705], [5.93466, 61.9038], [5.95986, 61.91055], [5.95986, 61.91731], [5.64666, 61.92406], [5.51706, 61.93757], [5.44865, 61.92575], [5.44505, 61.92913], [5.43785, 61.93419], [5.42705, 61.93757], [5.34785, 61.92744], [5.30105, 61.91393], [5.27585, 61.91055], [5.22185, 61.91393], [5.19305, 61.91224], [5.17145, 61.90042], [5.15705, 61.89536], [5.13545, 61.90211], [5.09945, 61.91731], [5.11385, 61.93082], [5.12465, 61.94433], [5.13905, 61.96797], [5.13905, 61.97134], [5.15705, 61.97641], [5.16065, 61.97134], [5.16425, 61.9629], [5.17505, 61.95783], [5.18225, 61.95952], [5.18945, 61.96459], [5.19665, 61.96965], [5.20025, 61.97134], [5.21105, 61.96797], [5.22185, 61.95952], [5.22905, 61.95783], [5.23985, 61.96121], [5.23985, 61.96459], [5.23985, 61.97134], [5.25065, 61.9781], [5.29025, 61.99329], [5.30105, 62.00343], [5.31185, 62.02707], [5.34065, 62.01862], [5.37665, 62.01525], [5.40185, 62.02031], [5.38745, 62.03382], [5.37305, 62.0372], [5.34065, 62.0372], [5.32625, 62.04395], [5.31185, 62.05746], [5.29745, 62.06759], [5.20745, 62.10305], [5.11025, 62.10981], [5.09225, 62.12331], [5.10305, 62.12331], [5.11025, 62.125], [5.12465, 62.13007], [5.11025, 62.1402], [5.08145, 62.15202], [5.07065, 62.16384], [5.07785, 62.16553], [5.08505, 62.16891], [5.09225, 62.17059], [5.08865, 62.17397], [5.08145, 62.18073], [5.07785, 62.1841], [5.08145, 62.1841], [5.08505, 62.1841], [5.08505, 62.19086], [5.09585, 62.19424], [5.12465, 62.19086], [5.13185, 62.19086], [5.14265, 62.19086], [5.14625, 62.19086], [5.14625, 62.19255], [5.14625, 62.20268], [5.14625, 62.20437], [5.17145, 62.2145], [5.18225, 62.21281], [5.21105, 62.19424], [5.23985, 62.18242], [5.25425, 62.17397], [5.26145, 62.17059], [5.26865, 62.17059], [5.27585, 62.16891], [5.27585, 62.16046], [5.27585, 62.15371], [5.26865, 62.1402], [5.26865, 62.13513], [5.31905, 62.10643], [5.39105, 62.08785], [5.45225, 62.06253], [5.46305, 62.0068], [5.46665, 62.00849], [5.48105, 62.01356], [5.49545, 62.02707], [5.52786, 62.06928], [5.53146, 62.07435], [5.53506, 62.07941], [5.54946, 62.0811], [5.56026, 62.07941], [5.58186, 62.07097], [5.59266, 62.06759], [5.56386, 62.08954], [5.41985, 62.10981], [5.40185, 62.11656], [5.39105, 62.12331], [5.39105, 62.13345], [5.41265, 62.16215], [5.41985, 62.17566], [5.43065, 62.18579], [5.45585, 62.19086], [5.47745, 62.18917], [5.52426, 62.17397], [5.62146, 62.16553], [5.63946, 62.15709], [5.64666, 62.14695], [5.65386, 62.13345], [5.66106, 62.12163], [5.69346, 62.11318], [5.75106, 62.08785], [5.72946, 62.10474], [5.69706, 62.12163], [5.66826, 62.14358], [5.66826, 62.17059], [5.68626, 62.17904], [5.71506, 62.18073], [5.76906, 62.17735], [5.78706, 62.18073], [5.83746, 62.20099], [5.85906, 62.20437], [5.88066, 62.20099], [5.90586, 62.19086], [5.92026, 62.17735], [5.92386, 62.16384], [5.92386, 62.15033], [5.92026, 62.11994], [5.90586, 62.09292], [5.85186, 62.05071], [5.84466, 62.02031], [5.90946, 62.06084], [5.93826, 62.08785], [5.95626, 62.1402], [5.97066, 62.13851], [6.04266, 62.09967], [6.05346, 62.08617], [6.04986, 62.06759], [6.08946, 62.07772], [6.12546, 62.08279], [6.20826, 62.0811], [6.36666, 62.06084], [6.36666, 62.06759], [6.08946, 62.10981], [6.07506, 62.11487], [6.04986, 62.13851], [6.03906, 62.14358], [6.02826, 62.14864], [5.98146, 62.1841], [5.92746, 62.1993], [5.92026, 62.20774], [5.92746, 62.22632], [5.93826, 62.2297], [5.95626, 62.22463], [5.99586, 62.21112], [6.01746, 62.20774], [6.06426, 62.20437], [6.04986, 62.21112], [6.02826, 62.2145], [5.99226, 62.21788], [5.98146, 62.22294], [5.97426, 62.23476], [5.96346, 62.24489], [5.94906, 62.24489], [5.97786, 62.28035], [6.02826, 62.30568], [6.08226, 62.32257], [6.13266, 62.32763], [6.24786, 62.3614], [6.30906, 62.37154], [6.33786, 62.35296], [6.34146, 62.34621], [6.37386, 62.31412], [6.39186, 62.28035], [6.41346, 62.26684], [6.46026, 62.24827], [6.48186, 62.23138], [6.55027, 62.17059], [6.56107, 62.15202], [6.55747, 62.13851], [6.53227, 62.10981], [6.59347, 62.13513], [6.58267, 62.16046], [6.49626, 62.25334], [6.41706, 62.31075], [6.39906, 62.33608], [6.38826, 62.36478], [6.39906, 62.38673], [6.43506, 62.39686], [6.47826, 62.40024], [6.49986, 62.39855], [6.52507, 62.39011], [6.53227, 62.38336], [6.56467, 62.35634], [6.56107, 62.37154], [6.56107, 62.38673], [6.55747, 62.39855], [6.54307, 62.40362], [6.54307, 62.41037], [6.56467, 62.41713], [6.64747, 62.4357], [6.69067, 62.44921], [6.70867, 62.4509], [6.72307, 62.44752], [6.74827, 62.43401], [6.87787, 62.41713], [6.88147, 62.40193], [6.87427, 62.37998], [6.87427, 62.35634], [6.88507, 62.34114], [6.97867, 62.28373], [6.98947, 62.2736], [6.99667, 62.26178], [7.00027, 62.25334], [7.00747, 62.20943], [7.00387, 62.19424], [6.99667, 62.18242], [6.94267, 62.13682], [6.93907, 62.12163], [6.95707, 62.10305], [6.98947, 62.08954], [7.02187, 62.09123], [7.10107, 62.10474], [7.12627, 62.11487], [7.14067, 62.11656], [7.15147, 62.11487], [7.18747, 62.10305], [7.14787, 62.13007], [7.02907, 62.09967], [6.97867, 62.11318], [6.97507, 62.13007], [6.98587, 62.14189], [7.02547, 62.16722], [7.03627, 62.1841], [7.03627, 62.20268], [7.02547, 62.26009], [7.02907, 62.26684], [7.03627, 62.2736], [7.05067, 62.27529], [7.11187, 62.28035], [7.20907, 62.25165], [7.23427, 62.25671], [7.25227, 62.27022], [7.28107, 62.28035], [7.30987, 62.28204], [7.33507, 62.27022], [7.35307, 62.25671], [7.37467, 62.24489], [7.39627, 62.23476], [7.41427, 62.23138], [7.41427, 62.23983], [7.37467, 62.2736], [7.33147, 62.28542], [7.32067, 62.29048], [7.29187, 62.29724], [7.16227, 62.28711], [7.02187, 62.30399], [6.95707, 62.32594], [6.91387, 62.36985], [6.94627, 62.36985], [6.96067, 62.37154], [6.97507, 62.3766], [6.85267, 62.45428], [6.83827, 62.45934], [6.82027, 62.46103], [6.77707, 62.45934], [6.75547, 62.46441], [6.77347, 62.47116], [6.79147, 62.47792], [6.69067, 62.47792], [6.48186, 62.43064], [6.39906, 62.42557], [6.35946, 62.43064], [6.34146, 62.43908], [6.31986, 62.45428], [6.30546, 62.45934], [6.28386, 62.45765], [6.26226, 62.45259], [6.24426, 62.4509], [6.22266, 62.45934], [6.25146, 62.46778], [6.33786, 62.47285], [6.41346, 62.48974], [6.43146, 62.49649], [6.45306, 62.50156], [6.53227, 62.50156], [6.57187, 62.49311], [6.67627, 62.49311], [6.67627, 62.49987], [6.65107, 62.50324], [6.61507, 62.52013], [6.56827, 62.51], [6.47466, 62.51338], [6.47466, 62.52013], [6.54307, 62.52857], [6.56467, 62.52688], [6.53227, 62.53702], [6.26226, 62.52688], [6.26586, 62.53533], [6.26946, 62.53702], [6.26586, 62.53702], [6.26226, 62.54039], [6.26946, 62.55559], [6.26586, 62.56234], [6.25506, 62.56741], [6.24786, 62.57416], [6.25506, 62.5843], [6.26586, 62.59274], [6.29106, 62.60287], [6.31986, 62.60794], [6.53587, 62.61638], [6.56107, 62.61131], [6.58267, 62.59949], [6.60067, 62.58261], [6.60427, 62.56066], [6.61147, 62.56066], [6.62227, 62.58936], [6.62227, 62.60118], [6.61147, 62.60963], [6.62227, 62.61976], [6.63307, 62.62313], [6.64027, 62.61976], [6.64747, 62.60963], [6.68707, 62.63327], [6.73027, 62.65015], [6.75547, 62.65522], [6.77707, 62.65015], [6.88147, 62.60118], [6.89947, 62.58767], [6.90307, 62.58261], [6.89947, 62.57754], [6.89947, 62.57585], [6.91747, 62.57416], [6.92467, 62.57923], [6.92107, 62.58767], [6.91387, 62.59781], [6.90667, 62.60287], [6.91387, 62.60625], [6.92827, 62.62313], [6.91747, 62.62482], [6.90667, 62.6282], [6.89587, 62.63495], [6.88867, 62.6434], [6.93187, 62.65522], [7.09387, 62.65015], [7.08307, 62.63833], [7.06867, 62.62989], [7.05427, 62.62482], [7.03627, 62.62313], [7.05067, 62.60963], [7.09747, 62.613], [7.10467, 62.59949], [7.10827, 62.58261], [7.12627, 62.5539], [7.12627, 62.53364], [7.13347, 62.53364], [7.13707, 62.54377], [7.15147, 62.56741], [7.15507, 62.57416], [7.15147, 62.58261], [7.13707, 62.59443], [7.13347, 62.59949], [7.15867, 62.62989], [7.17307, 62.6282], [7.20907, 62.61638], [7.31707, 62.60456], [7.36387, 62.59274], [7.42867, 62.54884], [7.48987, 62.54884], [7.51868, 62.54039], [7.52588, 62.52688], [7.53308, 62.51169], [7.54388, 62.50324], [7.56188, 62.51675], [7.56548, 62.52688], [7.56908, 62.54039], [7.57268, 62.55052], [7.58708, 62.5539], [7.77788, 62.57416], [7.74548, 62.58598], [7.50428, 62.56572], [7.46107, 62.57416], [7.44307, 62.5843], [7.42147, 62.59781], [7.41427, 62.61469], [7.41787, 62.63327], [7.44307, 62.64509], [7.47907, 62.64002], [7.50068, 62.61976], [7.49707, 62.58767], [7.51868, 62.5843], [7.53308, 62.59443], [7.53308, 62.613], [7.51148, 62.65015], [7.51148, 62.66366], [7.52228, 62.67379], [7.57268, 62.68223], [7.61588, 62.70081], [7.83548, 62.73289], [7.94708, 62.7312], [7.99388, 62.73627], [8.01908, 62.73289], [8.04068, 62.72783], [8.12708, 62.69405], [8.14868, 62.69237], [8.13068, 62.71769], [8.06588, 62.73965], [8.04428, 62.75991], [8.05508, 62.7616], [8.06228, 62.76666], [8.06948, 62.77173], [8.07308, 62.78017], [8.04788, 62.77848], [8.00108, 62.77004], [7.90748, 62.76329], [7.86428, 62.74978], [7.64468, 62.72783], [7.52588, 62.69237], [7.48987, 62.6873], [7.38547, 62.6873], [7.36027, 62.69743], [7.39267, 62.70419], [7.40347, 62.71263], [7.39267, 62.72107], [7.36747, 62.73289], [7.40347, 62.73796], [7.47187, 62.76666], [7.68068, 62.79368], [7.65548, 62.79368], [7.60868, 62.79537], [7.45027, 62.77173], [7.41427, 62.75991], [7.39627, 62.75653], [7.35307, 62.75484], [7.31347, 62.74471], [6.97147, 62.72614], [6.94987, 62.73289], [6.96067, 62.73289], [6.97147, 62.73627], [6.97867, 62.74302], [6.98227, 62.75315], [6.97867, 62.75991], [6.96067, 62.76497], [6.95707, 62.77004], [6.96067, 62.78355], [6.97507, 62.79706], [7.01107, 62.81563], [7.05787, 62.82576], [7.21627, 62.81563], [7.19107, 62.82239], [7.15507, 62.84265], [7.13347, 62.8494], [7.01827, 62.84096], [7.00387, 62.84771], [6.95707, 62.88655], [6.94627, 62.90513], [6.92827, 62.91188], [6.88147, 62.91188], [6.89227, 62.92201], [6.91027, 62.92877], [7.00027, 62.95072], [7.07587, 62.9828], [7.10827, 62.99124], [7.17307, 62.998], [7.23787, 63.01488], [7.27027, 63.01488], [7.29907, 63.00475], [7.34227, 62.97773], [7.37107, 62.97267], [7.42147, 62.95072], [7.42507, 62.94565], [7.44307, 62.91863], [7.50068, 62.91019], [7.55828, 62.93214], [7.61588, 62.96085], [7.66988, 62.97942], [7.69148, 62.98111], [7.77428, 62.97773], [7.78148, 62.97267], [7.77788, 62.96423], [7.76708, 62.95578], [7.74908, 62.94227], [7.66988, 62.91863], [7.69508, 62.91188], [7.83188, 62.94903], [7.84628, 62.95072], [7.88228, 62.95241], [7.90028, 62.95578], [7.93988, 62.97773], [7.97228, 62.97773], [8.07668, 62.95072], [8.08748, 62.94565], [8.09468, 62.93721], [8.09468, 62.92877], [8.10188, 62.92201], [8.11268, 62.91863], [8.11268, 62.89837], [8.12348, 62.86798], [8.13788, 62.83589], [8.15588, 62.81563], [8.18828, 62.79875], [8.27828, 62.78693], [8.31788, 62.77679], [8.41508, 62.72614], [8.44748, 62.71938], [8.47988, 62.71601], [8.51229, 62.70756], [8.53749, 62.68899], [8.54469, 62.65691], [8.56629, 62.68223], [8.56629, 62.70419], [8.54469, 62.72107], [8.45468, 62.75653], [8.37548, 62.77679], [8.33228, 62.80043], [8.24588, 62.81563], [8.18468, 62.84771], [8.17028, 62.85785], [8.16668, 62.87642], [8.17028, 62.89162], [8.17748, 62.90175], [8.19188, 62.9085], [8.20988, 62.91188], [8.19908, 62.91526], [8.18468, 62.91695], [8.17388, 62.92032], [8.16668, 62.92877], [8.15948, 62.93552], [8.15228, 62.94565], [8.14868, 62.95072], [8.13068, 62.95916], [8.08748, 62.9676], [8.00108, 63.00644], [7.99748, 63.00982], [7.98668, 63.02333], [7.98308, 63.0267], [7.97228, 63.02839], [7.96148, 63.02839], [7.95068, 63.02502], [7.94348, 63.01995], [7.95428, 63.01995], [7.96148, 63.01826], [7.96508, 63.01488], [7.96868, 63.00644], [7.94708, 63.00306], [7.91468, 63.00137], [7.88588, 63.00475], [7.87868, 63.00982], [7.89308, 63.02333], [7.93268, 63.03852], [7.95068, 63.04697], [7.98308, 63.08074], [7.99748, 63.09256], [8.01548, 63.101], [8.04068, 63.10776], [8.06588, 63.11113], [8.08748, 63.10944], [8.10188, 63.10438], [8.11988, 63.09425], [8.13428, 63.08074], [8.12708, 63.05034], [8.14148, 63.03684], [8.15948, 63.0267], [8.17388, 63.01995], [8.24588, 63.00813], [8.26748, 62.99631], [8.28548, 62.9828], [8.29628, 62.97942], [8.31428, 62.97942], [8.32148, 62.97773], [8.32868, 62.97267], [8.33588, 62.9676], [8.33948, 62.95916], [8.31068, 62.94396], [8.31788, 62.93045], [8.33588, 62.91188], [8.32868, 62.88655], [8.32868, 62.88149], [8.34308, 62.88317], [8.37548, 62.88993], [8.38988, 62.88993], [8.40428, 62.88655], [8.48708, 62.85278], [8.52309, 62.84434], [8.53749, 62.85278], [8.52309, 62.87135], [8.45468, 62.88317], [8.42948, 62.89668], [8.45108, 62.89499], [8.57349, 62.87473], [8.59509, 62.86967], [8.60589, 62.86291], [8.62389, 62.84771], [8.63469, 62.84096], [8.65269, 62.83589], [8.68509, 62.82914], [8.70309, 62.82239], [8.62029, 62.87811], [8.59509, 62.88486], [8.51949, 62.89162], [8.49788, 62.89837], [8.47988, 62.90681], [8.42228, 62.94734], [8.41508, 62.95916], [8.64549, 62.9676], [8.66709, 62.97942], [8.63829, 62.98955], [8.57709, 62.97942], [8.54469, 62.97942], [8.52309, 62.98955], [8.53389, 62.99969], [8.58789, 63.01995], [8.55549, 63.02333], [8.48708, 62.99462], [8.39348, 62.97267], [8.37548, 62.97267], [8.36828, 62.97605], [8.35748, 62.98618], [8.35388, 62.98955], [8.34668, 62.99293], [8.31788, 62.99969], [8.35388, 63.00813], [8.43668, 63.00982], [8.46908, 63.01995], [8.43668, 63.03177], [8.30348, 63.01995], [8.26388, 63.02164], [8.23868, 63.02502], [8.22428, 63.03346], [8.22068, 63.03852], [8.22068, 63.04697], [8.22428, 63.05372], [8.22788, 63.06385], [8.22428, 63.06554], [8.22068, 63.06892], [8.21708, 63.0723], [8.20268, 63.09256], [8.17748, 63.10438], [8.16668, 63.11451], [8.18828, 63.12971], [8.22068, 63.13477], [8.24228, 63.12295], [8.26388, 63.10776], [8.29268, 63.09594], [8.28908, 63.09087], [8.28548, 63.08074], [8.28548, 63.07567], [8.30708, 63.07905], [8.31788, 63.08243], [8.32508, 63.08918], [8.32508, 63.09425], [8.31788, 63.09762], [8.31428, 63.10269], [8.31788, 63.10944], [8.30348, 63.12464], [8.28188, 63.13308], [8.23508, 63.14322], [8.23508, 63.14997], [8.54469, 63.13308], [8.64189, 63.10944], [8.62389, 63.12802], [8.57709, 63.1449], [8.56629, 63.16179], [8.57709, 63.1753], [8.60949, 63.18036], [8.85069, 63.204], [8.94429, 63.21245], [8.86869, 63.21076], [8.64909, 63.20569], [8.62389, 63.20232], [8.61309, 63.204], [8.60229, 63.22427], [8.59149, 63.23609], [8.57349, 63.25297], [8.52669, 63.2783], [8.50149, 63.28843], [8.47628, 63.2935], [8.51589, 63.30532], [8.70309, 63.32389], [8.73909, 63.33402], [8.76429, 63.34922], [8.72829, 63.34922], [8.71029, 63.35091], [8.69589, 63.35598], [8.68869, 63.36273], [8.68149, 63.37117], [8.67429, 63.37962], [8.63829, 63.39144], [8.64549, 63.40832], [8.67069, 63.42183], [8.71749, 63.40832], [8.74269, 63.41339], [8.76429, 63.42521], [8.78589, 63.43027], [8.79309, 63.43196], [8.82189, 63.42859], [8.84349, 63.42014], [8.85789, 63.40832], [8.87949, 63.39819], [8.89029, 63.42183], [8.92629, 63.42352], [8.96589, 63.41845], [8.99829, 63.41845], [8.99829, 63.42521], [8.97309, 63.42521], [8.96589, 63.43365], [8.97309, 63.44716], [9.00189, 63.46573], [9.00549, 63.46742], [9.01989, 63.46573], [9.05229, 63.45223], [9.11349, 63.41845], [9.12429, 63.40663], [9.12789, 63.39481], [9.13509, 63.38468], [9.14949, 63.37624], [9.12789, 63.36273], [9.10269, 63.34247], [9.08829, 63.32052], [9.09189, 63.2935], [9.12429, 63.32052], [9.14229, 63.33065], [9.19269, 63.33909], [9.26469, 63.36273], [9.43389, 63.37962], [9.47709, 63.40326], [9.44829, 63.40157], [9.39429, 63.38637], [9.26109, 63.3813], [9.22869, 63.37286], [9.21789, 63.37117], [9.20349, 63.37624], [9.19269, 63.38299], [9.16749, 63.40157], [9.16749, 63.42183], [9.18189, 63.43534], [9.48069, 63.47249], [9.48429, 63.47587], [9.48429, 63.48262], [9.48069, 63.48769], [9.47349, 63.486], [9.45549, 63.47924], [9.36549, 63.46573], [9.33309, 63.46573], [9.30069, 63.47755], [9.28629, 63.47924], [9.27909, 63.48262], [9.26829, 63.49613], [9.25749, 63.49951], [9.26109, 63.486], [9.26829, 63.47418], [9.27909, 63.46405], [9.29349, 63.45898], [9.21069, 63.45898], [9.16749, 63.46742], [9.14949, 63.486], [9.16029, 63.50795], [9.19269, 63.51301], [9.24309, 63.51301], [9.23589, 63.53497], [9.25749, 63.53497], [9.28269, 63.5299], [9.30069, 63.53159], [9.31869, 63.54341], [9.34389, 63.55523], [9.36909, 63.56367], [9.38709, 63.56198], [9.37629, 63.55354], [9.37629, 63.54172], [9.37989, 63.5299], [9.38709, 63.52146], [9.40509, 63.51808], [9.41589, 63.52483], [9.45909, 63.56198], [9.47709, 63.57211], [9.49509, 63.57718], [9.5203, 63.57549], [9.5347, 63.56705], [9.5599, 63.5451], [9.5743, 63.54172], [9.5599, 63.56536], [9.5455, 63.58056], [9.5239, 63.58731], [9.49149, 63.589], [9.5167, 63.6042], [9.5455, 63.61095], [9.6067, 63.61602], [9.6679, 63.63797], [9.7003, 63.64472], [9.7255, 63.63628], [9.7219, 63.62108], [9.7399, 63.60251], [9.7867, 63.57549], [9.8011, 63.56367], [9.8119, 63.54847], [9.8155, 63.53159], [9.8047, 63.51301], [9.8983, 63.47755], [9.9487, 63.44885], [9.9595, 63.4269], [9.9415, 63.39481], [9.9271, 63.37793], [9.8335, 63.32896], [9.8551, 63.32558], [9.8947, 63.33065], [9.9307, 63.34247], [9.9775, 63.36273], [10.0135, 63.36104], [10.0459, 63.3526], [10.0999, 63.32558], [10.1395, 63.3222], [10.2115, 63.32896], [10.2439, 63.32558], [10.2547, 63.31376], [10.2583, 63.26648], [10.2691, 63.27324], [10.2727, 63.28168], [10.2727, 63.30532], [10.2727, 63.30701], [10.2763, 63.3087], [10.2799, 63.31207], [10.2799, 63.31883], [10.2763, 63.32389], [10.2727, 63.32727], [10.2691, 63.32896], [10.2655, 63.33234], [10.2439, 63.34416], [10.0855, 63.36104], [10.0675, 63.36611], [10.0567, 63.37286], [10.0495, 63.3813], [10.0423, 63.39481], [10.0423, 63.40663], [10.0495, 63.4117], [10.0603, 63.41508], [10.0819, 63.43196], [10.0927, 63.43872], [10.1575, 63.45223], [10.3015, 63.46573], [10.3159, 63.46405], [10.3555, 63.44547], [10.3735, 63.44209], [10.3879, 63.44378], [10.4167, 63.45223], [10.4455, 63.45729], [10.4815, 63.45391], [10.51751, 63.44716], [10.54631, 63.43534], [10.57871, 63.43027], [10.69031, 63.45223], [10.69751, 63.44716], [10.75871, 63.43872], [10.78391, 63.42352], [10.79831, 63.41677], [10.80911, 63.42183], [10.83071, 63.44041], [10.84151, 63.44378], [10.87751, 63.44547], [10.89191, 63.44885], [10.90631, 63.4556], [10.91711, 63.46573], [10.82351, 63.47587], [10.77671, 63.48769], [10.75871, 63.51808], [10.78031, 63.53834], [10.83071, 63.55016], [10.92431, 63.55523], [10.92431, 63.56198], [10.87751, 63.56367], [10.85591, 63.56874], [10.86311, 63.57887], [10.87751, 63.58393], [10.89551, 63.58393], [10.91351, 63.589], [10.92431, 63.60251], [10.85231, 63.59744], [10.81631, 63.59069], [10.78751, 63.57887], [10.76951, 63.5738], [10.72991, 63.57211], [10.71551, 63.56536], [10.70111, 63.55692], [10.68671, 63.55185], [10.67231, 63.54847], [10.65791, 63.54847], [10.65791, 63.55523], [10.67231, 63.55861], [10.67951, 63.56705], [10.68671, 63.57718], [10.69751, 63.58225], [10.70471, 63.58393], [10.70831, 63.58731], [10.71191, 63.59407], [10.71551, 63.59913], [10.71911, 63.6042], [10.72991, 63.60926], [10.73351, 63.61264], [10.75511, 63.62446], [10.78751, 63.63459], [10.84511, 63.64472], [10.86311, 63.65148], [10.90631, 63.68525], [11.03231, 63.71902], [11.05751, 63.71564], [11.08271, 63.70382], [11.11871, 63.70382], [11.15831, 63.71058], [11.18351, 63.71902], [11.20511, 63.73422], [11.24111, 63.76461], [11.26631, 63.77474], [11.33831, 63.78487], [11.44271, 63.78656], [11.45711, 63.78994], [11.46431, 63.80176], [11.46071, 63.81189], [11.44991, 63.81865], [11.43551, 63.82202], [11.42471, 63.82202], [11.42831, 63.8254], [11.43551, 63.83216], [11.43911, 63.83553], [11.41391, 63.85073], [11.35631, 63.84735], [11.32751, 63.85242], [11.30231, 63.86255], [11.27711, 63.86762], [11.25191, 63.86762], [11.11151, 63.84904], [11.10071, 63.85242], [11.09711, 63.85748], [11.09351, 63.86762], [11.09351, 63.87606], [11.09711, 63.88957], [11.10071, 63.89294], [11.11151, 63.89463], [11.17631, 63.90983], [11.20151, 63.91996], [11.21231, 63.93516], [11.22311, 63.94529], [11.29871, 63.96555], [11.43551, 63.98244], [11.46431, 63.99257], [11.48591, 64.00608], [11.49671, 64.02128], [11.45351, 64.0179], [11.44271, 64.02634], [11.42471, 64.02803], [11.36711, 64.02803], [11.26271, 64.03647], [11.25551, 64.03816], [11.24111, 64.05167], [11.24111, 64.0618], [11.25191, 64.06856], [11.28071, 64.07531], [11.34551, 64.1057], [11.36351, 64.11752], [11.32751, 64.11415], [11.29871, 64.10739], [11.22671, 64.07193], [11.20511, 64.02803], [11.19791, 64.02128], [11.17631, 64.00777], [10.96391, 63.94867], [10.93511, 63.93685], [10.90991, 63.92165], [10.89191, 63.90814], [10.87031, 63.89801], [10.83791, 63.88788], [10.71911, 63.8693], [10.69031, 63.86086], [10.64711, 63.83384], [10.59671, 63.82033], [10.57511, 63.80851], [10.59311, 63.80851], [10.61471, 63.81189], [10.63271, 63.81696], [10.69031, 63.8406], [10.70111, 63.84229], [10.76951, 63.85073], [10.89911, 63.89463], [10.93511, 63.89801], [10.99991, 63.87775], [11.02871, 63.87268], [11.05751, 63.86086], [11.07551, 63.83553], [11.05391, 63.83216], [11.02871, 63.82371], [11.00711, 63.81358], [10.99271, 63.80176], [10.98551, 63.79501], [10.98191, 63.77643], [10.97831, 63.76799], [10.97111, 63.76292], [10.95311, 63.75617], [10.94591, 63.74941], [10.90991, 63.73084], [10.81271, 63.72071], [10.74071, 63.69031], [10.67231, 63.68694], [10.64351, 63.67681], [10.63271, 63.67005], [10.61111, 63.63966], [10.60391, 63.63628], [10.56791, 63.62446], [10.52831, 63.61939], [10.4167, 63.57887], [10.4023, 63.57718], [10.3663, 63.5738], [10.3339, 63.56367], [10.3195, 63.56198], [10.2403, 63.56198], [10.2295, 63.55861], [10.2043, 63.5451], [10.1935, 63.54172], [10.1647, 63.53665], [10.0819, 63.50795], [10.0423, 63.50119], [9.9991, 63.49951], [9.9919, 63.49782], [9.9847, 63.49444], [9.9811, 63.49275], [9.9739, 63.49613], [9.9703, 63.49951], [9.9631, 63.50457], [9.9559, 63.50626], [9.9199, 63.5147], [9.9091, 63.53159], [9.9055, 63.55523], [9.8875, 63.57549], [9.8983, 63.58562], [9.9019, 63.589], [9.8839, 63.59575], [9.8515, 63.59744], [9.8335, 63.60251], [9.8191, 63.61433], [9.8119, 63.62784], [9.8155, 63.63797], [9.8335, 63.64472], [9.8263, 63.65317], [9.8155, 63.65823], [9.7939, 63.66499], [9.7939, 63.66836], [9.7975, 63.67174], [9.8011, 63.67512], [9.8047, 63.67681], [9.8047, 63.68187], [9.7975, 63.692], [9.8443, 63.69707], [9.9235, 63.71564], [9.9991, 63.72409], [10.0351, 63.73422], [10.0711, 63.74941], [10.0999, 63.76799], [10.0747, 63.7663], [10.0315, 63.74773], [10.0063, 63.74604], [10.0099, 63.75786], [10.0171, 63.7663], [10.0279, 63.77137], [10.0387, 63.77474], [10.0279, 63.78319], [10.0135, 63.77981], [9.9919, 63.77137], [9.9739, 63.76799], [9.9559, 63.7663], [9.9055, 63.75786], [9.8587, 63.73084], [9.7795, 63.7224], [9.7291, 63.70213], [9.6499, 63.69876], [9.6463, 63.69707], [9.6427, 63.692], [9.6427, 63.68694], [9.6427, 63.68525], [9.6355, 63.68356], [9.6247, 63.68525], [9.6211, 63.68525], [9.5851, 63.67174], [9.5455, 63.66499], [9.5527, 63.68356], [9.5671, 63.7072], [9.5527, 63.71902], [9.5527, 63.72577], [9.7183, 63.76292], [9.7795, 63.76799], [9.7795, 63.77474], [9.5815, 63.75955], [9.5455, 63.77474], [9.6643, 63.81865], [9.8299, 63.86086], [9.8731, 63.86255], [9.8731, 63.8693], [9.8299, 63.87099], [9.8119, 63.87437], [9.7939, 63.8845], [9.8911, 63.90308], [9.9127, 63.90139], [9.9163, 63.89126], [9.9091, 63.88619], [9.9055, 63.8845], [9.9271, 63.8845], [9.9379, 63.88619], [9.9703, 63.90476], [10.0675, 63.91827], [10.1143, 63.94191], [10.1719, 63.93347], [10.1971, 63.93854], [10.1719, 63.95711], [10.1575, 63.96386], [10.1431, 63.96555], [10.1251, 63.96218], [10.0963, 63.94867], [10.0639, 63.9436], [10.0315, 63.93347], [9.9955, 63.93009], [9.9631, 63.91827], [9.9415, 63.91827], [9.9739, 63.94191], [10.0855, 63.96724], [10.1287, 63.9875], [10.1143, 63.9875], [10.1035, 63.98244], [10.0927, 63.97568], [10.0819, 63.97231], [10.0711, 63.97568], [10.0639, 63.98244], [10.0603, 63.9875], [9.9919, 63.96386], [9.9631, 63.96049], [9.9379, 63.9588], [9.9451, 63.97231], [9.9739, 63.98413], [9.9847, 63.99426], [9.9883, 64.00946], [9.9919, 64.02634], [9.9991, 64.03647], [10.0171, 64.03478], [10.0135, 64.04492], [10.0135, 64.04998], [10.0243, 64.0618], [10.0135, 64.07024], [10.0027, 64.08206], [9.9955, 64.09557], [9.9991, 64.10908], [10.0135, 64.11921], [10.0351, 64.11584], [10.0855, 64.10064], [10.0999, 64.0922], [10.1071, 64.09051], [10.1935, 64.10064], [10.2079, 64.10908], [10.2187, 64.12428], [10.1899, 64.11752], [10.1071, 64.11752], [10.1179, 64.13103], [10.1323, 64.13779], [10.1539, 64.14116], [10.1683, 64.1361], [10.1611, 64.14792], [10.1575, 64.1513], [10.1575, 64.15805], [10.1971, 64.15805], [10.1863, 64.16143], [10.1791, 64.16649], [10.1755, 64.17494], [10.1827, 64.18507], [10.1791, 64.18844], [10.1755, 64.19182], [10.1719, 64.1952], [10.1683, 64.19858], [10.1863, 64.19858], [10.2043, 64.19351], [10.2223, 64.19182], [10.2367, 64.19858], [10.2331, 64.20026], [10.2331, 64.20195], [10.2295, 64.20533], [10.2547, 64.20533], [10.2979, 64.2104], [10.3195, 64.20533], [10.3663, 64.18507], [10.3735, 64.18507], [10.3663, 64.20702], [10.3231, 64.22222], [10.2439, 64.23404], [10.2583, 64.24586], [10.2835, 64.25261], [10.3339, 64.26105], [10.3303, 64.26443], [10.3267, 64.27456], [10.3519, 64.27456], [10.3987, 64.26443], [10.3915, 64.27794], [10.3915, 64.28807], [10.4059, 64.28976], [10.4347, 64.28469], [10.4491, 64.28976], [10.4635, 64.29483], [10.4779, 64.29651], [10.4923, 64.29483], [10.4923, 64.30158], [10.4563, 64.30158], [10.4491, 64.3134], [10.4527, 64.33029], [10.4491, 64.35055], [10.4707, 64.35055], [10.4779, 64.35055], [10.4707, 64.3573], [10.4923, 64.35561], [10.51751, 64.35055], [10.56071, 64.3286], [10.55351, 64.34379], [10.53911, 64.35393], [10.50311, 64.36406], [10.50311, 64.37081], [10.54631, 64.36912], [10.56791, 64.36406], [10.59671, 64.34548], [10.61471, 64.34717], [10.65071, 64.3573], [10.65071, 64.36406], [10.62191, 64.36237], [10.60751, 64.36575], [10.60031, 64.37419], [10.59671, 64.38263], [10.59311, 64.3877], [10.58231, 64.39107], [10.57151, 64.39107], [10.56791, 64.39276], [10.56431, 64.39783], [10.56071, 64.40289], [10.55351, 64.40458], [10.4635, 64.40458], [10.4707, 64.4164], [10.4815, 64.42316], [10.4959, 64.42991], [10.51031, 64.4316], [10.54271, 64.42653], [10.60031, 64.40289], [10.62911, 64.39783], [10.62191, 64.40965], [10.61471, 64.42147], [10.60391, 64.42653], [10.59311, 64.42485], [10.59311, 64.42991], [10.58591, 64.43329], [10.58591, 64.43498], [10.59311, 64.44173], [10.60031, 64.44849], [10.60391, 64.45186], [10.61471, 64.45017], [10.63271, 64.44004], [10.63991, 64.43835], [10.64711, 64.43498], [10.65791, 64.42147], [10.66511, 64.41809], [10.72271, 64.41809], [10.73351, 64.4164], [10.73711, 64.40965], [10.74071, 64.40289], [10.74431, 64.39783], [10.75511, 64.39276], [10.81631, 64.37081], [10.83431, 64.36912], [10.85591, 64.37757], [10.79831, 64.40121], [10.78751, 64.41134], [10.80551, 64.42147], [10.79831, 64.4316], [10.77311, 64.44173], [10.75151, 64.4468], [10.67951, 64.43835], [10.65791, 64.4468], [10.65791, 64.45186], [10.66871, 64.45355], [10.69391, 64.46875], [10.70471, 64.47213], [10.71551, 64.47213], [10.74071, 64.46706], [10.75151, 64.46537], [10.75151, 64.46875], [10.75511, 64.47381], [10.75871, 64.47719], [10.76231, 64.48057], [10.79111, 64.48057], [10.80551, 64.47719], [10.82711, 64.46706], [10.84151, 64.46537], [10.83791, 64.48226], [10.82711, 64.49239], [10.81631, 64.49745], [10.80191, 64.50759], [10.82351, 64.51096], [10.84871, 64.50421], [10.87031, 64.49239], [10.88471, 64.47719], [10.89191, 64.4755], [10.89911, 64.48057], [10.90991, 64.48901], [10.91711, 64.49239], [10.92791, 64.49239], [10.93511, 64.48732], [10.94591, 64.48395], [10.95671, 64.48732], [10.92791, 64.50252], [10.92431, 64.50759], [10.92791, 64.51265], [10.93871, 64.51265], [10.96391, 64.50759], [10.96391, 64.51434], [10.94951, 64.52109], [10.94951, 64.52954], [10.95311, 64.53967], [10.95671, 64.55149], [10.95311, 64.55824], [10.93871, 64.56669], [10.92791, 64.57175], [10.91711, 64.57513], [10.91711, 64.58188], [10.92791, 64.58188], [10.93511, 64.58357], [10.94951, 64.59033], [10.95311, 64.59201], [10.95671, 64.59708], [10.95671, 64.60215], [10.95671, 64.60383], [10.97111, 64.60215], [10.99631, 64.59201], [11.05031, 64.58019], [11.06111, 64.57513], [11.06471, 64.56669], [11.06111, 64.54811], [11.06471, 64.53798], [11.07551, 64.52278], [11.08271, 64.52109], [11.10071, 64.52109], [11.16551, 64.48901], [11.17631, 64.47888], [11.17631, 64.46537], [11.16191, 64.4468], [11.18351, 64.44173], [11.24471, 64.45186], [11.26991, 64.45186], [11.29511, 64.44849], [11.31671, 64.44173], [11.34191, 64.4316], [11.33111, 64.41134], [11.32031, 64.39783], [11.26991, 64.36743], [11.22311, 64.32184], [11.24831, 64.32522], [11.26631, 64.33873], [11.29871, 64.37081], [11.37791, 64.39783], [11.38871, 64.40458], [11.37071, 64.41134], [11.36351, 64.41134], [11.37071, 64.41978], [11.39591, 64.44511], [11.41031, 64.45186], [11.41751, 64.45017], [11.43551, 64.44173], [11.44271, 64.43835], [11.45351, 64.44004], [11.47871, 64.45186], [11.52192, 64.46199], [11.61192, 64.46875], [11.65512, 64.48057], [11.43911, 64.46537], [11.44631, 64.47719], [11.44991, 64.49577], [11.46071, 64.51096], [11.47511, 64.51772], [11.52192, 64.51772], [11.53992, 64.52109], [11.53992, 64.52785], [11.52912, 64.52954], [11.51832, 64.53291], [11.51112, 64.53967], [11.50752, 64.54811], [11.57232, 64.55655], [11.55432, 64.54473], [11.54712, 64.54136], [11.56872, 64.53798], [11.65512, 64.57006], [11.74872, 64.58526], [11.78112, 64.59708], [11.65872, 64.5937], [11.63712, 64.58188], [11.62632, 64.59201], [11.62632, 64.60215], [11.63352, 64.61228], [11.62992, 64.6241], [11.61192, 64.62916], [11.59032, 64.62241], [11.56872, 64.61228], [11.55432, 64.60383], [11.56152, 64.59877], [11.57232, 64.59708], [11.58312, 64.59539], [11.59392, 64.59708], [11.57592, 64.57513], [11.54712, 64.56837], [11.51832, 64.57344], [11.49311, 64.58695], [11.48591, 64.59539], [11.46431, 64.61059], [11.45351, 64.62072], [11.44271, 64.62747], [11.42831, 64.63085], [11.42111, 64.63592], [11.42471, 64.64436], [11.42471, 64.65111], [11.41391, 64.65618], [11.40311, 64.66294], [11.39591, 64.67307], [11.39591, 64.68489], [11.40311, 64.68826], [11.41031, 64.68658], [11.42111, 64.68658], [11.42471, 64.69671], [11.42111, 64.70008], [11.41391, 64.70346], [11.40311, 64.70515], [11.39591, 64.70684], [11.42111, 64.71359], [11.47871, 64.72035], [11.53272, 64.74399], [11.56152, 64.7423], [11.59032, 64.73723], [11.61552, 64.74061], [11.60832, 64.7423], [11.59392, 64.74736], [11.59392, 64.75918], [11.58312, 64.76256], [11.56872, 64.76256], [11.55432, 64.76763], [11.79192, 64.78282], [11.82432, 64.79296], [11.84232, 64.79464], [11.84232, 64.80309], [11.73792, 64.80309], [11.74512, 64.80984], [11.71632, 64.81153], [11.66952, 64.81997], [11.64432, 64.82335], [11.67672, 64.83179], [11.78832, 64.83517], [11.78832, 64.84024], [11.78472, 64.84361], [11.78112, 64.85037], [11.78832, 64.85712], [11.71992, 64.84192], [11.68392, 64.83686], [11.64792, 64.84361], [11.70912, 64.85881], [11.72712, 64.87738], [11.74512, 64.88414], [11.76672, 64.8892], [11.81352, 64.89427], [11.91792, 64.92466], [11.99352, 64.92973], [12.00792, 64.93648], [12.01872, 64.94324], [12.05112, 64.95675], [12.06552, 64.96012], [12.22392, 64.93986], [12.18792, 64.96012], [12.14472, 64.97026], [12.05472, 64.97363], [12.03312, 64.97026], [11.99712, 64.95675], [11.98272, 64.95337], [11.91072, 64.94999], [11.73792, 64.89089], [11.61552, 64.86894], [11.60832, 64.86219], [11.62272, 64.85037], [11.62272, 64.84361], [11.54712, 64.81997], [11.52192, 64.8166], [11.49671, 64.81491], [11.47871, 64.80984], [11.46431, 64.8014], [11.44631, 64.78451], [11.42831, 64.771], [11.40311, 64.75918], [11.37791, 64.75243], [11.26271, 64.73386], [11.23751, 64.74061], [11.25191, 64.74568], [11.30951, 64.75581], [11.33831, 64.76594], [11.35271, 64.76763], [11.35991, 64.771], [11.42111, 64.80815], [11.42831, 64.8166], [11.34551, 64.80478], [11.30231, 64.82166], [11.25551, 64.8166], [11.23031, 64.82335], [11.25191, 64.83855], [11.28071, 64.8453], [11.52552, 64.86219], [11.66592, 64.89258], [11.69832, 64.91284], [11.67312, 64.91284], [11.60112, 64.89089], [11.24471, 64.85712], [11.26631, 64.87063], [11.40311, 64.92298], [11.42471, 64.92466], [11.44991, 64.92298], [11.51112, 64.89934], [11.53272, 64.89596], [11.55432, 64.89934], [11.57592, 64.90609], [11.59392, 64.91791], [11.59392, 64.92466], [11.57952, 64.92298], [11.55072, 64.90778], [11.53272, 64.9044], [11.52192, 64.90778], [11.47871, 64.93311], [11.49671, 64.94155], [11.56152, 64.95337], [11.57952, 64.95337], [11.62272, 64.94493], [11.63712, 64.94493], [11.62992, 64.9483], [11.62272, 64.95675], [11.61552, 64.96012], [11.62992, 64.96519], [11.64072, 64.9635], [11.65152, 64.95675], [11.66232, 64.95337], [11.70912, 64.95675], [11.76672, 64.97026], [11.77752, 64.97701], [11.82072, 64.98039], [11.83512, 64.98714], [11.81712, 64.99221], [11.80632, 64.99896], [11.80272, 65.0074], [11.81352, 65.01754], [11.87112, 65.04118], [11.90712, 65.04962], [11.94312, 65.06313], [11.97912, 65.06819], [12.01152, 65.05468], [12.00792, 65.04624], [12.01152, 65.03611], [12.01512, 65.02936], [12.02592, 65.03104], [12.03312, 65.03611], [12.04032, 65.05131], [12.04392, 65.05975], [12.05472, 65.06482], [12.06192, 65.05975], [12.06192, 65.05131], [12.06552, 65.04624], [12.07632, 65.03949], [12.09072, 65.04118], [12.10512, 65.04624], [12.11592, 65.04962], [12.13752, 65.04624], [12.15192, 65.03949], [12.16632, 65.02767], [12.17712, 65.01416], [12.17712, 65.01078], [12.17712, 65.00909], [12.17352, 65.00403], [12.17352, 64.99727], [12.18432, 64.9939], [12.19512, 64.99558], [12.20232, 64.99896], [12.20592, 65.00572], [12.20952, 65.01416], [12.20232, 65.01922], [12.19152, 65.02598], [12.18792, 65.03442], [12.18432, 65.04624], [12.19152, 65.05131], [12.28152, 65.05975], [12.33912, 65.0817], [12.36792, 65.09015], [12.43632, 65.08508], [12.47232, 65.09015], [12.48672, 65.11379], [12.50833, 65.12054], [12.60553, 65.12561], [12.63793, 65.13067], [12.61993, 65.13743], [12.61273, 65.13743], [12.60193, 65.13743], [12.61633, 65.14925], [12.63793, 65.15431], [12.65953, 65.15431], [12.67753, 65.15938], [12.71713, 65.18471], [12.77473, 65.21172], [12.78913, 65.21341], [12.79633, 65.21848], [12.79993, 65.2303], [12.80713, 65.24212], [12.81793, 65.24718], [12.83953, 65.25394], [12.92953, 65.31304], [12.94033, 65.32823], [12.93313, 65.3333], [12.89713, 65.31135], [12.85753, 65.29615], [12.84673, 65.2894], [12.82513, 65.2742], [12.66673, 65.19653], [12.56953, 65.16613], [12.55513, 65.16613], [12.54073, 65.16275], [12.51553, 65.14756], [12.50113, 65.14418], [12.42912, 65.13911], [12.38952, 65.14249], [12.36792, 65.15093], [12.38232, 65.17795], [12.47232, 65.18302], [12.49752, 65.1999], [12.48672, 65.1999], [12.46152, 65.20328], [12.45072, 65.20666], [12.43992, 65.21341], [12.43632, 65.21679], [12.43992, 65.22523], [12.43992, 65.22692], [12.41832, 65.2303], [12.37872, 65.22185], [12.35352, 65.22017], [12.35352, 65.22692], [12.38952, 65.24212], [12.40752, 65.24718], [12.42912, 65.24718], [12.47952, 65.24043], [12.50833, 65.24043], [12.51913, 65.25056], [12.67753, 65.24887], [12.71353, 65.25394], [12.68113, 65.26238], [12.58753, 65.26069], [12.51553, 65.26745], [12.50113, 65.26576], [12.47592, 65.25563], [12.45792, 65.25394], [12.46152, 65.26407], [12.46512, 65.26745], [12.43632, 65.27251], [12.34632, 65.26745], [12.32112, 65.26069], [12.29952, 65.24549], [12.27792, 65.23199], [12.24552, 65.23367], [12.25632, 65.24549], [12.29952, 65.26745], [12.31032, 65.27589], [12.33192, 65.29446], [12.34272, 65.30291], [12.37872, 65.30966], [12.41472, 65.30797], [12.45072, 65.31304], [12.47952, 65.33668], [12.46152, 65.33668], [12.41112, 65.32317], [12.41832, 65.33499], [12.43272, 65.34512], [12.49032, 65.36876], [12.49752, 65.37045], [12.50473, 65.36876], [12.51193, 65.36369], [12.51193, 65.35863], [12.51553, 65.35694], [12.60193, 65.35525], [12.62713, 65.34681], [12.63793, 65.33499], [12.65593, 65.32655], [12.67393, 65.32317], [12.69193, 65.32992], [12.66313, 65.35525], [12.62353, 65.35694], [12.58393, 65.35863], [12.54793, 65.36369], [12.53713, 65.37214], [12.53353, 65.3924], [12.52633, 65.40591], [12.51553, 65.41773], [12.49032, 65.43293], [12.47952, 65.44643], [12.52633, 65.44812], [12.54793, 65.44643], [12.56593, 65.43968], [12.56953, 65.43461], [12.56953, 65.42955], [12.56953, 65.42279], [12.57313, 65.41942], [12.58393, 65.41773], [12.59113, 65.42955], [12.60193, 65.43293], [12.63073, 65.42111], [12.68113, 65.38058], [12.71353, 65.37045], [12.64153, 65.41604], [12.63073, 65.43293], [12.64873, 65.44981], [12.78193, 65.45994], [12.74233, 65.46839], [12.60913, 65.45994], [12.60913, 65.4667], [12.61993, 65.47007], [12.64513, 65.47852], [12.65593, 65.48021], [12.63433, 65.48865], [12.59833, 65.48865], [12.57673, 65.49878], [12.56593, 65.51398], [12.57313, 65.51904], [12.59473, 65.52242], [12.61633, 65.52918], [12.59473, 65.53424], [12.58033, 65.54944], [12.57313, 65.5697], [12.57313, 65.58996], [12.55153, 65.56801], [12.53713, 65.53424], [12.51193, 65.51229], [12.46512, 65.52242], [12.48672, 65.53762], [12.50833, 65.54944], [12.52633, 65.56126], [12.53353, 65.58321], [12.50833, 65.57308], [12.46512, 65.53762], [12.43992, 65.52918], [12.40392, 65.53424], [12.39672, 65.55113], [12.40392, 65.57477], [12.41832, 65.59672], [12.39672, 65.59672], [12.38232, 65.59165], [12.36792, 65.59334], [12.35352, 65.60347], [12.35712, 65.60854], [12.36072, 65.61698], [12.35712, 65.6288], [12.34992, 65.63893], [12.36432, 65.65244], [12.39672, 65.67102], [12.41472, 65.68284], [12.42912, 65.69972], [12.43992, 65.70648], [12.44712, 65.70985], [12.46512, 65.71661], [12.47592, 65.72336], [12.49392, 65.73349], [12.52633, 65.73518], [12.55513, 65.73012], [12.57313, 65.71998], [12.58033, 65.71323], [12.58393, 65.70648], [12.58753, 65.69972], [12.58753, 65.68959], [12.59473, 65.68621], [12.63793, 65.68621], [12.62713, 65.68115], [12.61633, 65.6727], [12.60913, 65.66257], [12.60913, 65.65075], [12.61633, 65.65244], [12.65593, 65.63893], [12.69193, 65.644], [12.71353, 65.644], [12.74233, 65.63049], [12.75673, 65.63049], [12.77473, 65.63387], [12.78553, 65.63893], [12.77833, 65.64906], [12.75673, 65.65582], [12.73873, 65.65751], [12.69553, 65.6592], [12.68473, 65.66088], [12.67393, 65.66764], [12.66313, 65.67946], [12.65953, 65.68959], [12.65593, 65.70141], [12.64873, 65.70985], [12.62353, 65.71492], [12.58753, 65.72843], [12.57313, 65.73349], [12.55873, 65.75376], [12.56593, 65.76726], [12.61633, 65.78922], [12.63433, 65.80272], [12.64513, 65.80779], [12.65953, 65.80948], [12.67393, 65.8061], [12.68473, 65.79766], [12.69913, 65.7909], [12.71713, 65.78922], [12.70633, 65.80272], [12.70993, 65.82636], [12.69193, 65.83481], [12.66673, 65.83481], [12.62713, 65.82805], [12.61633, 65.82805], [12.61273, 65.83481], [12.61633, 65.85], [12.61993, 65.85507], [12.63073, 65.86014], [12.63793, 65.86351], [12.63793, 65.87196], [12.64153, 65.88546], [12.64153, 65.89222], [12.65953, 65.91248], [12.68113, 65.92599], [12.78913, 65.96483], [12.81793, 65.96821], [12.84673, 65.96652], [12.91873, 65.95301], [12.92953, 65.94625], [12.95113, 65.93106], [12.96553, 65.92599], [12.98713, 65.92599], [13.02313, 65.92937], [13.04113, 65.92599], [13.04833, 65.91924], [13.05913, 65.90573], [13.06993, 65.89897], [13.07713, 65.8956], [13.09513, 65.89391], [13.10233, 65.89222], [13.10953, 65.89053], [13.11313, 65.89222], [13.12033, 65.89222], [13.12393, 65.88884], [13.12393, 65.87871], [13.15633, 65.85], [13.17433, 65.85507], [13.16713, 65.87196], [13.15273, 65.89222], [13.14913, 65.91248], [13.13473, 65.9243], [13.12753, 65.93275], [13.12393, 65.94288], [13.11313, 65.94625], [13.04833, 65.94625], [12.97993, 65.95976], [12.94393, 65.97327], [12.92593, 65.99353], [12.94393, 66.00029], [12.96193, 66.01042], [12.96913, 66.02224], [12.95113, 66.03575], [12.96913, 66.05263], [13.02313, 66.06783], [13.04113, 66.08303], [13.00153, 66.08303], [12.92593, 66.06108], [12.71353, 66.0425], [12.71713, 66.04757], [12.71713, 66.05095], [12.72073, 66.05263], [12.72433, 66.05601], [12.71353, 66.06108], [12.69913, 66.06277], [12.67033, 66.06277], [12.68833, 66.07459], [12.75313, 66.10498], [12.77473, 66.11173], [12.80713, 66.11511], [12.86833, 66.13369], [13.04833, 66.15226], [13.07713, 66.14551], [13.08793, 66.14551], [13.09513, 66.15564], [13.10233, 66.16239], [13.15633, 66.16915], [13.17433, 66.1759], [13.22473, 66.18603], [13.30753, 66.21811], [13.52714, 66.24007], [13.56314, 66.235], [13.57754, 66.21811], [13.55594, 66.20461], [13.52354, 66.19616], [13.49113, 66.19279], [13.49113, 66.18603], [13.58114, 66.18603], [13.57034, 66.17252], [13.54514, 66.15226], [13.53434, 66.13875], [13.53074, 66.12018], [13.53434, 66.11005], [13.54874, 66.10836], [13.56314, 66.11173], [13.57394, 66.11849], [13.59914, 66.14382], [13.61714, 66.15226], [13.63874, 66.15733], [13.71074, 66.15901], [13.74674, 66.16577], [13.76114, 66.16577], [13.77194, 66.16239], [13.78994, 66.15564], [13.82234, 66.14719], [13.82954, 66.14888], [13.83314, 66.15901], [13.83314, 66.16915], [13.82234, 66.17252], [13.77554, 66.1759], [13.70354, 66.17252], [13.60994, 66.18603], [13.64234, 66.2198], [13.69634, 66.23838], [13.75754, 66.24175], [13.80794, 66.235], [13.80074, 66.22318], [13.77194, 66.20967], [13.76114, 66.19954], [13.78994, 66.20123], [13.83674, 66.22149], [13.97354, 66.23838], [13.98794, 66.24175], [13.99514, 66.2502], [14.00234, 66.26033], [14.00954, 66.27046], [14.03474, 66.27721], [14.05274, 66.28735], [14.08514, 66.29241], [14.11394, 66.30254], [14.13554, 66.31605], [14.14274, 66.33463], [14.13194, 66.34307], [14.09954, 66.33632], [14.04914, 66.31605], [13.96274, 66.30423], [13.93754, 66.29579], [13.91594, 66.27215], [13.90874, 66.26877], [13.80434, 66.27721], [13.77914, 66.28228], [13.76474, 66.2941], [13.75394, 66.29579], [13.73954, 66.28903], [13.73954, 66.27721], [13.72514, 66.26371], [13.69994, 66.25357], [13.62074, 66.24175], [13.59194, 66.24344], [13.57394, 66.26202], [13.62434, 66.27553], [13.61354, 66.28059], [13.59914, 66.28566], [13.58834, 66.28903], [13.57394, 66.28903], [13.56314, 66.28566], [13.50194, 66.25864], [13.46593, 66.25526], [13.41553, 66.24344], [13.32553, 66.24513], [13.28593, 66.24175], [13.20313, 66.20461], [13.06993, 66.17421], [13.04113, 66.17928], [13.03033, 66.19785], [13.05553, 66.21136], [13.08793, 66.22149], [13.11313, 66.23162], [13.13473, 66.24682], [13.16353, 66.25864], [13.32193, 66.30085], [13.49473, 66.29917], [13.53434, 66.3093], [13.50554, 66.31943], [13.40473, 66.31605], [13.41193, 66.32787], [13.42273, 66.33294], [13.45153, 66.338], [13.43353, 66.34307], [13.41553, 66.34307], [13.37953, 66.338], [13.36513, 66.338], [13.35793, 66.34138], [13.35073, 66.34814], [13.34353, 66.35658], [13.32193, 66.37009], [13.31113, 66.37515], [13.30753, 66.3684], [13.31473, 66.34982], [13.32913, 66.33632], [13.33633, 66.32787], [13.33273, 66.32281], [13.31833, 66.32112], [13.22833, 66.29748], [13.21033, 66.29579], [13.15633, 66.30423], [13.13833, 66.30254], [13.14553, 66.3093], [13.15633, 66.31774], [13.15993, 66.32618], [13.14913, 66.32956], [13.13473, 66.32956], [13.09513, 66.31605], [13.06273, 66.31436], [13.03753, 66.31943], [13.01593, 66.33463], [13.00153, 66.35658], [13.14193, 66.38697], [13.17073, 66.4123], [13.16713, 66.41568], [13.15993, 66.42243], [13.15993, 66.42919], [13.15633, 66.43594], [13.14913, 66.44438], [13.10233, 66.45452], [13.11673, 66.45958], [13.13113, 66.46127], [13.16353, 66.45958], [13.16353, 66.46634], [13.14913, 66.46971], [13.11673, 66.4714], [13.10233, 66.47478], [13.09153, 66.48153], [13.08793, 66.48998], [13.08073, 66.49842], [13.06993, 66.5018], [13.04113, 66.5018], [13.01593, 66.50517], [12.99433, 66.51193], [12.97273, 66.52206], [13.10233, 66.54232], [13.11313, 66.54063], [13.13473, 66.5305], [13.18513, 66.52206], [13.21033, 66.51362], [13.21753, 66.50517], [13.22113, 66.48998], [13.22833, 66.47816], [13.23193, 66.46802], [13.22473, 66.45958], [13.22473, 66.45452], [13.36153, 66.4562], [13.39753, 66.46634], [13.28953, 66.45958], [13.26793, 66.46634], [13.27153, 66.48322], [13.28593, 66.49842], [13.28953, 66.51024], [13.26073, 66.5153], [13.26073, 66.52206], [13.28593, 66.52375], [13.32913, 66.53894], [13.35433, 66.54232], [13.44073, 66.54063], [13.46593, 66.5457], [13.49113, 66.55076], [13.51634, 66.54401], [13.57034, 66.52881], [13.62074, 66.51868], [13.67114, 66.5153], [13.64954, 66.5305], [13.62434, 66.53894], [13.48033, 66.55583], [13.45873, 66.56427], [13.50554, 66.58454], [13.60274, 66.60649], [13.72514, 66.6048], [13.68914, 66.61662], [13.50194, 66.60649], [13.47313, 66.59804], [13.42273, 66.56258], [13.39753, 66.55752], [13.33633, 66.55583], [13.27153, 66.54739], [13.23913, 66.54908], [13.20313, 66.55583], [13.21033, 66.5744], [13.21753, 66.58285], [13.24633, 66.59804], [13.23913, 66.60142], [13.23193, 66.6048], [13.24993, 66.61324], [13.28953, 66.61662], [13.33273, 66.62675], [13.38313, 66.61831], [13.40473, 66.62506], [13.37233, 66.6335], [13.24993, 66.6335], [13.17073, 66.65208], [13.19233, 66.66728], [13.21393, 66.66221], [13.23553, 66.65377], [13.26073, 66.65546], [13.28233, 66.66052], [13.30753, 66.65714], [13.32913, 66.65039], [13.34713, 66.64532], [13.37593, 66.6487], [13.42633, 66.65883], [13.45153, 66.65883], [13.51994, 66.64026], [13.54874, 66.63857], [13.52354, 66.66052], [13.48033, 66.67572], [13.26793, 66.70105], [13.22473, 66.71456], [13.25713, 66.72469], [13.49473, 66.71456], [13.50194, 66.71118], [13.51634, 66.69598], [13.52714, 66.69429], [13.69274, 66.69092], [13.71794, 66.70105], [13.69994, 66.7078], [13.69994, 66.71456], [13.80074, 66.71118], [13.85114, 66.71793], [13.89074, 66.73482], [13.71074, 66.73482], [13.67834, 66.73144], [13.60994, 66.71456], [13.57394, 66.71456], [13.54874, 66.72469], [13.54154, 66.73989], [13.55954, 66.75339], [13.58834, 66.76184], [13.71794, 66.75002], [13.75394, 66.76184], [13.72154, 66.77028], [13.56314, 66.77703], [13.55234, 66.77197], [13.54154, 66.77197], [13.50554, 66.7821], [13.54154, 66.80405], [13.61354, 66.80912], [13.68554, 66.80743], [13.76834, 66.79223], [13.99154, 66.79054], [13.94834, 66.80067], [13.80074, 66.80912], [13.78634, 66.81418], [13.75754, 66.83276], [13.73954, 66.83782], [13.70354, 66.83276], [13.68914, 66.83445], [13.67834, 66.85133], [13.68554, 66.85133], [13.69274, 66.8564], [13.69994, 66.85809], [13.68554, 66.86146], [13.65674, 66.86315], [13.64234, 66.86822], [13.63874, 66.87497], [13.63514, 66.89186], [13.63154, 66.9003], [13.60634, 66.90705], [13.54874, 66.9003], [13.51994, 66.90537], [13.54514, 66.92225], [13.56674, 66.93238], [13.58834, 66.93745], [13.74314, 66.93745], [13.77914, 66.94589], [13.77194, 66.95096], [13.76834, 66.95602], [13.76114, 66.96784], [13.84034, 66.96447], [13.86194, 66.96784], [13.86914, 66.97122], [13.88354, 66.98304], [13.89074, 66.98811], [13.90154, 66.99148], [13.91234, 66.99317], [13.93754, 66.99486], [13.97354, 66.99486], [13.95914, 66.9746], [13.93754, 66.96615], [13.91234, 66.96278], [13.89074, 66.95433], [13.91594, 66.92901], [13.93394, 66.92225], [13.95914, 66.92732], [13.95194, 66.92732], [13.93034, 66.93238], [13.98074, 66.95433], [13.98074, 66.95602], [13.98434, 66.96109], [13.98434, 66.96615], [13.99154, 66.96784], [14.02034, 66.96615], [14.02754, 66.96784], [14.04554, 66.98135], [14.04194, 66.99486], [14.03114, 67.01006], [14.01314, 67.02188], [14.02394, 67.03032], [14.03114, 67.04889], [14.04194, 67.05565], [14.05994, 67.06071], [14.07074, 67.05396], [14.07794, 67.04214], [14.08514, 67.03707], [14.08514, 67.03032], [14.09954, 67.0033], [14.11034, 66.99148], [14.14994, 66.97122], [14.16434, 66.97966], [14.17874, 66.97966], [14.18954, 66.97629], [14.20034, 66.97797], [14.21114, 66.97966], [14.22194, 66.98135], [14.22554, 66.98304], [14.22554, 66.99317], [14.22914, 66.99486], [14.25074, 67.0033], [14.26874, 67.02357], [14.27234, 67.04383], [14.24714, 67.05058], [14.27234, 67.06071], [14.41994, 67.06409], [14.43794, 67.06071], [14.47394, 67.04552], [14.49194, 67.04214], [14.52795, 67.04889], [14.54595, 67.04552], [14.55675, 67.02863], [14.55315, 67.0185], [14.56755, 67.0185], [14.58915, 67.02694], [14.59635, 67.04214], [14.58195, 67.05903], [14.55315, 67.06409], [14.49554, 67.06409], [14.37674, 67.0776], [14.29034, 67.07591], [14.26874, 67.08435], [14.28674, 67.08942], [14.30474, 67.10124], [14.31914, 67.11306], [14.33714, 67.12488], [14.32274, 67.1367], [14.32634, 67.14683], [14.34434, 67.15528], [14.36234, 67.16034], [14.45234, 67.16541], [14.44154, 67.15865], [14.42714, 67.14514], [14.41634, 67.12995], [14.41274, 67.11813], [14.42354, 67.10968], [14.44154, 67.11475], [14.45954, 67.12826], [14.47394, 67.13839], [14.46674, 67.14177], [14.46314, 67.14514], [14.46314, 67.14852], [14.45954, 67.15359], [14.67555, 67.16034], [14.70795, 67.15021], [14.73315, 67.12488], [14.74395, 67.11813], [14.75115, 67.12319], [14.75115, 67.13501], [14.74755, 67.14514], [14.73675, 67.15528], [14.72235, 67.16203], [14.65035, 67.17723], [14.51355, 67.1806], [14.53515, 67.19074], [14.57115, 67.19918], [14.60355, 67.20424], [14.62875, 67.19749], [14.65035, 67.18567], [14.67915, 67.18736], [14.70435, 67.1958], [14.74395, 67.20256], [14.76555, 67.21269], [14.77995, 67.21438], [14.88435, 67.20593], [14.97795, 67.21438], [14.97795, 67.20762], [14.93835, 67.20424], [14.92395, 67.20087], [14.93115, 67.1806], [14.92035, 67.17216], [14.90235, 67.16541], [14.89155, 67.15359], [14.89875, 67.14177], [14.94195, 67.12319], [14.97435, 67.10462], [14.99235, 67.09955], [15.00675, 67.10293], [15.00315, 67.11475], [14.98515, 67.12826], [14.94915, 67.14177], [14.93115, 67.15359], [14.94555, 67.15696], [15.00675, 67.19749], [15.02115, 67.20424], [15.07515, 67.21269], [15.09315, 67.21269], [15.12915, 67.1958], [15.15075, 67.19242], [15.21915, 67.19242], [15.24075, 67.18736], [15.28035, 67.17385], [15.30195, 67.16878], [15.35595, 67.16541], [15.38475, 67.15696], [15.39555, 67.14177], [15.39195, 67.1215], [15.37755, 67.09786], [15.40275, 67.08435], [15.43515, 67.07591], [15.46755, 67.07085], [15.49995, 67.07085], [15.49275, 67.08098], [15.45315, 67.08942], [15.43875, 67.09786], [15.44235, 67.10799], [15.43875, 67.11813], [15.47115, 67.14346], [15.48195, 67.15359], [15.47115, 67.15359], [15.45675, 67.17216], [15.39915, 67.18736], [15.37755, 67.20087], [15.40995, 67.21269], [15.45675, 67.21438], [15.71596, 67.17385], [15.74116, 67.17385], [15.73396, 67.18736], [15.71956, 67.19411], [15.70516, 67.19749], [15.69436, 67.20762], [15.70516, 67.21438], [15.60796, 67.20256], [15.55036, 67.21944], [15.40635, 67.23633], [15.38475, 67.23464], [15.35595, 67.22788], [15.31275, 67.20931], [15.28755, 67.20593], [15.26235, 67.21438], [15.28395, 67.22113], [15.30915, 67.22113], [15.33075, 67.2262], [15.34155, 67.24139], [15.28395, 67.24646], [15.26955, 67.24477], [15.25515, 67.2397], [15.24075, 67.23633], [15.21195, 67.23464], [15.06075, 67.24815], [15.07875, 67.25997], [15.09675, 67.26334], [15.11835, 67.26503], [15.13635, 67.2701], [15.14715, 67.27854], [15.16515, 67.31062], [15.13635, 67.31062], [15.05355, 67.29543], [15.02835, 67.29374], [15.01395, 67.29205], [15.00675, 67.28698], [15.00315, 67.27854], [14.99955, 67.27348], [14.98875, 67.2701], [14.98155, 67.2701], [14.90955, 67.27516], [14.77635, 67.2701], [14.79075, 67.26334], [14.81955, 67.26166], [14.83395, 67.2549], [14.81235, 67.24477], [14.67555, 67.21606], [14.61795, 67.21438], [14.67195, 67.23295], [14.69355, 67.24815], [14.69355, 67.2701], [14.70075, 67.27516], [14.68275, 67.27854], [14.66115, 67.27516], [14.62515, 67.26166], [14.57475, 67.25152], [14.40914, 67.24815], [14.39114, 67.24477], [14.36954, 67.23802], [14.34794, 67.23464], [14.32994, 67.24139], [14.39114, 67.25997], [14.41274, 67.2701], [14.40554, 67.27854], [14.41634, 67.2853], [14.45234, 67.29543], [14.49194, 67.32244], [14.59995, 67.37817], [14.61075, 67.3883], [14.60355, 67.39336], [14.57475, 67.39168], [14.57475, 67.39843], [14.58555, 67.39843], [14.59635, 67.40012], [14.61795, 67.40687], [14.62155, 67.42038], [14.65395, 67.42714], [14.74395, 67.42038], [14.77275, 67.42376], [14.80155, 67.42207], [14.82315, 67.40687], [14.81595, 67.4035], [14.80875, 67.39843], [14.79435, 67.38492], [14.82315, 67.37817], [14.85555, 67.3883], [14.88435, 67.40518], [14.91315, 67.41363], [14.94555, 67.41532], [14.98155, 67.42376], [15.04995, 67.4474], [14.93835, 67.44064], [14.82315, 67.4474], [14.82675, 67.45078], [14.84115, 67.46091], [14.82315, 67.46597], [14.78355, 67.4626], [14.76915, 67.46766], [14.77995, 67.47442], [14.76915, 67.48117], [14.75475, 67.48455], [14.74035, 67.48792], [14.72595, 67.48792], [14.74035, 67.50143], [14.76555, 67.51494], [14.79435, 67.52507], [14.98875, 67.57067], [15.05715, 67.57742], [15.08235, 67.57404], [15.11475, 67.56391], [15.14355, 67.5504], [15.15795, 67.5352], [15.14715, 67.53183], [15.13275, 67.53014], [15.10755, 67.53014], [15.09675, 67.53183], [15.07875, 67.54196], [15.04995, 67.54871], [15.02835, 67.56053], [15.00675, 67.56391], [14.98515, 67.54871], [15.00675, 67.54027], [15.03555, 67.51832], [15.05355, 67.51663], [15.01035, 67.48624], [14.88435, 67.48624], [14.83035, 67.47442], [14.85555, 67.46935], [14.98875, 67.46597], [15.01755, 67.46935], [15.03915, 67.47779], [15.05715, 67.48792], [15.07875, 67.49637], [15.10395, 67.50143], [15.12555, 67.50143], [15.14355, 67.5065], [15.15795, 67.51494], [15.17595, 67.5217], [15.19395, 67.51663], [15.18675, 67.50819], [15.19035, 67.50143], [15.20115, 67.49637], [15.21195, 67.49468], [15.21195, 67.48792], [15.19755, 67.48455], [15.18315, 67.48117], [15.15075, 67.48117], [15.15075, 67.47442], [15.15795, 67.47442], [15.17235, 67.46766], [15.16515, 67.45584], [15.15435, 67.44571], [15.14355, 67.43727], [15.13635, 67.42038], [15.15435, 67.42376], [15.19035, 67.44233], [15.20835, 67.4474], [15.21555, 67.44909], [15.22275, 67.45584], [15.22635, 67.46428], [15.22635, 67.47104], [15.22995, 67.4761], [15.24075, 67.47948], [15.37035, 67.48792], [15.42795, 67.48286], [15.47115, 67.46091], [15.47835, 67.45246], [15.49275, 67.4322], [15.54316, 67.37986], [15.54316, 67.3731], [15.54676, 67.3579], [15.55036, 67.35115], [15.55036, 67.34946], [15.57556, 67.33089], [15.60796, 67.31569], [15.64396, 67.30387], [15.64396, 67.29543], [15.60436, 67.29036], [15.60436, 67.28023], [15.62596, 67.27179], [15.65836, 67.27516], [15.70156, 67.30387], [15.69076, 67.31231], [15.63676, 67.32413], [15.62236, 67.33426], [15.61876, 67.33933], [15.61876, 67.34608], [15.61876, 67.3579], [15.60076, 67.37648], [15.59716, 67.38323], [15.58636, 67.39505], [15.56116, 67.41025], [15.51436, 67.42714], [15.52876, 67.43896], [15.56476, 67.45078], [15.58276, 67.46091], [15.55396, 67.46091], [15.53956, 67.4626], [15.52876, 67.46766], [15.55756, 67.49299], [15.59716, 67.50988], [15.78796, 67.5504], [15.89956, 67.55716], [15.86716, 67.57404], [15.66916, 67.55209], [15.55756, 67.51663], [15.49995, 67.50988], [15.26595, 67.52507], [15.24075, 67.52845], [15.22635, 67.54027], [15.22995, 67.55885], [15.23355, 67.56729], [15.26235, 67.57742], [15.25515, 67.57911], [15.24075, 67.58417], [15.27675, 67.59431], [15.30915, 67.59431], [15.37755, 67.58417], [15.40995, 67.58417], [15.42435, 67.57911], [15.43515, 67.56053], [15.44595, 67.56222], [15.45675, 67.56898], [15.46755, 67.57742], [15.41715, 67.60444], [15.42435, 67.60613], [15.43875, 67.61288], [15.42435, 67.62301], [15.40635, 67.63145], [15.38835, 67.63314], [15.37035, 67.6247], [15.38115, 67.61457], [15.38475, 67.61288], [15.35955, 67.60444], [15.33075, 67.61119], [15.30195, 67.62132], [15.27315, 67.6247], [15.22275, 67.61119], [15.19395, 67.6095], [15.17955, 67.61795], [15.19755, 67.64496], [15.33795, 67.68718], [15.30555, 67.68718], [15.29115, 67.68887], [15.27315, 67.69393], [15.29115, 67.71419], [15.30195, 67.72095], [15.31635, 67.72264], [15.33075, 67.72095], [15.37035, 67.71082], [15.41355, 67.68887], [15.54316, 67.67367], [15.52156, 67.68887], [15.51436, 67.69393], [15.65836, 67.68042], [15.58636, 67.70406], [15.54676, 67.71082], [15.48555, 67.699], [15.45675, 67.70744], [15.40275, 67.73446], [15.40275, 67.74121], [15.59716, 67.74965], [15.65836, 67.73446], [15.79876, 67.67873], [15.82036, 67.67705], [15.83836, 67.69393], [15.82036, 67.69393], [15.80596, 67.69562], [15.79516, 67.70069], [15.78076, 67.70744], [15.78436, 67.71419], [15.78436, 67.72264], [15.78796, 67.7277], [15.66916, 67.76147], [15.62956, 67.76316], [15.64036, 67.77498], [15.65836, 67.78174], [15.67636, 67.78849], [15.69436, 67.79693], [15.67636, 67.79693], [15.65836, 67.79356], [15.61156, 67.77667], [15.59356, 67.77329], [15.40995, 67.79693], [15.42075, 67.81382], [15.44595, 67.83239], [15.44595, 67.84421], [15.43155, 67.8611], [15.42075, 67.85603], [15.40995, 67.84253], [15.40275, 67.82395], [15.38475, 67.85603], [15.37035, 67.86448], [15.35595, 67.85097], [15.35955, 67.84421], [15.37755, 67.81551], [15.38475, 67.80369], [15.30915, 67.77667], [15.26235, 67.75303], [15.22275, 67.7429], [15.19395, 67.71926], [15.18315, 67.71419], [15.16155, 67.71251], [15.03915, 67.67705], [14.95275, 67.66354], [14.93475, 67.65678], [14.91675, 67.65172], [14.83755, 67.64327], [14.80875, 67.64834], [14.75115, 67.64834], [14.72595, 67.66016], [14.87715, 67.70069], [14.87715, 67.70744], [14.77995, 67.71419], [14.79435, 67.72939], [14.81235, 67.72939], [14.83755, 67.72433], [14.85555, 67.72433], [14.87715, 67.73108], [15.11835, 67.74121], [15.08595, 67.74797], [15.04995, 67.74459], [15.01395, 67.74628], [14.99235, 67.76992], [15.01395, 67.77498], [15.03555, 67.78343], [14.87715, 67.77329], [14.83035, 67.76316], [14.84115, 67.76654], [14.84475, 67.76992], [14.84115, 67.77329], [14.83035, 67.77667], [14.83035, 67.79187], [14.81955, 67.79693], [14.80155, 67.79356], [14.78715, 67.78343], [14.77995, 67.78511], [14.76915, 67.79018], [14.76195, 67.79693], [14.75475, 67.80369], [14.77275, 67.81551], [14.79075, 67.82226], [14.80875, 67.82564], [14.87355, 67.82226], [14.95995, 67.83746], [15.06435, 67.83915], [15.10395, 67.85097], [15.07515, 67.8611], [14.84835, 67.84421], [14.84835, 67.85097], [14.85915, 67.85097], [14.86635, 67.85266], [14.88435, 67.85772], [14.89875, 67.87292], [14.94555, 67.88643], [14.99955, 67.89487], [15.03555, 67.89487], [15.08595, 67.88812], [15.19035, 67.88643], [15.23355, 67.87292], [15.21555, 67.86785], [15.20115, 67.85941], [15.19395, 67.84759], [15.19755, 67.83071], [15.30195, 67.88981], [15.33795, 67.89994], [15.33795, 67.89149], [15.35955, 67.89149], [15.48195, 67.91851], [15.53596, 67.9202], [15.54316, 67.91682], [15.51796, 67.88981], [15.51076, 67.88305], [15.50356, 67.87967], [15.50356, 67.87461], [15.50716, 67.86617], [15.51436, 67.85603], [15.52516, 67.85097], [15.53236, 67.85266], [15.54316, 67.85772], [15.52516, 67.86617], [15.52516, 67.87799], [15.53596, 67.88981], [15.55036, 67.89994], [15.56476, 67.90669], [15.58276, 67.91007], [15.59716, 67.91682], [15.60436, 67.93033], [15.75196, 67.95228], [15.78796, 67.95059], [15.82036, 67.93709], [15.83116, 67.92695], [15.83836, 67.91007], [15.84196, 67.90163], [15.84916, 67.89825], [15.85996, 67.89994], [15.86356, 67.90331], [15.87076, 67.92695], [15.88516, 67.93877], [15.93196, 67.95735], [15.94636, 67.96579], [15.95356, 67.97424], [15.96796, 67.9945], [15.95356, 67.9945], [15.96796, 68.00801], [16.00036, 68.01307], [16.06156, 68.0097], [16.06156, 68.01645], [15.89956, 68.0232], [15.84916, 68.03671], [15.84916, 68.04347], [15.88876, 68.05866], [15.89956, 68.06711], [15.87796, 68.07048], [15.86356, 68.06711], [15.82396, 68.05191], [15.81676, 68.04684], [15.78796, 68.03502], [15.60076, 68.0384], [15.59356, 68.04347], [15.58636, 68.05191], [15.57556, 68.06373], [15.55756, 68.07386], [15.54676, 68.07386], [15.53236, 68.07048], [15.52156, 68.06373], [15.38475, 68.0232], [15.39195, 68.01138], [15.40635, 68.0097], [15.42435, 68.01138], [15.43875, 68.0097], [15.39915, 67.9945], [15.35595, 67.99619], [15.31635, 68.0097], [15.28035, 68.03671], [15.29475, 68.04684], [15.30915, 68.05191], [15.32715, 68.0536], [15.34155, 68.05698], [15.35595, 68.08062], [15.40275, 68.10426], [15.46395, 68.12452], [15.50716, 68.13296], [15.50356, 68.11776], [15.50356, 68.10594], [15.51436, 68.09581], [15.52876, 68.09075], [15.53236, 68.09412], [15.53596, 68.10932], [15.53956, 68.11101], [15.58276, 68.11101], [15.59356, 68.11608], [15.62956, 68.13465], [15.63676, 68.14309], [15.63676, 68.16504], [15.64396, 68.16842], [15.66556, 68.16673], [15.66196, 68.16336], [15.66196, 68.15998], [15.66196, 68.1566], [15.65836, 68.15322], [15.67636, 68.14816], [15.71596, 68.14478], [15.73396, 68.13972], [15.71956, 68.13127], [15.70156, 68.12621], [15.71236, 68.12114], [15.72676, 68.1127], [15.73756, 68.10257], [15.73396, 68.09075], [15.70876, 68.08399], [15.64396, 68.09581], [15.61876, 68.09075], [15.62596, 68.08399], [15.62956, 68.07724], [15.62596, 68.06711], [15.61876, 68.05698], [15.62956, 68.0536], [15.64036, 68.05022], [15.65116, 68.05022], [15.66556, 68.05022], [15.65836, 68.06711], [15.66916, 68.07217], [15.73396, 68.07217], [15.76276, 68.07724], [15.76276, 68.08062], [15.76276, 68.08568], [15.76636, 68.08906], [15.77716, 68.09075], [15.82396, 68.09244], [15.84556, 68.09581], [15.86356, 68.10426], [15.89236, 68.12621], [15.90676, 68.13296], [15.92476, 68.13296], [15.88876, 68.15491], [15.87076, 68.17011], [15.87076, 68.187], [15.88876, 68.19206], [15.91756, 68.187], [15.94276, 68.18531], [15.95356, 68.20388], [15.94996, 68.21401], [15.94636, 68.22246], [15.94636, 68.2309], [15.94996, 68.23934], [15.96436, 68.24778], [15.97876, 68.24947], [16.01476, 68.24947], [16.03636, 68.24272], [16.04716, 68.22752], [16.05076, 68.21232], [16.06156, 68.2005], [16.05796, 68.19206], [16.04716, 68.18531], [16.03996, 68.18193], [16.02916, 68.18024], [16.04356, 68.16167], [16.06156, 68.16336], [16.08316, 68.1718], [16.09756, 68.17349], [16.10476, 68.15998], [16.10116, 68.1414], [16.09036, 68.12621], [16.06876, 68.1127], [16.07596, 68.09919], [16.09036, 68.07386], [16.08316, 68.05698], [16.06876, 68.04853], [16.05436, 68.04178], [16.04356, 68.02996], [16.15876, 67.99956], [16.19116, 67.98099], [16.20916, 67.95904], [16.21276, 67.9354], [16.21276, 67.91176], [16.21996, 67.89318], [16.23796, 67.88305], [16.28116, 67.87799], [16.29916, 67.86954], [16.30996, 67.8611], [16.43596, 67.80707], [16.48636, 67.79862], [16.51517, 67.80369], [16.48996, 67.80875], [16.46116, 67.8172], [16.44316, 67.83071], [16.45396, 67.85097], [16.30996, 67.87461], [16.27036, 67.88981], [16.25596, 67.89994], [16.25596, 67.90838], [16.26676, 67.91682], [16.27396, 67.92695], [16.27396, 67.94046], [16.27036, 67.9641], [16.27396, 67.97592], [16.25956, 67.98606], [16.24156, 67.9945], [16.20556, 68.00294], [16.24516, 68.0097], [16.27396, 68.00632], [16.30276, 67.99281], [16.40716, 67.9202], [16.41436, 67.90669], [16.45396, 67.89825], [16.46476, 67.89994], [16.46116, 67.90838], [16.45756, 67.91513], [16.44676, 67.92695], [16.45036, 67.93033], [16.46116, 67.93709], [16.46476, 67.94046], [16.45036, 67.94722], [16.40716, 67.95397], [16.39636, 67.95904], [16.37116, 67.97592], [16.33516, 67.9945], [16.33516, 68.00294], [16.35676, 68.0097], [16.38196, 68.0097], [16.39636, 68.00125], [16.42516, 67.97592], [16.45036, 67.96242], [16.48276, 67.95735], [16.51157, 67.95735], [16.54397, 67.96073], [16.52237, 67.96748], [16.48276, 67.96917], [16.46476, 67.97761], [16.46476, 67.98774], [16.47556, 67.99788], [16.50077, 68.01645], [16.36396, 68.02996], [16.37476, 68.04684], [16.38916, 68.05866], [16.40716, 68.06711], [16.42516, 68.07048], [16.44316, 68.07555], [16.45036, 68.08737], [16.46476, 68.09412], [16.48636, 68.09075], [16.55117, 68.06542], [16.66277, 68.05022], [16.68797, 68.05698], [16.68077, 68.05866], [16.66637, 68.06373], [16.67717, 68.0688], [16.68797, 68.07048], [16.57637, 68.08568], [16.55477, 68.09244], [16.52237, 68.1127], [16.50077, 68.11776], [16.44676, 68.11608], [16.34596, 68.0823], [16.28836, 68.09075], [16.29556, 68.09581], [16.30276, 68.11101], [16.27036, 68.11608], [16.25236, 68.12114], [16.24156, 68.13296], [16.29196, 68.12621], [16.32076, 68.12621], [16.36036, 68.14478], [16.40356, 68.13634], [16.41436, 68.14647], [16.40716, 68.14816], [16.39996, 68.15322], [16.41796, 68.15829], [16.43596, 68.1566], [16.45396, 68.15322], [16.47196, 68.15322], [16.46476, 68.16504], [16.44676, 68.17349], [16.41436, 68.18024], [16.41436, 68.187], [16.54397, 68.16504], [16.59077, 68.16673], [16.57277, 68.17349], [16.53317, 68.17855], [16.47556, 68.19882], [16.46836, 68.2005], [16.46116, 68.20557], [16.46116, 68.22414], [16.45396, 68.22921], [16.43956, 68.22583], [16.41796, 68.21064], [16.40716, 68.20726], [16.17316, 68.20388], [16.16236, 68.21064], [16.18396, 68.22077], [16.21276, 68.22583], [16.34596, 68.22921], [16.35676, 68.23259], [16.35676, 68.23934], [16.34956, 68.2461], [16.33876, 68.24947], [16.19116, 68.25792], [16.11916, 68.27311], [16.10476, 68.28324], [16.12276, 68.29], [16.14796, 68.31364], [16.17316, 68.31702], [16.19116, 68.31533], [16.22716, 68.30688], [16.24876, 68.30351], [16.25956, 68.3052], [16.27036, 68.30688], [16.28116, 68.30688], [16.29556, 68.30351], [16.30276, 68.30013], [16.30996, 68.28662], [16.31716, 68.28324], [16.33876, 68.27987], [16.38916, 68.28493], [16.39996, 68.27649], [16.50797, 68.25623], [16.55837, 68.23259], [16.56197, 68.19375], [16.73837, 68.13972], [16.77077, 68.13296], [16.80317, 68.13296], [16.74917, 68.15829], [16.74197, 68.17011], [16.73117, 68.17686], [16.64477, 68.20219], [16.61237, 68.21908], [16.59437, 68.23934], [16.60517, 68.25623], [16.56917, 68.27649], [16.52237, 68.28831], [16.41076, 68.29844], [16.35676, 68.31195], [16.33876, 68.32039], [16.31716, 68.32884], [16.26316, 68.32377], [16.24156, 68.33221], [16.28116, 68.34403], [16.26676, 68.34741], [16.23436, 68.34572], [16.21996, 68.35079], [16.26316, 68.36261], [16.35676, 68.37105], [16.42156, 68.38963], [16.69517, 68.40482], [16.72037, 68.40145], [16.80317, 68.37949], [16.84997, 68.37781], [16.87157, 68.37274], [16.87877, 68.35585], [16.87157, 68.35079], [16.83557, 68.33221], [16.82477, 68.32377], [16.84637, 68.32377], [16.99397, 68.34403], [17.02997, 68.35754], [17.04797, 68.36261], [17.12717, 68.37274], [17.14517, 68.36936], [17.17397, 68.34234], [17.18477, 68.33728], [17.19197, 68.30857], [17.19557, 68.30013], [17.22437, 68.28493], [17.33237, 68.25623], [17.31077, 68.23596], [17.31077, 68.23259], [17.31437, 68.22246], [17.32157, 68.21739], [17.32517, 68.21401], [17.33237, 68.20726], [17.32877, 68.19206], [17.32157, 68.17855], [17.31797, 68.17011], [17.33237, 68.16673], [17.35397, 68.1718], [17.36477, 68.18362], [17.36477, 68.19882], [17.35397, 68.21064], [17.35037, 68.22583], [17.37557, 68.23259], [17.41877, 68.23596], [17.38997, 68.26636], [17.35397, 68.28493], [17.26757, 68.31026], [17.25317, 68.3187], [17.23517, 68.32884], [17.22437, 68.33897], [17.21357, 68.35079], [17.20637, 68.37274], [17.21717, 68.37781], [17.23517, 68.37949], [17.25677, 68.393], [17.25317, 68.39638], [17.24957, 68.40651], [17.32877, 68.4082], [17.49437, 68.3643], [17.57718, 68.35923], [17.54478, 68.37612], [17.36477, 68.41327], [17.39357, 68.4234], [17.54118, 68.42846], [17.71038, 68.41158], [17.81838, 68.38456], [17.87238, 68.393], [17.81478, 68.39807], [17.61318, 68.45041], [17.46917, 68.44704], [17.54478, 68.51796], [17.54478, 68.52978], [17.52318, 68.52978], [17.47997, 68.51965], [17.43677, 68.50614], [17.36477, 68.50276], [17.32877, 68.49094], [17.26037, 68.45548], [17.04797, 68.43353], [17.00117, 68.44704], [17.02277, 68.4521], [17.08037, 68.45886], [17.09837, 68.46899], [17.09117, 68.48081], [17.07317, 68.48925], [17.04797, 68.49432], [17.02997, 68.49601], [17.01917, 68.49769], [16.99757, 68.50783], [16.98677, 68.50951], [16.97597, 68.50783], [16.90037, 68.47405], [16.88957, 68.46561], [16.84997, 68.44873], [16.73837, 68.4521], [16.66997, 68.43859], [16.53317, 68.43859], [16.51157, 68.44197], [16.50077, 68.45041], [16.50077, 68.46561], [16.49716, 68.47405], [16.48636, 68.48925], [16.47556, 68.49769], [16.46836, 68.50276], [16.46476, 68.50951], [16.47196, 68.52302], [16.48636, 68.52978], [16.54037, 68.54329], [16.57997, 68.53484], [16.60517, 68.52809], [16.61957, 68.53315], [16.63037, 68.54666], [16.62677, 68.55004], [16.61597, 68.55342], [16.59797, 68.55679], [16.58357, 68.56355], [16.57277, 68.56861], [16.56557, 68.57706], [16.56197, 68.59225], [16.57277, 68.61252], [16.59797, 68.6294], [16.63037, 68.64122], [16.69517, 68.65135], [16.81037, 68.68175], [16.92557, 68.69357], [16.96157, 68.7037], [16.99397, 68.70877], [17.01917, 68.69357], [17.04437, 68.67499], [17.08037, 68.66317], [17.08397, 68.65811], [17.08037, 68.65135], [17.08397, 68.64629], [17.09117, 68.64291], [17.13077, 68.63447], [17.14877, 68.63278], [17.16677, 68.63447], [17.18477, 68.63953], [17.18117, 68.64798], [17.17037, 68.65135], [17.14517, 68.65304], [17.13437, 68.65473], [17.11997, 68.66486], [17.10917, 68.66655], [17.10197, 68.66993], [17.09837, 68.67668], [17.09837, 68.68344], [17.10197, 68.69019], [17.10917, 68.69695], [17.11637, 68.69863], [17.20637, 68.71214], [17.24957, 68.72396], [17.27117, 68.72059], [17.31077, 68.70708], [17.33237, 68.70877], [17.35037, 68.71214], [17.37197, 68.71045], [17.40437, 68.68513], [17.42237, 68.67499], [17.44037, 68.66993], [17.46197, 68.66655], [17.49077, 68.66655], [17.57718, 68.67331], [17.65638, 68.65811], [17.67798, 68.6598], [17.62038, 68.68175], [17.49437, 68.69019], [17.44757, 68.71552], [17.42957, 68.73072], [17.40437, 68.74423], [17.37557, 68.75098], [17.34677, 68.73916], [17.32517, 68.73241], [17.28917, 68.73578], [17.23517, 68.75605], [17.26397, 68.76787], [17.33237, 68.78644], [17.39717, 68.79657], [17.42597, 68.80839], [17.46197, 68.81515], [17.56638, 68.78813], [17.72118, 68.778], [17.78238, 68.74929], [17.78238, 68.778], [17.73918, 68.79151], [17.64558, 68.79657], [17.46917, 68.83203], [17.54478, 68.84723], [17.60958, 68.87087], [17.63118, 68.87762], [17.66358, 68.881], [17.69598, 68.89113], [17.70678, 68.89282], [17.71758, 68.89113], [17.74278, 68.87931], [17.76798, 68.87256], [17.79678, 68.86749], [17.82198, 68.86749], [17.85078, 68.87256], [17.82558, 68.89451], [17.70678, 68.91308], [17.71038, 68.91815], [17.72118, 68.93504], [17.52318, 68.91646], [17.45837, 68.89958], [17.42597, 68.89958], [17.43677, 68.91308], [17.47997, 68.94854], [17.49437, 68.9553], [17.52318, 68.9553], [17.53398, 68.96036], [17.53758, 68.97556], [17.53038, 68.98738], [17.51958, 68.99076], [17.48717, 68.98907], [17.48717, 68.99582], [17.55918, 69.03128], [17.60238, 69.05999], [17.65638, 69.07856], [17.67798, 69.09207], [17.66718, 69.09545], [17.64558, 69.10052], [17.63118, 69.10558], [17.65998, 69.1174], [17.86878, 69.12078], [17.95878, 69.1478], [18.02358, 69.15624], [18.15318, 69.15455], [18.08118, 69.16975], [18.07038, 69.17819], [18.07398, 69.19676], [18.08118, 69.2069], [18.09198, 69.21534], [18.10638, 69.22885], [18.07758, 69.23729], [18.01638, 69.22885], [17.98758, 69.2356], [18.00558, 69.2508], [18.00198, 69.28626], [18.01638, 69.30483], [18.04518, 69.31665], [18.11358, 69.33354], [18.13878, 69.35211], [18.13158, 69.369], [18.14238, 69.38251], [18.16398, 69.39433], [18.18198, 69.40784], [18.17478, 69.4129], [18.17118, 69.41797], [18.16758, 69.42135], [18.17118, 69.43317], [18.16398, 69.43823], [18.15678, 69.44161], [18.15318, 69.44836], [18.15678, 69.45681], [18.15678, 69.46018], [18.16398, 69.46018], [18.19278, 69.46863], [18.24318, 69.47538], [18.25038, 69.48045], [18.25398, 69.48382], [18.26478, 69.48889], [18.27558, 69.48889], [18.30078, 69.4872], [18.32238, 69.47876], [18.34038, 69.46694], [18.38358, 69.43148], [18.38718, 69.42135], [18.38358, 69.41459], [18.37638, 69.40784], [18.36918, 69.39264], [18.44838, 69.39433], [18.46638, 69.39095], [18.48798, 69.38251], [18.50239, 69.37069], [18.50959, 69.35549], [18.50599, 69.33861], [18.49878, 69.30652], [18.49518, 69.28964], [18.50959, 69.28288], [18.51679, 69.27613], [18.51319, 69.266], [18.50599, 69.25924], [18.49878, 69.25249], [18.49878, 69.24405], [18.50239, 69.2356], [18.52399, 69.26262], [18.53479, 69.27782], [18.53839, 69.2947], [18.53479, 69.32847], [18.53839, 69.34874], [18.54559, 69.35887], [18.56359, 69.36393], [18.57799, 69.35211], [18.58879, 69.33354], [18.59239, 69.31497], [18.60319, 69.29977], [18.62479, 69.29301], [18.64999, 69.28795], [18.67159, 69.27951], [18.67879, 69.27275], [18.69319, 69.26431], [18.70399, 69.26262], [18.70759, 69.27613], [18.70399, 69.28795], [18.69319, 69.29301], [18.68239, 69.29639], [18.67519, 69.30483], [18.68959, 69.31834], [18.73639, 69.32341], [18.82279, 69.3251], [18.86239, 69.32003], [18.93079, 69.29639], [19.00639, 69.28626], [19.01359, 69.28626], [19.01719, 69.2947], [19.01359, 69.29977], [19.00639, 69.30315], [18.99919, 69.30483], [18.98839, 69.30652], [18.95599, 69.32847], [18.93439, 69.33354], [18.66439, 69.369], [18.63199, 69.38251], [18.61399, 69.38589], [18.60679, 69.39095], [18.59959, 69.40108], [18.59599, 69.4129], [18.59239, 69.42135], [18.57799, 69.43148], [18.56359, 69.43654], [18.53119, 69.44161], [18.49158, 69.44161], [18.46638, 69.44499], [18.45558, 69.45512], [18.45558, 69.46525], [18.46638, 69.47369], [18.47718, 69.47876], [18.48798, 69.48213], [18.46998, 69.50409], [18.47358, 69.51591], [18.49878, 69.52266], [18.56359, 69.52604], [18.63199, 69.54123], [18.85159, 69.55305], [18.86239, 69.5463], [18.86599, 69.5311], [18.86599, 69.52266], [18.85879, 69.51422], [18.85159, 69.50746], [18.84439, 69.5024], [18.85879, 69.50409], [18.87679, 69.5024], [18.89479, 69.49733], [18.90559, 69.48889], [18.91279, 69.48213], [18.91279, 69.46525], [18.91639, 69.45849], [18.93439, 69.44667], [19.00999, 69.4281], [19.00279, 69.40784], [19.01359, 69.39771], [19.05679, 69.38589], [19.12159, 69.35887], [19.14679, 69.35211], [19.34839, 69.34367], [19.38079, 69.32172], [19.36999, 69.29977], [19.35199, 69.28964], [19.28359, 69.27613], [19.22959, 69.28288], [19.21519, 69.28119], [19.18999, 69.27275], [19.16839, 69.26769], [19.16839, 69.26093], [19.17919, 69.25418], [19.18639, 69.24911], [19.19719, 69.2508], [19.22599, 69.26262], [19.23319, 69.266], [19.25119, 69.27444], [19.26919, 69.266], [19.27279, 69.25249], [19.24759, 69.24236], [19.26199, 69.2356], [19.30159, 69.22378], [19.31599, 69.22209], [19.33759, 69.22547], [19.36639, 69.23729], [19.38079, 69.24236], [19.41319, 69.24067], [19.47799, 69.22041], [19.5104, 69.22885], [19.48879, 69.24067], [19.46719, 69.24911], [19.44919, 69.26093], [19.44199, 69.28288], [19.44199, 69.29301], [19.44919, 69.29808], [19.45639, 69.30652], [19.45639, 69.31834], [19.44919, 69.3251], [19.43119, 69.34198], [19.34839, 69.37913], [19.32319, 69.3842], [19.29799, 69.38589], [19.15759, 69.37744], [19.11799, 69.38589], [19.11079, 69.39264], [19.08559, 69.41459], [19.08199, 69.41797], [19.08199, 69.42303], [19.08199, 69.42979], [19.07839, 69.43485], [19.07119, 69.43823], [19.04239, 69.44161], [19.02079, 69.45005], [19.00279, 69.46356], [18.99199, 69.48382], [19.00639, 69.50577], [19.03159, 69.52097], [19.06759, 69.53279], [19.17559, 69.55137], [19.19359, 69.54968], [19.22239, 69.53448], [19.23679, 69.52773], [19.25119, 69.52435], [19.26199, 69.52266], [19.25479, 69.53448], [19.24399, 69.54461], [19.23319, 69.55305], [19.22959, 69.56825], [19.14679, 69.56487], [19.10359, 69.55643], [19.05319, 69.55137], [19.03519, 69.54123], [19.01719, 69.53448], [18.99559, 69.53955], [18.97399, 69.54968], [18.95959, 69.5615], [18.94519, 69.61553], [19.08559, 69.69321], [19.09999, 69.73542], [19.11799, 69.74386], [19.13959, 69.74724], [19.18279, 69.75062], [19.20079, 69.754], [19.23319, 69.77088], [19.24759, 69.77764], [19.29439, 69.7827], [19.44559, 69.77764], [19.48159, 69.78101], [19.5572, 69.79959], [19.7372, 69.8131], [19.784, 69.80465], [19.7768, 69.79114], [19.7696, 69.78439], [19.73, 69.75737], [19.7336, 69.754], [19.7372, 69.7388], [19.73, 69.7236], [19.712, 69.70503], [19.6904, 69.68983], [19.676, 69.68139], [19.694, 69.6645], [19.7156, 69.65437], [19.7264, 69.64255], [19.7156, 69.61216], [19.7012, 69.59358], [19.6436, 69.54123], [19.6364, 69.5311], [19.6292, 69.52097], [19.6256, 69.50746], [19.6256, 69.49564], [19.6328, 69.48551], [19.6436, 69.472], [19.6508, 69.46018], [19.6436, 69.45512], [19.6148, 69.45005], [19.5824, 69.43823], [19.5536, 69.41966], [19.532, 69.40108], [19.6868, 69.44499], [19.6976, 69.46525], [19.7156, 69.49227], [19.7264, 69.51591], [19.7084, 69.5311], [19.7552, 69.60033], [19.7516, 69.60202], [19.748, 69.6054], [19.748, 69.60878], [19.7444, 69.61216], [19.7624, 69.61216], [19.802, 69.61384], [19.928, 69.6054], [19.9928, 69.58851], [20.0612, 69.57838], [20.1116, 69.58514], [20.0756, 69.58514], [20.0324, 69.58851], [19.9892, 69.59696], [19.9532, 69.60878], [19.9244, 69.61553], [19.8884, 69.61891], [19.856, 69.62735], [19.8452, 69.65099], [19.8416, 69.65944], [19.8308, 69.67294], [19.8236, 69.68139], [19.8236, 69.68814], [19.8236, 69.71178], [19.838, 69.7236], [19.8596, 69.73373], [19.8776, 69.74386], [19.874, 69.76413], [19.8884, 69.77426], [19.928, 69.78439], [19.946, 69.79452], [19.9784, 69.82998], [19.9892, 69.83842], [20.0072, 69.84349], [20.0108, 69.83505], [20.0036, 69.82154], [19.982, 69.79621], [19.9676, 69.76413], [20.0072, 69.76919], [20.0324, 69.79114], [20.0792, 69.84518], [20.1152, 69.87895], [20.144, 69.92285], [20.1548, 69.93467], [20.1692, 69.94143], [20.1692, 69.9313], [20.1692, 69.92623], [20.1692, 69.92116], [20.1692, 69.89584], [20.1692, 69.88064], [20.1764, 69.87388], [20.1944, 69.86713], [20.2016, 69.85869], [20.2088, 69.85869], [20.2088, 69.87895], [20.2016, 69.92454], [20.2088, 69.9313], [20.2376, 69.94649], [20.27, 69.96844], [20.2916, 69.97182], [20.3132, 69.96338], [20.4176, 69.89077], [20.4248, 69.87726], [20.4212, 69.86713], [20.4104, 69.857], [20.3996, 69.84518], [20.396, 69.83336], [20.396, 69.8131], [20.3924, 69.80465], [20.3852, 69.7979], [20.3744, 69.78946], [20.3636, 69.77932], [20.36, 69.7675], [20.3564, 69.75737], [20.3492, 69.74555], [20.342, 69.73373], [20.3348, 69.72529], [20.3204, 69.68645], [20.3204, 69.68139], [20.324, 69.66957], [20.3312, 69.66281], [20.3744, 69.64255], [20.3816, 69.63411], [20.3852, 69.62229], [20.3852, 69.61047], [20.3816, 69.59865], [20.378, 69.58851], [20.3672, 69.58514], [20.3312, 69.58176], [20.2916, 69.57332], [20.2736, 69.55981], [20.306, 69.54461], [20.288, 69.53786], [20.2772, 69.52941], [20.27, 69.51759], [20.2628, 69.5024], [20.2772, 69.48551], [20.2664, 69.46863], [20.2412, 69.46018], [20.216, 69.46863], [20.2052, 69.43992], [20.1908, 69.4129], [20.1692, 69.39433], [20.1152, 69.38251], [20.0576, 69.35887], [20.0, 69.34874], [19.982, 69.33861], [19.9856, 69.33523], [19.9964, 69.32847], [20.0036, 69.3251], [19.9388, 69.28795], [19.9172, 69.26937], [19.9496, 69.26262], [19.9712, 69.26937], [20.0, 69.28626], [20.0288, 69.30483], [20.0468, 69.32172], [20.072, 69.33523], [20.2268, 69.3842], [20.2664, 69.38757], [20.2772, 69.39264], [20.3528, 69.46863], [20.3744, 69.48213], [20.4212, 69.50746], [20.4428, 69.52266], [20.45, 69.54799], [20.4536, 69.55643], [20.4608, 69.56487], [20.4716, 69.57332], [20.4824, 69.57838], [20.4968, 69.57838], [20.51121, 69.57163], [20.52561, 69.56487], [20.57241, 69.54461], [20.64801, 69.52097], [20.79201, 69.50915], [20.81001, 69.5024], [20.82441, 69.49395], [20.83881, 69.49058], [20.85321, 69.49564], [20.81361, 69.51084], [20.72001, 69.52773], [20.68401, 69.54799], [20.65881, 69.57669], [20.64801, 69.58514], [20.62641, 69.59527], [20.54001, 69.61047], [20.4932, 69.62735], [20.4824, 69.63748], [20.4896, 69.64762], [20.52561, 69.67801], [20.54001, 69.70503], [20.53641, 69.73036], [20.51481, 69.74893], [20.4824, 69.75568], [20.4824, 69.76413], [20.51121, 69.76919], [20.64441, 69.77257], [20.78481, 69.80128], [20.80281, 69.81141], [20.82081, 69.82829], [20.82441, 69.8418], [20.81361, 69.85362], [20.79921, 69.86713], [20.79201, 69.87895], [20.82801, 69.88233], [21.05121, 69.9448], [21.09081, 69.94818], [21.09081, 69.94143], [20.98281, 69.90428], [20.91801, 69.86713], [20.89281, 69.86038], [20.89281, 69.85362], [20.91441, 69.84856], [20.93601, 69.84856], [20.95401, 69.84687], [20.96841, 69.83167], [20.95761, 69.83167], [20.95041, 69.82998], [20.94681, 69.82492], [20.93961, 69.81816], [20.99361, 69.79283], [21.01881, 69.78777], [21.05121, 69.7979], [21.03681, 69.80465], [21.00441, 69.81478], [20.99721, 69.82492], [21.01881, 69.8266], [21.04761, 69.83167], [21.06921, 69.84349], [21.05841, 69.86038], [21.08361, 69.86544], [21.17001, 69.87557], [21.18801, 69.86882], [21.18081, 69.85531], [21.14121, 69.82492], [21.12681, 69.81141], [21.14841, 69.8131], [21.18081, 69.81985], [21.20601, 69.82998], [21.22401, 69.84518], [21.22401, 69.857], [21.20961, 69.90766], [21.32481, 69.90766], [21.30321, 69.92116], [21.27081, 69.92961], [21.23841, 69.93467], [21.20961, 69.93467], [21.22401, 69.9752], [21.25281, 70.00222], [21.28881, 70.02079], [21.33201, 70.03092], [21.39321, 70.02923], [21.55882, 69.98871], [21.55522, 69.9752], [21.56962, 69.96507], [21.60562, 69.95494], [21.58042, 69.92792], [21.60922, 69.91272], [21.64522, 69.89921], [21.68482, 69.89077], [21.75682, 69.88233], [21.90442, 69.82492], [21.92962, 69.80803], [21.94402, 69.78777], [21.95842, 69.77764], [22.05202, 69.75062], [22.03402, 69.74386], [22.01602, 69.74386], [21.97642, 69.75062], [22.00162, 69.74049], [22.03042, 69.73373], [22.06282, 69.73373], [22.08802, 69.7388], [22.09882, 69.75062], [22.09162, 69.75737], [22.05922, 69.77088], [22.05562, 69.79283], [22.00882, 69.8131], [21.91522, 69.83842], [21.93682, 69.8418], [22.00162, 69.83505], [22.01962, 69.84518], [22.01242, 69.85869], [21.99082, 69.86882], [21.94402, 69.87388], [21.92962, 69.87895], [21.92962, 69.89415], [21.92962, 69.91103], [21.92602, 69.92454], [21.91522, 69.93805], [21.91522, 69.9448], [21.92962, 69.96338], [21.92962, 69.96676], [21.92242, 69.97182], [21.92242, 69.97689], [21.92962, 69.98364], [21.94042, 69.98533], [21.98362, 69.98364], [22.00882, 69.98533], [22.02322, 69.98533], [22.03402, 69.98026], [22.03402, 69.97351], [22.02322, 69.95494], [22.05202, 69.93805], [22.06282, 69.95662], [22.05922, 69.9904], [22.05202, 70.01741], [22.06642, 70.01741], [22.09882, 70.02417], [22.11322, 70.02417], [22.11322, 70.03092], [21.95122, 70.01235], [21.86482, 70.01235], [21.80002, 70.03768], [21.83962, 70.05456], [21.98362, 70.05794], [22.00522, 70.06132], [22.01962, 70.06807], [22.05202, 70.08496], [22.08442, 70.09678], [22.09522, 70.10522], [22.09882, 70.12042], [22.01962, 70.10353], [22.00882, 70.10184], [21.98722, 70.08833], [21.95842, 70.08496], [21.83962, 70.09171], [21.82882, 70.08833], [21.81802, 70.07483], [21.80362, 70.07145], [21.72082, 70.06132], [21.68842, 70.06469], [21.63082, 70.09509], [21.61282, 70.09847], [21.51202, 70.09171], [21.48321, 70.09847], [21.46881, 70.10691], [21.44001, 70.1373], [21.43641, 70.14912], [21.45441, 70.15925], [21.47961, 70.16601], [21.49761, 70.17445], [21.35721, 70.16432], [21.31401, 70.1677], [21.29601, 70.17107], [21.28161, 70.17614], [21.27081, 70.18289], [21.26001, 70.19134], [21.24561, 70.19978], [21.21321, 70.20653], [21.20961, 70.20822], [21.23481, 70.22511], [21.27081, 70.23862], [21.30681, 70.24706], [21.33921, 70.25044], [21.40761, 70.26732], [21.44001, 70.26901], [21.43641, 70.25044], [21.44361, 70.23862], [21.49041, 70.20822], [21.49401, 70.21667], [21.49401, 70.22173], [21.49041, 70.22511], [21.49041, 70.23355], [21.49401, 70.24031], [21.50482, 70.25044], [21.51202, 70.25719], [21.51202, 70.2707], [21.51202, 70.28252], [21.51202, 70.29265], [21.51922, 70.30447], [21.53362, 70.31629], [21.55162, 70.32136], [21.57322, 70.31967], [21.58762, 70.31291], [21.58762, 70.30785], [21.58762, 70.29265], [21.58762, 70.28759], [21.61282, 70.2707], [21.63442, 70.26226], [21.68482, 70.2555], [21.71002, 70.25044], [21.79642, 70.20653], [21.80362, 70.19809], [21.80722, 70.18796], [21.81802, 70.17445], [21.82882, 70.1677], [21.87562, 70.14743], [21.87922, 70.16094], [21.87562, 70.16939], [21.87202, 70.17783], [21.86842, 70.18796], [21.86482, 70.19134], [21.86122, 70.19134], [21.85762, 70.19471], [21.86122, 70.20147], [21.86482, 70.20822], [21.87562, 70.20991], [21.88642, 70.20991], [21.89362, 70.20822], [21.87202, 70.21667], [21.82882, 70.2268], [21.80722, 70.24031], [21.80722, 70.25719], [21.82162, 70.26901], [21.98722, 70.32305], [22.00882, 70.32473], [22.03042, 70.31798], [22.01962, 70.30954], [21.99082, 70.29603], [21.98362, 70.28421], [22.00882, 70.2859], [22.07362, 70.30447], [22.09522, 70.30785], [22.10602, 70.30447], [22.10602, 70.29434], [22.10602, 70.24537], [22.11682, 70.23355], [22.14202, 70.23693], [22.15282, 70.24706], [22.15282, 70.25888], [22.14202, 70.28421], [22.26802, 70.29434], [22.30762, 70.28759], [22.31482, 70.27239], [22.30042, 70.2555], [22.27522, 70.23862], [22.25722, 70.23017], [22.27162, 70.21835], [22.27882, 70.20316], [22.28242, 70.18458], [22.29322, 70.1677], [22.27882, 70.15757], [22.25002, 70.15081], [22.23562, 70.14068], [22.27522, 70.13561], [22.40482, 70.14743], [22.52363, 70.12379], [22.55963, 70.12717], [22.53803, 70.13899], [22.50563, 70.14743], [22.32562, 70.1677], [22.33282, 70.17952], [22.36162, 70.21667], [22.37602, 70.24706], [22.37242, 70.25044], [22.40122, 70.25888], [22.43362, 70.26057], [22.46962, 70.26057], [22.51283, 70.25381], [22.55243, 70.23862], [22.56683, 70.23693], [22.57763, 70.24031], [22.58843, 70.24199], [22.59923, 70.23693], [22.59563, 70.22173], [22.60283, 70.21835], [22.67483, 70.22342], [22.96643, 70.20822], [22.97723, 70.19809], [22.97003, 70.18965], [22.85843, 70.12548], [22.83683, 70.12042], [22.80443, 70.11704], [22.73603, 70.10184], [22.55243, 70.08496], [22.47682, 70.09171], [22.43362, 70.08833], [22.39402, 70.06807], [22.28602, 70.04443], [22.30402, 70.03937], [22.33282, 70.04105], [22.35802, 70.04612], [22.39402, 70.06132], [22.64603, 70.07651], [22.71443, 70.09509], [22.86563, 70.10522], [22.97723, 70.14575], [23.01683, 70.14743], [23.00243, 70.11366], [22.99883, 70.10015], [22.99883, 70.08158], [23.00243, 70.06638], [23.00963, 70.05119], [23.02043, 70.03768], [23.03123, 70.03092], [23.05283, 70.03261], [23.08523, 70.03937], [23.11403, 70.04274], [23.12843, 70.0343], [23.12483, 70.01235], [23.12123, 69.99884], [23.12483, 69.98871], [23.15003, 69.9752], [23.13563, 69.96676], [23.12483, 69.96169], [23.11043, 69.95662], [23.09603, 69.95494], [23.12483, 69.9448], [23.16083, 69.95156], [23.28323, 69.99377], [23.29763, 69.99546], [23.31563, 69.99715], [23.31563, 69.99377], [23.32283, 69.98702], [23.33363, 69.98195], [23.34083, 69.97689], [23.33723, 69.97182], [23.30843, 69.95325], [23.30843, 69.94987], [23.33003, 69.94818], [23.42003, 69.97858], [23.46683, 69.98533], [23.47763, 69.99208], [23.48483, 70.00559], [23.50284, 70.01066], [23.52444, 70.01572], [23.53884, 70.02417], [23.48843, 70.0343], [23.29763, 70.03937], [23.27243, 70.04612], [23.17523, 70.09171], [23.19323, 70.09678], [23.22923, 70.09847], [23.24363, 70.10184], [23.25803, 70.1086], [23.27603, 70.11197], [23.35883, 70.11535], [23.38043, 70.12379], [23.40203, 70.14068], [23.38043, 70.14912], [23.32283, 70.15925], [23.29763, 70.1677], [23.32643, 70.17614], [23.40203, 70.18121], [23.42363, 70.19471], [23.33003, 70.19303], [23.27963, 70.19809], [23.24363, 70.21667], [23.27603, 70.22511], [23.38763, 70.23017], [23.41643, 70.23355], [23.48843, 70.23524], [23.50284, 70.23693], [23.50644, 70.24368], [23.53164, 70.24368], [23.50284, 70.25381], [23.47043, 70.2555], [23.29403, 70.24368], [23.31203, 70.25719], [23.39843, 70.27914], [23.57124, 70.29096], [23.61444, 70.30447], [23.51364, 70.29772], [23.51724, 70.30616], [23.54604, 70.32473], [23.52444, 70.32473], [23.48123, 70.31629], [23.46323, 70.31798], [23.48123, 70.3298], [23.51364, 70.36526], [23.53524, 70.3737], [23.56044, 70.37708], [23.58924, 70.38721], [23.64324, 70.41085], [23.75124, 70.448], [23.81604, 70.48684], [23.84124, 70.49697], [23.91684, 70.50879], [24.18684, 70.49359], [24.29844, 70.47502], [24.31284, 70.46995], [24.33444, 70.45982], [24.34884, 70.45644], [24.35604, 70.4632], [24.35604, 70.47164], [24.34524, 70.47671], [24.31644, 70.48346], [24.25884, 70.51386], [24.23004, 70.52399], [24.11484, 70.5375], [24.10404, 70.54087], [24.11124, 70.54932], [24.21204, 70.58478], [24.23724, 70.59997], [24.24804, 70.60166], [24.25524, 70.60335], [24.26604, 70.60673], [24.27324, 70.61348], [24.27684, 70.62361], [24.27684, 70.64725], [24.28044, 70.65738], [24.29484, 70.66583], [24.33444, 70.6844], [24.35244, 70.69116], [24.37044, 70.68947], [24.41004, 70.68102], [24.47844, 70.68271], [24.50005, 70.67765], [24.61525, 70.62699], [24.64765, 70.61855], [24.68725, 70.61348], [24.72325, 70.62024], [24.73765, 70.64388], [24.72325, 70.66583], [24.66205, 70.68778], [24.64405, 70.70298], [24.64765, 70.70466], [24.65485, 70.70973], [24.58645, 70.72155], [24.56845, 70.72999], [24.54325, 70.74688], [24.53245, 70.75026], [24.51445, 70.75194], [24.46404, 70.75026], [24.34884, 70.76376], [24.29124, 70.76376], [24.26604, 70.77052], [24.24444, 70.78403], [24.26964, 70.80091], [24.26604, 70.82118], [24.26964, 70.83806], [24.36324, 70.86339], [24.39564, 70.86677], [24.41724, 70.85326], [24.41004, 70.8465], [24.44964, 70.84144], [24.46404, 70.83468], [24.46404, 70.8178], [24.52165, 70.81104], [24.57565, 70.79922], [24.61525, 70.77896], [24.63685, 70.77896], [24.65125, 70.79922], [24.64045, 70.80936], [24.62965, 70.81611], [24.60085, 70.82624], [24.61165, 70.84144], [24.61165, 70.85157], [24.61165, 70.86001], [24.62965, 70.86677], [24.65485, 70.86508], [24.68365, 70.86001], [24.70885, 70.85833], [24.72325, 70.87352], [24.63685, 70.89379], [24.60805, 70.89379], [24.62245, 70.90561], [24.62965, 70.90729], [24.59365, 70.91743], [24.58285, 70.92418], [24.57565, 70.936], [24.59005, 70.94275], [24.61165, 70.94782], [24.63685, 70.94951], [24.65485, 70.94951], [24.64045, 70.95457], [24.60445, 70.95626], [24.58645, 70.96302], [24.60805, 70.96977], [24.63685, 70.97484], [24.66565, 70.97821], [24.77365, 70.96808], [24.78445, 70.96639], [24.78805, 70.96133], [24.79525, 70.95289], [24.80605, 70.94782], [24.83485, 70.94275], [24.84565, 70.93938], [24.86005, 70.92756], [24.85285, 70.92249], [24.83845, 70.91574], [24.82045, 70.90729], [24.98605, 70.91405], [24.96805, 70.92925], [24.97885, 70.94613], [24.98965, 70.95795], [24.97165, 70.96302], [24.99325, 70.97146], [25.03285, 70.97146], [25.06165, 70.95795], [25.05445, 70.92756], [25.02565, 70.90898], [24.98965, 70.8921], [24.95005, 70.87859], [24.91765, 70.87352], [24.93205, 70.86846], [24.97165, 70.8769], [24.98965, 70.87015], [25.00405, 70.8617], [25.04725, 70.85833], [25.06885, 70.85326], [25.06885, 70.87352], [25.07605, 70.88365], [25.11205, 70.90898], [25.13365, 70.91911], [25.14085, 70.92249], [25.15525, 70.91911], [25.15885, 70.91405], [25.16245, 70.91067], [25.16605, 70.90729], [25.18045, 70.90392], [25.23085, 70.87352], [25.24165, 70.8617], [25.26685, 70.82624], [25.24525, 70.79078], [25.25605, 70.79078], [25.26685, 70.79416], [25.27405, 70.80091], [25.28485, 70.80936], [25.29565, 70.81273], [25.31005, 70.81442], [25.34245, 70.81273], [25.34965, 70.81949], [25.39285, 70.88365], [25.39645, 70.90054], [25.38565, 70.90729], [25.37485, 70.91236], [25.36045, 70.92587], [25.34605, 70.94107], [25.34245, 70.95289], [25.36405, 70.97653], [25.41805, 70.96471], [25.53686, 70.92249], [25.53686, 70.91067], [25.52606, 70.89716], [25.51166, 70.88703], [25.49365, 70.87859], [25.44325, 70.86339], [25.42165, 70.86001], [25.44325, 70.84144], [25.46485, 70.84482], [25.51166, 70.87015], [25.52246, 70.86846], [25.54046, 70.85495], [25.55486, 70.85326], [25.56206, 70.85664], [25.58726, 70.88028], [25.61606, 70.88872], [25.66286, 70.89547], [25.70606, 70.89547], [25.72406, 70.88365], [25.72766, 70.8769], [25.73486, 70.87015], [25.74566, 70.8617], [25.75646, 70.86001], [25.76726, 70.86339], [25.77806, 70.87015], [25.78526, 70.8769], [25.78886, 70.88028], [25.82486, 70.88534], [25.85366, 70.89379], [25.88246, 70.89547], [25.91126, 70.88028], [25.91846, 70.87352], [25.92566, 70.86339], [25.92566, 70.85664], [25.89686, 70.84988], [25.86806, 70.83468], [25.82486, 70.82793], [25.79966, 70.81611], [25.75286, 70.78403], [25.72766, 70.77558], [25.63046, 70.76376], [25.63406, 70.75532], [25.64126, 70.74857], [25.65566, 70.73675], [25.64126, 70.72324], [25.61966, 70.71311], [25.59806, 70.70466], [25.55846, 70.6996], [25.51166, 70.67089], [25.44685, 70.66245], [25.42885, 70.64219], [25.35325, 70.60673], [25.30645, 70.59997], [25.28845, 70.59322], [25.25605, 70.57296], [25.23805, 70.56451], [25.10125, 70.5223], [25.07245, 70.50372], [25.24525, 70.52736], [25.28845, 70.51048], [25.24165, 70.48684], [25.06165, 70.49022], [25.09765, 70.47164], [25.24165, 70.4784], [25.28845, 70.45644], [25.26685, 70.45644], [25.25245, 70.448], [25.24525, 70.43449], [25.26325, 70.40579], [25.26325, 70.39228], [25.25605, 70.38721], [25.19845, 70.40072], [25.15525, 70.39397], [25.07965, 70.35851], [25.09405, 70.35513], [25.10845, 70.35344], [25.13725, 70.35344], [25.11925, 70.34669], [25.10485, 70.33655], [25.10485, 70.32473], [25.12285, 70.31798], [25.14085, 70.32305], [25.16245, 70.33318], [25.18765, 70.33993], [25.20565, 70.33149], [25.20925, 70.31629], [25.20205, 70.30785], [25.05805, 70.25381], [25.02565, 70.24875], [25.01485, 70.24537], [25.00405, 70.23862], [24.99325, 70.23355], [24.98965, 70.23017], [24.97885, 70.23017], [24.97885, 70.22511], [24.97885, 70.21835], [24.97885, 70.21498], [24.97165, 70.20653], [24.96445, 70.19809], [24.96445, 70.19134], [24.97165, 70.17614], [24.96445, 70.16939], [24.94645, 70.15757], [24.94645, 70.14912], [24.94285, 70.10184], [24.96445, 70.07989], [25.00405, 70.06469], [25.03645, 70.06469], [25.03285, 70.09171], [25.02205, 70.10015], [25.01125, 70.1086], [25.00765, 70.11873], [25.01125, 70.13393], [25.02925, 70.14237], [25.09405, 70.15419], [25.08685, 70.14743], [25.07245, 70.12717], [25.09045, 70.12717], [25.10845, 70.13055], [25.12285, 70.13224], [25.13725, 70.12717], [25.10485, 70.12211], [25.09045, 70.11704], [25.07965, 70.10522], [25.09405, 70.10015], [25.10125, 70.09171], [25.11205, 70.08327], [25.13725, 70.0782], [25.15885, 70.08158], [25.20565, 70.09002], [25.22725, 70.09171], [25.25245, 70.10184], [25.27405, 70.12211], [25.31005, 70.17107], [25.32445, 70.18289], [25.34245, 70.18965], [25.36045, 70.19471], [25.38205, 70.19471], [25.39645, 70.19978], [25.41445, 70.20991], [25.42885, 70.22173], [25.43605, 70.23355], [25.45045, 70.24875], [25.51886, 70.27745], [25.54046, 70.29772], [25.51886, 70.31123], [25.42165, 70.32473], [25.43965, 70.34162], [25.65566, 70.44125], [25.86806, 70.56451], [25.89686, 70.57127], [25.92566, 70.57633], [25.96166, 70.58815], [25.99046, 70.60673], [26.01206, 70.62699], [26.05526, 70.69284], [26.06966, 70.71311], [26.08406, 70.71648], [26.12006, 70.71817], [26.13806, 70.72324], [26.14526, 70.73168], [26.15606, 70.75026], [26.16326, 70.75701], [26.19206, 70.7739], [26.25686, 70.79754], [26.30726, 70.833], [26.37566, 70.86846], [26.61327, 70.94951], [26.69247, 70.95626], [26.68887, 70.95289], [26.67807, 70.94275], [26.72487, 70.92756], [26.71767, 70.91574], [26.72127, 70.91067], [26.72847, 70.90729], [26.73207, 70.89716], [26.72847, 70.88872], [26.72487, 70.88028], [26.70687, 70.87015], [26.69607, 70.86508], [26.68167, 70.86339], [26.67087, 70.86001], [26.66367, 70.84988], [26.66727, 70.83806], [26.67087, 70.83131], [26.68167, 70.82624], [26.69247, 70.82624], [26.70327, 70.82962], [26.72127, 70.83468], [26.73567, 70.83806], [26.74647, 70.833], [26.74287, 70.82286], [26.73567, 70.81611], [26.71767, 70.80429], [26.70327, 70.79078], [26.69247, 70.77221], [26.68527, 70.75532], [26.69247, 70.73675], [26.64207, 70.70635], [26.34326, 70.64725], [26.37566, 70.63881], [26.49806, 70.66076], [26.53767, 70.66245], [26.62407, 70.65232], [26.65647, 70.6405], [26.60247, 70.55776], [26.60607, 70.54425], [26.59167, 70.53581], [26.57367, 70.52905], [26.55927, 70.51723], [26.55927, 70.50372], [26.56287, 70.49697], [26.57367, 70.49022], [26.58087, 70.47671], [26.54127, 70.46151], [26.51967, 70.448], [26.51247, 70.43111], [26.51607, 70.42436], [26.52687, 70.41423], [26.52687, 70.40747], [26.52327, 70.40072], [26.51607, 70.38721], [26.51247, 70.38046], [26.50887, 70.37708], [26.50527, 70.37033], [26.50527, 70.36357], [26.51607, 70.35851], [26.55567, 70.35344], [26.56647, 70.35682], [26.57367, 70.36188], [26.57727, 70.36864], [26.58447, 70.3737], [26.59527, 70.38046], [26.60967, 70.38046], [26.63487, 70.37708], [26.64927, 70.38046], [26.63127, 70.40072], [26.62767, 70.40747], [26.63487, 70.41254], [26.65647, 70.42436], [26.66367, 70.42605], [26.69247, 70.42098], [26.72487, 70.42098], [26.75367, 70.42774], [26.77887, 70.43787], [26.80047, 70.45476], [26.80407, 70.46995], [26.81127, 70.48008], [26.94447, 70.48346], [26.93007, 70.46658], [26.94807, 70.4632], [27.05247, 70.47671], [27.07767, 70.47502], [27.10287, 70.46995], [27.09207, 70.47502], [27.05607, 70.48346], [27.04527, 70.48853], [27.02727, 70.50372], [26.97687, 70.52736], [26.96607, 70.5375], [26.99127, 70.54425], [27.00207, 70.54932], [27.00567, 70.55776], [26.98047, 70.56451], [26.97327, 70.5662], [26.99127, 70.58309], [27.02007, 70.59828], [27.05247, 70.6101], [27.08127, 70.61348], [27.08847, 70.6101], [27.10647, 70.60166], [27.11727, 70.59997], [27.12807, 70.59828], [27.17127, 70.59997], [27.24327, 70.58478], [27.26487, 70.58478], [27.23607, 70.60166], [27.13167, 70.62699], [27.09927, 70.6405], [27.10647, 70.6557], [27.15687, 70.68102], [27.13887, 70.68947], [27.09927, 70.69622], [27.08127, 70.70298], [27.11007, 70.7283], [27.13887, 70.74012], [27.28647, 70.7435], [27.31527, 70.73844], [27.32967, 70.7435], [27.34407, 70.75701], [27.31887, 70.7587], [27.29367, 70.76376], [27.27927, 70.7739], [27.29007, 70.79585], [27.31167, 70.8178], [27.32247, 70.82286], [27.34767, 70.82624], [27.62848, 70.80429], [27.48087, 70.82624], [27.48087, 70.833], [27.49527, 70.83131], [27.50968, 70.83637], [27.52048, 70.84144], [27.53488, 70.8465], [27.52408, 70.85157], [27.50968, 70.8617], [27.49887, 70.86677], [27.49167, 70.86677], [27.47007, 70.86677], [27.46287, 70.87015], [27.45927, 70.87521], [27.45567, 70.87859], [27.45207, 70.87859], [27.44487, 70.88028], [27.40887, 70.8769], [27.39087, 70.8769], [27.38367, 70.88365], [27.38727, 70.8921], [27.40527, 70.90561], [27.40887, 70.91405], [27.39447, 70.90898], [27.36927, 70.89379], [27.35487, 70.88703], [27.33687, 70.88365], [27.18927, 70.89547], [27.15327, 70.90561], [27.12087, 70.92249], [27.13527, 70.94951], [27.14967, 70.96302], [27.17127, 70.96639], [27.34767, 70.94275], [27.34047, 70.95289], [27.32967, 70.96133], [27.30807, 70.97315], [27.29007, 70.9799], [27.24687, 70.98835], [27.23247, 70.99679], [27.22167, 71.01874], [27.25407, 71.02549], [27.47727, 71.00692], [27.49887, 70.99341], [27.50968, 70.96808], [27.52768, 70.95626], [27.55288, 70.95457], [27.57448, 70.96808], [27.56728, 70.98159], [27.56368, 70.9951], [27.57088, 71.00692], [27.58168, 71.01705], [27.54568, 71.02212], [27.53128, 71.02887], [27.52768, 71.04069], [27.52768, 71.05758], [27.52408, 71.06602], [27.52408, 71.07446], [27.53488, 71.08628], [27.56728, 71.09641], [27.61048, 71.09304], [27.64288, 71.09473], [27.65008, 71.12681], [27.71488, 71.10486], [27.72568, 71.08966], [27.69688, 71.06602], [27.72208, 71.05927], [27.78688, 71.05927], [27.81208, 71.05589], [27.85528, 71.04069], [27.87688, 71.03731], [27.96328, 71.04745], [27.98488, 71.05589], [27.99928, 71.06602], [28.02088, 71.07109], [28.04248, 71.07109], [28.06048, 71.06602], [28.06408, 71.06095], [28.06408, 71.05589], [28.06408, 71.04913], [28.06768, 71.04576], [28.08208, 71.04069], [28.08568, 71.04238], [28.14688, 71.07446], [28.16848, 71.08291], [28.19008, 71.08628], [28.20808, 71.08459], [28.23328, 71.07784], [28.25128, 71.06771], [28.26208, 71.05589], [28.25128, 71.039], [28.23328, 71.03225], [28.21168, 71.02718], [28.19728, 71.01705], [28.21888, 71.01705], [28.20808, 71.01536], [28.20088, 71.01199], [28.19368, 71.00523], [28.18648, 70.99679], [28.20088, 70.99848], [28.24048, 71.0103], [28.23328, 71.00017], [28.22608, 70.99341], [28.21528, 70.98666], [28.20448, 70.98328], [28.23328, 70.97653], [28.34488, 71.00354], [28.49248, 71.00017], [28.53209, 70.98328], [28.53929, 70.98328], [28.54649, 70.9799], [28.55009, 70.97315], [28.54649, 70.96639], [28.53569, 70.95795], [28.52849, 70.93938], [28.50689, 70.91911], [28.49968, 70.91067], [28.48168, 70.88872], [28.44208, 70.88365], [28.37008, 70.88703], [28.38448, 70.87521], [28.40248, 70.87183], [28.42408, 70.87183], [28.44568, 70.86677], [28.42408, 70.85326], [28.39888, 70.8465], [28.34488, 70.8465], [28.34488, 70.83975], [28.35208, 70.83637], [28.35568, 70.83468], [28.35928, 70.83131], [28.36288, 70.82624], [28.22608, 70.833], [28.24408, 70.82455], [28.26208, 70.81949], [28.30168, 70.81273], [28.26568, 70.79416], [28.22248, 70.78572], [28.17928, 70.78234], [28.13608, 70.78403], [28.08208, 70.79754], [28.06048, 70.79922], [28.02448, 70.79247], [28.01008, 70.79585], [28.01368, 70.81273], [27.99928, 70.81611], [27.98488, 70.81273], [27.97408, 70.80767], [27.95968, 70.80429], [27.95248, 70.79754], [27.82288, 70.79078], [27.80848, 70.79585], [27.79768, 70.79585], [27.77248, 70.79247], [27.76168, 70.79078], [27.77608, 70.78065], [27.81208, 70.77727], [27.83008, 70.77052], [27.81208, 70.76545], [27.79768, 70.76039], [27.78328, 70.75532], [27.77248, 70.7435], [27.85888, 70.76376], [27.89848, 70.76883], [27.98848, 70.75701], [27.99208, 70.75363], [27.99568, 70.74519], [28.00648, 70.7435], [28.08208, 70.74519], [28.10728, 70.7435], [28.12888, 70.73675], [28.07128, 70.70298], [27.93448, 70.68778], [27.86968, 70.66752], [27.87328, 70.66583], [27.87688, 70.66076], [27.79408, 70.63712], [27.75448, 70.63206], [27.72208, 70.62192], [27.67528, 70.61517], [27.65008, 70.60673], [27.79408, 70.61348], [28.15408, 70.67765], [28.25488, 70.71648], [28.28368, 70.71817], [28.30168, 70.70298], [28.28728, 70.65401], [28.23328, 70.61517], [28.16488, 70.58815], [28.05688, 70.55607], [28.03528, 70.54087], [27.99568, 70.52568], [27.91288, 70.51217], [27.87328, 70.49866], [27.84808, 70.48346], [27.86248, 70.46995], [27.86968, 70.45813], [27.88408, 70.42774], [27.89488, 70.43956], [27.91288, 70.47333], [27.92728, 70.48346], [27.94528, 70.48853], [27.98128, 70.49697], [27.95968, 70.48515], [27.93808, 70.46995], [28.05688, 70.49359], [28.18648, 70.50372], [28.07848, 70.47671], [28.05328, 70.45982], [28.04248, 70.44462], [28.04968, 70.44294], [28.08928, 70.45138], [28.11088, 70.46151], [28.10368, 70.45476], [28.10728, 70.44631], [28.12888, 70.44125], [28.13608, 70.44631], [28.17928, 70.47671], [28.21528, 70.49528], [28.25128, 70.51048], [28.29448, 70.51723], [28.33408, 70.51723], [28.32328, 70.49697], [28.30168, 70.48684], [28.28368, 70.4784], [28.26568, 70.46658], [28.24768, 70.448], [28.21168, 70.42098], [28.17208, 70.39565], [28.16128, 70.38215], [28.15768, 70.36864], [28.16848, 70.35006], [28.17208, 70.33318], [28.16848, 70.3146], [28.15768, 70.28421], [28.15768, 70.24706], [28.17928, 70.18289], [28.17928, 70.15419], [28.16848, 70.13561], [28.15048, 70.12379], [28.13608, 70.11366], [28.10008, 70.08833], [28.07128, 70.0782], [28.03888, 70.07145], [28.01368, 70.07145], [28.06768, 70.06301], [28.12888, 70.08158], [28.18288, 70.11535], [28.21888, 70.15419], [28.22608, 70.17445], [28.21888, 70.18627], [28.20808, 70.19809], [28.19728, 70.21667], [28.19728, 70.2268], [28.20448, 70.24537], [28.20088, 70.25381], [28.19728, 70.26057], [28.19008, 70.28421], [28.19728, 70.30109], [28.21528, 70.3298], [28.22608, 70.345], [28.22968, 70.36526], [28.22968, 70.38383], [28.23328, 70.39903], [28.24768, 70.41423], [28.25848, 70.42098], [28.29088, 70.4328], [28.31968, 70.43956], [28.32328, 70.448], [28.32688, 70.45982], [28.33048, 70.46995], [28.35208, 70.48346], [28.39168, 70.49359], [28.42768, 70.49528], [28.46008, 70.49022], [28.45648, 70.47164], [28.47088, 70.45476], [28.48888, 70.44462], [28.50689, 70.448], [28.51049, 70.45813], [28.50689, 70.46658], [28.49968, 70.47502], [28.49968, 70.48346], [28.51049, 70.4919], [28.52489, 70.49866], [28.55369, 70.50372], [28.55369, 70.51048], [28.48168, 70.51217], [28.46008, 70.51723], [28.40608, 70.54425], [28.39888, 70.54763], [28.40248, 70.55945], [28.47808, 70.62699], [28.48528, 70.63543], [28.49248, 70.65738], [28.49968, 70.66752], [28.51769, 70.67765], [28.53209, 70.67934], [28.57529, 70.67427], [28.61489, 70.67427], [28.62209, 70.67765], [28.61129, 70.68947], [28.57529, 70.70129], [28.53929, 70.70973], [28.52489, 70.72155], [28.55369, 70.75026], [28.64369, 70.78909], [28.69409, 70.82962], [28.72649, 70.84819], [28.76249, 70.86339], [28.79489, 70.87352], [29.05769, 70.88365], [29.08289, 70.88028], [29.10449, 70.87352], [29.10089, 70.86846], [29.06129, 70.86677], [29.06129, 70.86001], [29.21969, 70.85495], [29.26289, 70.83975], [29.26289, 70.83468], [29.26289, 70.82118], [29.26649, 70.81442], [29.27369, 70.80936], [29.28089, 70.80429], [29.30249, 70.79922], [29.38169, 70.79247], [29.40329, 70.78403], [29.38169, 70.76883], [29.29529, 70.7435], [29.32049, 70.73506], [29.41769, 70.73675], [29.39969, 70.7283], [29.37089, 70.72324], [29.32049, 70.72324], [29.32769, 70.71311], [29.33849, 70.70804], [29.34929, 70.70804], [29.36369, 70.70973], [29.35289, 70.69453], [29.32769, 70.68947], [29.30249, 70.68778], [29.28089, 70.68102], [29.28449, 70.67934], [29.28809, 70.67765], [29.29529, 70.67427], [29.28089, 70.66076], [29.30609, 70.65232], [29.32769, 70.66076], [29.37089, 70.68947], [29.39249, 70.69791], [29.5185, 70.70635], [29.6985, 70.7435], [29.7453, 70.7435], [29.7777, 70.72662], [29.7813, 70.68947], [29.7633, 70.66414], [29.7021, 70.63881], [29.6805, 70.62024], [29.8245, 70.63374], [29.8389, 70.63881], [29.8497, 70.64725], [29.8569, 70.6557], [29.8713, 70.66414], [29.9577, 70.70466], [29.9937, 70.71311], [30.0693, 70.7148], [30.1053, 70.71142], [30.2061, 70.68102], [30.1845, 70.66414], [30.1557, 70.6557], [30.0981, 70.64725], [30.1305, 70.63881], [30.2421, 70.63374], [30.3357, 70.60673], [30.3465, 70.5966], [30.3285, 70.58478], [30.2637, 70.56958], [30.1521, 70.55776], [30.1233, 70.551], [30.1233, 70.54425], [30.1377, 70.54594], [30.1485, 70.54594], [30.1593, 70.54087], [30.1665, 70.53074], [30.1233, 70.53243], [30.0405, 70.54425], [30.0009, 70.54425], [30.0009, 70.5375], [30.1629, 70.52399], [30.4581, 70.56114], [30.50131, 70.55776], [30.58051, 70.54256], [30.59851, 70.52905], [30.56251, 70.51723], [30.73171, 70.46826], [30.74251, 70.44125], [30.78571, 70.42098], [30.81091, 70.41423], [30.82531, 70.42436], [30.83611, 70.43111], [30.92611, 70.45644], [30.94771, 70.44969], [30.97291, 70.42098], [30.98731, 70.41423], [31.00531, 70.40916], [31.06291, 70.36695], [31.04851, 70.35682], [31.03051, 70.34837], [31.01971, 70.33993], [31.02331, 70.32473], [31.03411, 70.3146], [31.05211, 70.30954], [31.06651, 70.30109], [31.07731, 70.28421], [31.04131, 70.28421], [30.93331, 70.26395], [30.54811, 70.24875], [30.51571, 70.23862], [30.51571, 70.21667], [30.4905, 70.20316], [30.3969, 70.19471], [30.3753, 70.18627], [30.3573, 70.17276], [30.3573, 70.16094], [30.3825, 70.15419], [30.3537, 70.13055], [30.3177, 70.11704], [30.1449, 70.09171], [30.1197, 70.08496], [30.1197, 70.0782], [30.1341, 70.07314], [30.1593, 70.07145], [29.6913, 70.09509], [29.21969, 70.12042], [29.22689, 70.12042], [28.93889, 70.15081], [28.65449, 70.18289], [28.61489, 70.17614], [28.59689, 70.16094], [28.75529, 70.1677], [28.73369, 70.14912], [28.69049, 70.13393], [28.64369, 70.12379], [28.61129, 70.12042], [28.62929, 70.10691], [28.66529, 70.10015], [28.73369, 70.09847], [28.77329, 70.11197], [28.78769, 70.11197], [28.83449, 70.10015], [28.84889, 70.09847], [28.84889, 70.09171], [28.75889, 70.0934], [28.73369, 70.08496], [28.92449, 70.07314], [28.99289, 70.05625], [29.13689, 70.05794], [29.12969, 70.04781], [29.12249, 70.04443], [29.16209, 70.04443], [29.18369, 70.04274], [29.19089, 70.03768], [29.18369, 70.03261], [29.12969, 70.01741], [29.15849, 70.00897], [29.34209, 70.01741], [29.38889, 70.00559], [29.6841, 69.97013], [29.6625, 69.96676], [29.5761, 69.93636], [29.5293, 69.92454], [29.48609, 69.91103], [29.43929, 69.9009], [29.42129, 69.89077], [29.41409, 69.88402], [29.41049, 69.87895], [29.40689, 69.87557], [29.39969, 69.86882], [29.38889, 69.86544], [29.36369, 69.86038], [29.41409, 69.857], [29.43569, 69.86206], [29.47169, 69.88739], [29.5149, 69.90934], [29.5365, 69.91441], [29.5509, 69.91441], [29.5653, 69.91272], [29.5761, 69.90934], [29.5905, 69.90428], [29.6049, 69.9009], [29.6301, 69.90766], [29.6661, 69.9009], [29.7129, 69.91441], [29.7417, 69.90766], [29.7309, 69.89415], [29.7381, 69.8857], [29.7453, 69.87726], [29.7417, 69.86544], [29.7741, 69.83842], [29.7561, 69.82829], [29.7381, 69.80296], [29.6985, 69.79283], [29.6481, 69.77257], [29.6445, 69.76413], [29.6445, 69.75568], [29.6265, 69.754], [29.6121, 69.74555], [29.6013, 69.73373], [29.5905, 69.72191], [29.5689, 69.71685], [29.5293, 69.71347], [29.5077, 69.7084], [29.5437, 69.7084], [29.5329, 69.6949], [29.5077, 69.67632], [29.48609, 69.66112], [29.5221, 69.66788], [29.5365, 69.67463], [29.5689, 69.6949], [29.6805, 69.73542], [29.7165, 69.74049], [29.8209, 69.74386], [29.9001, 69.73711], [29.9073, 69.73711], [29.9937, 69.7675], [30.0297, 69.77595], [30.0621, 69.77088], [30.0441, 69.76075], [30.0189, 69.73711], [30.0009, 69.72529], [29.9541, 69.71516], [29.9361, 69.70503], [29.9397, 69.68814], [29.9541, 69.70503], [29.9793, 69.71347], [30.0297, 69.72191], [30.0729, 69.74049], [30.0801, 69.7388], [30.1017, 69.71685], [30.1161, 69.70672], [30.1737, 69.68645], [30.1845, 69.68814], [30.1881, 69.6949], [30.1809, 69.70165], [30.1629, 69.71178], [30.1233, 69.74386], [30.1089, 69.75568], [30.1305, 69.76075], [30.1881, 69.76244], [30.2061, 69.77088], [30.2097, 69.78439], [30.1953, 69.79283], [30.1737, 69.80128], [30.1593, 69.81141], [30.1665, 69.82323], [30.1665, 69.84687], [30.1665, 69.86882], [30.1665, 69.87895], [30.2421, 69.87895], [30.2889, 69.8857], [30.3033, 69.88402], [30.3249, 69.86713], [30.3177, 69.85869], [30.2673, 69.84518], [30.2997, 69.83842], [30.3717, 69.84687], [30.3969, 69.83842], [30.4041, 69.83167], [30.4041, 69.82323], [30.4041, 69.8131], [30.4041, 69.80465], [30.4113, 69.7827], [30.4113, 69.78101], [30.4149, 69.73711], [30.4113, 69.70165], [30.3897, 69.6797], [30.3357, 69.67463], [30.3609, 69.66788], [30.4293, 69.67463], [30.4437, 69.67801], [30.4473, 69.68814], [30.4509, 69.71516], [30.4473, 69.72698], [30.4473, 69.73373], [30.4617, 69.73711], [30.4653, 69.74218], [30.4653, 69.74724], [30.4653, 69.75231], [30.4617, 69.76413], [30.4545, 69.77257], [30.4509, 69.78101], [30.4617, 69.79114], [30.4509, 69.80972], [30.4833, 69.81816], [30.69931, 69.80803], [30.72091, 69.7979], [30.70651, 69.79283], [30.69931, 69.7827], [30.70291, 69.77426], [30.71731, 69.77088], [30.73171, 69.77257], [30.74971, 69.77764], [30.78211, 69.79114], [30.78931, 69.79114], [30.83971, 69.80634], [30.84331, 69.76582], [30.86851, 69.74893], [30.87571, 69.73711], [30.88291, 69.72022], [30.88291, 69.71009], [30.88291, 69.70165], [30.90091, 69.68814], [30.92611, 69.67294], [30.92971, 69.59527], [30.92611, 69.57838], [30.89731, 69.54461], [30.85411, 69.52773], [30.75691, 69.52097], [30.51211, 69.53617], [30.4797, 69.54461], [30.2961, 69.6206], [30.2313, 69.63748], [30.1845, 69.64086], [30.1413, 69.63917], [30.1197, 69.63411], [30.1269, 69.62566], [30.1485, 69.61891], [30.2097, 69.60878], [30.2205, 69.60033], [30.2277, 69.58176], [30.2313, 69.55812], [30.2241, 69.54123], [30.2097, 69.52773], [30.1917, 69.51928], [30.1629, 69.51253], [30.1557, 69.50577], [30.1449, 69.49058], [30.1413, 69.47707], [30.1413, 69.46356], [30.1377, 69.45343], [30.1233, 69.44161], [30.0009, 69.39433], [29.9685, 69.37407], [29.9469, 69.36562], [29.9001, 69.35887], [29.7525, 69.35718], [29.7273, 69.35211], [29.6625, 69.3251], [29.6049, 69.31497], [29.43569, 69.31159], [29.37809, 69.30146], [29.33489, 69.27782], [29.32769, 69.26262], [29.31689, 69.2356], [29.30609, 69.22716], [29.30609, 69.21872], [29.30609, 69.21027], [29.30249, 69.20014], [29.29529, 69.1917], [29.27729, 69.1765], [29.27009, 69.16637], [29.25209, 69.13091], [29.24129, 69.11571], [29.21969, 69.09883], [29.17289, 69.07012], [29.11889, 69.04648], [29.06489, 69.03466], [29.00729, 69.03635], [28.97489, 69.03466], [28.95329, 69.02791], [28.83809, 69.08025], [28.82729, 69.09038], [28.82729, 69.10727], [28.84529, 69.18157], [28.85249, 69.20352], [28.86329, 69.21703], [29.23049, 69.37744], [29.34569, 69.46356], [29.20169, 69.58683], [29.14769, 69.6645], [29.12969, 69.67463], [28.80569, 69.73036], [28.48168, 69.78608], [28.44208, 69.79114], [28.40608, 69.80296], [28.38088, 69.82154], [28.38088, 69.857], [28.19008, 69.8857], [28.16848, 69.89415], [27.98128, 70.00897], [27.92728, 70.05287], [27.89848, 70.07145], [27.86608, 70.07483], [27.79048, 70.05963], [27.66448, 70.06807], [27.61408, 70.06132], [27.57088, 70.04105], [27.56368, 70.02417], [27.44487, 70.0039], [27.38007, 69.97351], [27.36567, 69.97182], [27.34767, 69.97182], [27.33327, 69.96844], [27.32247, 69.96], [27.32967, 69.95662], [27.34407, 69.95156], [27.35127, 69.94818], [27.31167, 69.92961], [27.09927, 69.90259], [27.08127, 69.90259], [27.00927, 69.92285], [26.98047, 69.92285], [26.95167, 69.91948], [26.89407, 69.93467], [26.86527, 69.93805], [26.77167, 69.92792], [26.70687, 69.93467], [26.53407, 69.92454], [26.50167, 69.91779], [26.48006, 69.89921], [26.44766, 69.88233], [26.43686, 69.87388], [26.44766, 69.85531], [26.41886, 69.83505], [26.31806, 69.79452], [26.26766, 69.75906], [26.22446, 69.73204], [26.21006, 69.7236], [26.19926, 69.71516], [26.18126, 69.71178], [26.03366, 69.69658], [26.00486, 69.68983], [25.97966, 69.67463], [25.96886, 69.66281], [25.96166, 69.65268], [25.96526, 69.64255], [25.97966, 69.63411], [26.00486, 69.61047], [26.00486, 69.58683], [25.98686, 69.56487], [25.96166, 69.54799], [25.90046, 69.53279], [25.88606, 69.52097], [25.88966, 69.51422], [25.90046, 69.50915], [25.90766, 69.5024], [25.89326, 69.49058], [25.88606, 69.47876], [25.88606, 69.45512], [25.87886, 69.44667], [25.86446, 69.44161], [25.84286, 69.41797], [25.87166, 69.37913], [25.87886, 69.37069], [25.78526, 69.31328], [25.77446, 69.29808], [25.73846, 69.21872], [25.73486, 69.1917], [25.74926, 69.16468], [25.75646, 69.15962], [25.76726, 69.14273], [25.77086, 69.13429], [25.77086, 69.12753], [25.76726, 69.12247], [25.76366, 69.11909], [25.76006, 69.11571], [25.76006, 69.08194], [25.75646, 69.07519], [25.74926, 69.06506], [25.74926, 69.05999], [25.76366, 69.0431], [25.76726, 69.03973], [25.76366, 69.03466], [25.76726, 69.03128], [25.77446, 69.02622], [25.79246, 69.01778], [25.79966, 69.01271], [25.80326, 69.00596], [25.79606, 68.99414], [25.75286, 68.97894], [25.74206, 68.96543], [25.73846, 68.95192], [25.72766, 68.94179], [25.69526, 68.9249], [25.67726, 68.91308], [25.66646, 68.89789], [25.65206, 68.88269], [25.62686, 68.87425], [25.60166, 68.87256], [25.48285, 68.88776], [25.43245, 68.88438], [25.38565, 68.87425], [25.20205, 68.81346], [25.16245, 68.78475], [25.14805, 68.76449], [25.14445, 68.74254], [25.14445, 68.69526], [25.13725, 68.6885], [25.13365, 68.68344], [25.13365, 68.67668], [25.14445, 68.66824], [25.13365, 68.64798], [25.11925, 68.63785], [25.09765, 68.63447], [25.07245, 68.63109], [25.00765, 68.61421], [24.98245, 68.61589], [24.95005, 68.60576], [24.93925, 68.58888], [24.92845, 68.5703], [24.90685, 68.55679], [24.87805, 68.55511], [24.86005, 68.56355], [24.83125, 68.59394], [24.75565, 68.63785], [24.66205, 68.66655], [24.48204, 68.6885], [24.33084, 68.70877], [24.18684, 68.74423], [24.16524, 68.75436], [24.13284, 68.77631], [23.92764, 68.81684], [23.85204, 68.81684], [23.78724, 68.79995], [23.76924, 68.75605], [23.73324, 68.71552], [23.64324, 68.69526], [23.48123, 68.68513], [23.19683, 68.61758], [23.17523, 68.62096], [23.09963, 68.66993], [23.07083, 68.68006], [23.02043, 68.68681], [22.85123, 68.67499], [22.59563, 68.72396], [22.57043, 68.72734], [22.54163, 68.72565], [22.43002, 68.71045], [22.40842, 68.71214], [22.39762, 68.73241], [22.37242, 68.8219], [22.35802, 68.83203], [22.27882, 68.85736], [22.19962, 68.90802], [22.18882, 68.91815], [22.17442, 68.94348], [22.16002, 68.9553], [22.02322, 69.01271], [21.94762, 69.06506], [21.66322, 69.26262], [21.63802, 69.27106], [21.31401, 69.29133], [21.09801, 69.23898], [21.08001, 69.23054], [21.06201, 69.21534], [21.03321, 69.18157], [21.15561, 69.08701], [21.09801, 69.0431], [21.07281, 69.03635], [21.03321, 69.04142], [20.74521, 69.10389], [20.71641, 69.09883], [20.62281, 69.03635], [20.3636, 69.0296], [20.1008, 69.02284], [20.342, 68.90971], [20.3492, 68.89282], [20.3564, 68.80502], [20.3528, 68.78644], [20.3384, 68.76618], [20.2376, 68.6598], [20.1512, 68.60745], [19.964, 68.5416]]], [[[15.14715, 67.91007], [15.11835, 67.91513], [15.02115, 67.91851], [14.98155, 67.91513], [14.97075, 67.91682], [14.97075, 67.92527], [14.95995, 67.94215], [14.96355, 67.95228], [14.97795, 67.95904], [14.97795, 67.9641], [14.97075, 67.97086], [14.97795, 67.97255], [15.01755, 67.97086], [15.03915, 67.96748], [15.05355, 67.96748], [15.06075, 67.97424], [15.06795, 67.98099], [15.09675, 67.9945], [15.10395, 68.00125], [15.11115, 67.99956], [15.11475, 67.9945], [15.11115, 67.98774], [15.10755, 67.98099], [15.10755, 67.97592], [15.13995, 67.95904], [15.16155, 67.95397], [15.21195, 67.95059], [15.22635, 67.94722], [15.22995, 67.94215], [15.24795, 67.94215], [15.25875, 67.94046], [15.26235, 67.93202], [15.28035, 67.94046], [15.28035, 67.94215], [15.29475, 67.94553], [15.30555, 67.94553], [15.30555, 67.93709], [15.28755, 67.92527], [15.25515, 67.91682], [15.24795, 67.91851], [15.24075, 67.9202], [15.16155, 67.91007], [15.14715, 67.91007]]], [[[15.22275, 68.03165], [15.22275, 68.03671], [15.22995, 68.03671], [15.24075, 68.02827], [15.25875, 68.0097], [15.27675, 67.99619], [15.28755, 67.97761], [15.26955, 67.96748], [15.18315, 67.96748], [15.17235, 67.97424], [15.16515, 67.98606], [15.16155, 67.99281], [15.15795, 67.99619], [15.16155, 68.00125], [15.17235, 68.00463], [15.17595, 68.01138], [15.19035, 68.01983], [15.21195, 68.02489], [15.22275, 68.03165]]], [[[15.70516, 68.01307], [15.67996, 67.99281], [15.66196, 67.98943], [15.65116, 67.98774], [15.61876, 67.98606], [15.52516, 67.98943], [15.51076, 67.99281], [15.50356, 67.9945], [15.49635, 67.99788], [15.48195, 68.00294], [15.48195, 68.00632], [15.49635, 68.00632], [15.50716, 68.00801], [15.52156, 68.01645], [15.53596, 68.02152], [15.57556, 68.02489], [15.85996, 68.02827], [15.89236, 68.01814], [15.91756, 68.01476], [15.93196, 68.00801], [15.93196, 68.00463], [15.93196, 67.99619], [15.92476, 67.99281], [15.88516, 67.98437], [15.84196, 67.98437], [15.78436, 67.99281], [15.73036, 68.01138], [15.70516, 68.01307]]], [[[14.89875, 68.24272], [14.87355, 68.22246], [14.84475, 68.22583], [14.81235, 68.23259], [14.79435, 68.2461], [14.81595, 68.26805], [14.88795, 68.30013], [14.93835, 68.30182], [14.95275, 68.27818], [14.89875, 68.24272]]], [[[16.40356, 68.43015], [16.41436, 68.41833], [16.39996, 68.41327], [16.23076, 68.40989], [16.18036, 68.39976], [16.14076, 68.38456], [16.12276, 68.37949], [16.11916, 68.38625], [16.09396, 68.39807], [16.11556, 68.40989], [16.17316, 68.42846], [16.15876, 68.42677], [16.14436, 68.42846], [16.11916, 68.43353], [16.13716, 68.46899], [16.16956, 68.49938], [16.19116, 68.51458], [16.21996, 68.52302], [16.34236, 68.53653], [16.36036, 68.53484], [16.38916, 68.52471], [16.40356, 68.52302], [16.41076, 68.51965], [16.41796, 68.5112], [16.41796, 68.49938], [16.42156, 68.49263], [16.43236, 68.48587], [16.45396, 68.47574], [16.46476, 68.46899], [16.44316, 68.46223], [16.39276, 68.45548], [16.37116, 68.44704], [16.38556, 68.44028], [16.40356, 68.43015]]], [[[14.71515, 68.57706], [14.78715, 68.57368], [14.86635, 68.56861], [14.93115, 68.56186], [14.99955, 68.55511], [14.99955, 68.53484], [14.99595, 68.53484], [14.99595, 68.53315], [14.99235, 68.53147], [14.99235, 68.52978], [14.98875, 68.52978], [14.98875, 68.52809], [14.98515, 68.52809], [14.98155, 68.52809], [14.98155, 68.5264], [14.97795, 68.5264], [14.97795, 68.52471], [14.97435, 68.52471], [14.97075, 68.52302], [14.96715, 68.52302], [14.96715, 68.52133], [14.96355, 68.52133], [14.96355, 68.51965], [14.95995, 68.51965], [14.95995, 68.51796], [14.95635, 68.51796], [14.95635, 68.51627], [14.95275, 68.51627], [14.95275, 68.51458], [14.94915, 68.51458], [14.94555, 68.51289], [14.94195, 68.5112], [14.93835, 68.50951], [14.93475, 68.50951], [14.93475, 68.50783], [14.93115, 68.50783], [14.93115, 68.50614], [14.89155, 68.49432], [14.76195, 68.49432], [14.71875, 68.49094], [14.70435, 68.51289], [14.65755, 68.52978], [14.62515, 68.54329], [14.60355, 68.55848], [14.62155, 68.5703], [14.66835, 68.58719], [14.71515, 68.57706]]], [[[16.50077, 68.61252], [16.48996, 68.60576], [16.48636, 68.59394], [16.49356, 68.58212], [16.49716, 68.57875], [16.50077, 68.57537], [16.50437, 68.56861], [16.49716, 68.55342], [16.48276, 68.54835], [16.45756, 68.54835], [16.41796, 68.55679], [16.34596, 68.56017], [16.22356, 68.54666], [16.15516, 68.52471], [16.14076, 68.52302], [16.12996, 68.5264], [16.11916, 68.53484], [16.10476, 68.53822], [16.09396, 68.53315], [16.08316, 68.51627], [16.06876, 68.48925], [16.05436, 68.46561], [16.01116, 68.44704], [15.99676, 68.43015], [15.96796, 68.393], [15.93916, 68.37949], [15.90316, 68.36936], [15.87796, 68.36936], [15.87796, 68.38625], [15.87076, 68.39976], [15.87436, 68.41495], [15.88156, 68.42846], [15.88516, 68.44366], [15.88156, 68.45717], [15.87436, 68.4673], [15.87076, 68.47912], [15.87076, 68.49601], [15.85996, 68.48587], [15.85996, 68.47743], [15.86356, 68.4673], [15.86356, 68.45379], [15.85636, 68.44028], [15.84916, 68.43522], [15.82396, 68.4234], [15.81316, 68.42677], [15.79516, 68.43353], [15.78076, 68.43859], [15.77356, 68.43015], [15.78076, 68.41833], [15.80596, 68.40313], [15.81676, 68.393], [15.79156, 68.393], [15.78076, 68.40145], [15.77356, 68.41327], [15.76276, 68.4234], [15.74836, 68.42509], [15.74116, 68.41495], [15.73396, 68.40145], [15.71956, 68.393], [15.72316, 68.38794], [15.72316, 68.37612], [15.72676, 68.37274], [15.69076, 68.37274], [15.67276, 68.37105], [15.65836, 68.3643], [15.66916, 68.36092], [15.67996, 68.35923], [15.69436, 68.35754], [15.70516, 68.35923], [15.69076, 68.34234], [15.64036, 68.31702], [15.63676, 68.30351], [15.62596, 68.30013], [15.59716, 68.3052], [15.58276, 68.30351], [15.58996, 68.30857], [15.59716, 68.31026], [15.59716, 68.31702], [15.57556, 68.3187], [15.54316, 68.3339], [15.52876, 68.33728], [15.37755, 68.32715], [15.33795, 68.33221], [15.32355, 68.35079], [15.34155, 68.34741], [15.35955, 68.35416], [15.38835, 68.38287], [15.40635, 68.39131], [15.47115, 68.40651], [15.50716, 68.4234], [15.56836, 68.46223], [15.61156, 68.47574], [15.57916, 68.48756], [15.57556, 68.49263], [15.57196, 68.50276], [15.56476, 68.50951], [15.55396, 68.5112], [15.54316, 68.50951], [15.55396, 68.48756], [15.55396, 68.47574], [15.54316, 68.46561], [15.43875, 68.41833], [15.41355, 68.41327], [15.40635, 68.41495], [15.38475, 68.42002], [15.37755, 68.41664], [15.37035, 68.41327], [15.36315, 68.40651], [15.31635, 68.39469], [15.28035, 68.37274], [15.21195, 68.36598], [15.18675, 68.35079], [15.21555, 68.35248], [15.22635, 68.3491], [15.23355, 68.33728], [15.21555, 68.33559], [15.14355, 68.31364], [15.13275, 68.30857], [15.11475, 68.28662], [15.08595, 68.27142], [15.03915, 68.25623], [14.99955, 68.25285], [14.98515, 68.26974], [14.99235, 68.27142], [14.99955, 68.2748], [15.00315, 68.27818], [15.00675, 68.28324], [14.99595, 68.29844], [15.01035, 68.31364], [15.03555, 68.32715], [15.05715, 68.33221], [15.06795, 68.33897], [15.10395, 68.37781], [15.12195, 68.393], [15.19395, 68.43522], [15.22275, 68.44366], [15.25155, 68.45717], [15.26955, 68.46055], [15.35595, 68.46055], [15.33075, 68.46392], [15.25875, 68.4673], [15.24075, 68.47574], [15.24795, 68.48587], [15.28035, 68.48925], [15.33795, 68.48925], [15.28035, 68.49601], [15.27315, 68.49769], [15.27315, 68.50614], [15.27675, 68.51289], [15.27315, 68.51627], [15.17955, 68.52302], [15.19755, 68.54329], [15.21555, 68.55679], [15.23715, 68.56355], [15.26955, 68.56355], [15.31275, 68.55848], [15.32355, 68.56355], [15.30915, 68.57875], [15.39555, 68.5855], [15.40635, 68.58043], [15.43515, 68.56186], [15.45315, 68.55679], [15.43875, 68.57368], [15.39195, 68.60576], [15.40635, 68.60407], [15.43515, 68.59901], [15.45315, 68.59732], [15.44235, 68.60914], [15.43875, 68.61252], [15.43875, 68.61927], [15.55036, 68.62603], [15.55756, 68.62434], [15.56836, 68.61421], [15.57556, 68.61083], [15.58996, 68.60576], [15.60436, 68.60576], [15.61516, 68.60745], [15.62956, 68.61252], [15.61516, 68.61252], [15.60436, 68.61927], [15.59356, 68.62603], [15.58276, 68.63278], [15.56116, 68.63447], [15.51436, 68.63616], [15.49635, 68.64291], [15.47835, 68.65642], [15.45675, 68.66655], [15.44235, 68.68175], [15.43875, 68.70708], [15.44235, 68.72396], [15.44955, 68.72903], [15.56836, 68.72903], [15.58276, 68.73072], [15.59356, 68.73409], [15.60436, 68.73578], [15.61876, 68.73241], [15.64396, 68.72396], [15.66196, 68.7189], [15.68716, 68.71045], [15.67996, 68.71552], [15.67636, 68.7189], [15.66916, 68.73241], [15.66556, 68.73578], [15.64036, 68.74254], [15.49995, 68.74254], [15.47475, 68.7476], [15.46035, 68.75605], [15.45675, 68.76955], [15.46035, 68.79657], [15.45315, 68.81177], [15.46395, 68.81008], [15.48555, 68.80502], [15.49635, 68.80333], [15.50716, 68.8067], [15.51436, 68.81346], [15.52156, 68.82021], [15.52876, 68.82528], [15.55756, 68.82697], [15.61516, 68.81852], [15.63676, 68.82528], [15.61876, 68.83034], [15.58996, 68.83372], [15.56476, 68.83879], [15.55036, 68.8523], [15.55396, 68.87256], [15.57556, 68.88269], [15.62596, 68.88607], [15.61876, 68.89451], [15.61516, 68.90126], [15.60436, 68.90464], [15.59716, 68.90633], [15.60796, 68.91984], [15.62956, 68.94517], [15.64396, 68.9553], [15.67636, 68.96205], [15.77716, 68.9553], [15.85636, 68.9705], [15.88516, 68.96881], [15.90676, 68.95868], [15.90676, 68.95699], [15.91036, 68.95023], [15.90316, 68.93672], [15.89956, 68.91815], [15.90316, 68.90464], [15.91756, 68.8962], [15.92476, 68.88607], [15.91396, 68.86918], [15.87796, 68.81684], [15.87436, 68.81008], [15.87436, 68.79826], [15.87076, 68.78982], [15.86356, 68.78306], [15.84916, 68.77293], [15.84196, 68.76618], [15.82396, 68.75605], [15.76276, 68.73578], [15.80596, 68.73916], [15.85276, 68.7476], [15.89956, 68.7628], [15.93556, 68.78644], [15.95716, 68.79151], [15.97516, 68.78137], [15.98956, 68.7628], [15.98236, 68.74591], [15.97156, 68.73241], [15.95356, 68.70539], [15.94276, 68.69019], [15.93196, 68.68344], [15.92476, 68.68175], [15.91396, 68.68175], [15.90316, 68.67837], [15.89596, 68.67162], [15.87796, 68.65811], [15.87076, 68.65304], [15.84916, 68.64798], [15.79156, 68.64291], [15.77356, 68.63278], [15.76636, 68.61589], [15.76996, 68.60239], [15.77716, 68.59225], [15.78076, 68.57875], [15.77716, 68.56186], [15.76636, 68.55342], [15.75196, 68.54497], [15.74116, 68.52978], [15.78076, 68.5416], [15.80236, 68.55173], [15.81676, 68.56355], [15.82036, 68.58381], [15.81676, 68.59732], [15.81676, 68.61083], [15.83836, 68.62603], [15.85996, 68.63447], [15.93196, 68.65304], [15.97876, 68.67162], [16.00396, 68.67837], [16.02916, 68.67331], [16.04716, 68.64291], [16.06156, 68.63109], [16.08316, 68.63953], [16.09036, 68.65642], [16.07956, 68.67331], [16.05436, 68.69357], [16.05076, 68.69526], [16.03996, 68.7037], [16.03276, 68.71214], [16.04716, 68.71552], [16.06876, 68.73072], [16.07596, 68.73578], [16.10836, 68.74085], [16.21276, 68.73578], [16.20196, 68.76111], [16.18036, 68.77124], [16.12276, 68.78475], [16.10836, 68.79151], [16.09396, 68.80164], [16.09036, 68.81515], [16.09756, 68.83203], [16.10836, 68.83541], [16.19116, 68.85736], [16.20556, 68.85905], [16.22356, 68.85567], [16.25236, 68.84216], [16.26676, 68.83879], [16.28476, 68.84048], [16.29556, 68.84723], [16.29556, 68.85567], [16.26316, 68.86749], [16.24876, 68.88438], [16.24516, 68.89958], [16.25596, 68.90295], [16.31356, 68.87087], [16.38916, 68.85398], [16.42876, 68.8523], [16.43956, 68.84892], [16.43956, 68.84216], [16.43956, 68.82866], [16.45396, 68.81515], [16.52957, 68.82528], [16.55477, 68.82528], [16.54037, 68.81515], [16.50437, 68.80333], [16.49356, 68.78982], [16.51157, 68.79151], [16.52957, 68.78982], [16.54757, 68.78306], [16.55477, 68.76955], [16.52597, 68.76111], [16.52597, 68.75267], [16.53317, 68.74085], [16.52957, 68.72227], [16.57637, 68.70708], [16.56557, 68.69863], [16.53317, 68.68175], [16.56197, 68.67162], [16.55837, 68.65473], [16.54397, 68.63785], [16.52597, 68.62265], [16.51157, 68.61758], [16.50077, 68.61252]], [[15.68716, 68.71045], [15.71236, 68.70201], [15.68716, 68.71045], [15.68716, 68.71045]]], [[[16.83197, 68.7476], [16.83557, 68.75605], [16.83557, 68.76618], [16.84277, 68.77293], [16.87877, 68.78813], [16.91117, 68.79657], [16.97597, 68.84554], [17.00117, 68.85905], [17.01557, 68.86074], [17.02277, 68.84892], [17.02637, 68.84723], [17.05157, 68.81684], [17.07317, 68.81177], [17.13077, 68.78306], [17.14517, 68.76955], [17.10557, 68.75773], [16.84277, 68.72565], [16.81757, 68.73578], [16.82477, 68.73916], [16.83197, 68.7476]]], [[[14.46314, 68.72396], [14.54235, 68.73578], [14.54235, 68.74254], [14.51715, 68.74254], [14.43794, 68.75605], [14.45594, 68.77631], [14.48834, 68.79488], [14.52435, 68.8067], [14.54955, 68.80333], [14.55315, 68.79488], [14.55675, 68.77124], [14.56035, 68.75605], [14.57115, 68.74591], [14.58555, 68.73916], [14.60355, 68.73578], [14.62515, 68.73578], [14.61795, 68.74085], [14.60715, 68.74423], [14.59995, 68.7476], [14.58915, 68.74929], [14.59635, 68.76787], [14.60715, 68.778], [14.62515, 68.78475], [14.64315, 68.78982], [14.61795, 68.79826], [14.60715, 68.8067], [14.61435, 68.8219], [14.62875, 68.83034], [14.65035, 68.83372], [14.66835, 68.83034], [14.68635, 68.82528], [14.67915, 68.81684], [14.69355, 68.81177], [14.67915, 68.76787], [14.68635, 68.75773], [14.71875, 68.7628], [14.80155, 68.78982], [14.84475, 68.79657], [14.88435, 68.78982], [14.87355, 68.77969], [14.87355, 68.76955], [14.88075, 68.75942], [14.89515, 68.75605], [14.90595, 68.75942], [14.92755, 68.77969], [14.94555, 68.78475], [14.94195, 68.7932], [14.94195, 68.80164], [14.94555, 68.81008], [14.95275, 68.81684], [14.90595, 68.84554], [14.94195, 68.85905], [14.95275, 68.8658], [14.97435, 68.84723], [14.99235, 68.84216], [14.99235, 68.83372], [14.99235, 68.82528], [14.99235, 68.81684], [14.99955, 68.79995], [15.00675, 68.7932], [15.01755, 68.79995], [15.02475, 68.80839], [15.02835, 68.81515], [15.02835, 68.82021], [15.02115, 68.82528], [15.04995, 68.8523], [15.08595, 68.84554], [15.12195, 68.82528], [15.15795, 68.81684], [15.14715, 68.84216], [15.12195, 68.85567], [15.09315, 68.8658], [15.06795, 68.87931], [15.07515, 68.89958], [15.06435, 68.91308], [15.02835, 68.93504], [15.02115, 68.94517], [15.01035, 68.96374], [15.00675, 68.98063], [15.08595, 69.01102], [15.10395, 69.0144], [15.12555, 69.01609], [15.13635, 69.01271], [15.15435, 69.00258], [15.16875, 68.98907], [15.17235, 68.97387], [15.15075, 68.96205], [15.19395, 68.94348], [15.20835, 68.9401], [15.19755, 68.93504], [15.19395, 68.93504], [15.19395, 68.92659], [15.20475, 68.92828], [15.21915, 68.9249], [15.24075, 68.91308], [15.20835, 68.90295], [15.19395, 68.8962], [15.18675, 68.88607], [15.21555, 68.881], [15.27315, 68.91984], [15.29475, 68.90633], [15.28035, 68.8658], [15.27315, 68.85398], [15.24075, 68.82528], [15.30195, 68.84216], [15.31995, 68.85567], [15.32715, 68.85905], [15.33435, 68.85905], [15.33795, 68.85567], [15.34155, 68.84892], [15.34875, 68.84723], [15.38475, 68.8523], [15.37035, 68.83541], [15.36315, 68.81684], [15.35235, 68.80333], [15.33075, 68.79657], [15.29835, 68.80333], [15.28395, 68.80333], [15.27315, 68.79657], [15.27675, 68.79151], [15.30195, 68.77631], [15.28395, 68.76618], [15.27315, 68.7628], [15.31275, 68.75267], [15.35955, 68.74591], [15.39555, 68.73072], [15.39915, 68.69357], [15.37395, 68.66993], [15.33795, 68.65304], [15.06435, 68.57875], [14.87355, 68.58381], [14.84115, 68.59225], [14.84835, 68.59394], [14.85915, 68.60239], [14.86275, 68.60576], [14.80875, 68.61421], [14.80515, 68.61589], [14.80875, 68.61927], [14.81595, 68.63785], [14.83395, 68.6446], [14.87715, 68.64629], [14.94915, 68.66486], [14.97435, 68.66655], [15.03555, 68.66655], [15.04275, 68.66993], [15.04995, 68.67499], [15.05715, 68.68175], [15.06075, 68.68681], [15.08955, 68.69526], [15.13995, 68.69526], [15.16515, 68.70201], [15.15435, 68.71383], [15.14715, 68.72565], [15.14355, 68.73916], [15.15075, 68.75605], [15.02475, 68.77124], [14.99235, 68.7628], [15.01395, 68.7628], [15.06795, 68.74929], [15.04995, 68.72903], [15.02115, 68.71214], [14.98515, 68.70201], [14.95995, 68.70708], [14.96355, 68.71552], [14.96355, 68.7189], [14.95995, 68.72227], [14.95995, 68.72903], [14.94555, 68.71383], [14.92395, 68.69526], [14.90235, 68.68175], [14.88075, 68.68344], [14.86275, 68.69019], [14.82675, 68.67331], [14.80875, 68.68175], [14.81955, 68.69357], [14.82315, 68.70708], [14.81595, 68.71552], [14.80515, 68.71214], [14.79795, 68.70032], [14.78355, 68.68344], [14.77635, 68.67331], [14.75115, 68.66824], [14.72235, 68.67331], [14.69715, 68.68681], [14.67915, 68.70708], [14.67555, 68.68681], [14.66115, 68.67331], [14.63235, 68.65304], [14.62515, 68.6446], [14.62155, 68.6294], [14.61795, 68.62603], [14.55675, 68.62771], [14.54595, 68.62265], [14.52075, 68.60914], [14.49194, 68.60745], [14.43434, 68.61252], [14.41634, 68.61927], [14.41274, 68.63616], [14.41994, 68.65473], [14.43074, 68.66655], [14.41994, 68.67331], [14.41274, 68.66824], [14.40914, 68.66149], [14.39834, 68.6598], [14.38754, 68.66317], [14.38034, 68.66993], [14.36954, 68.68681], [14.38034, 68.69695], [14.39474, 68.70201], [14.42354, 68.70201], [14.42714, 68.71383], [14.46314, 68.72396]]], [[[17.29997, 68.80333], [17.26397, 68.7932], [17.22437, 68.7932], [17.19197, 68.80333], [17.17757, 68.81515], [17.17397, 68.84723], [17.15957, 68.8658], [17.10917, 68.88607], [17.08757, 68.89789], [17.08397, 68.91308], [17.10557, 68.9249], [17.13077, 68.91477], [17.17397, 68.88607], [17.19557, 68.87256], [17.22437, 68.86074], [17.25677, 68.85567], [17.28197, 68.85905], [17.26397, 68.86918], [17.22077, 68.88269], [17.20637, 68.89282], [17.20637, 68.91308], [17.22437, 68.92153], [17.31797, 68.91815], [17.36477, 68.90971], [17.40437, 68.89282], [17.44037, 68.8658], [17.35037, 68.83541], [17.29997, 68.80333]]], [[[14.85555, 68.90633], [14.85555, 68.91308], [14.85195, 68.91815], [14.85555, 68.92322], [14.87355, 68.92997], [14.89875, 68.93166], [14.95995, 68.92659], [14.98155, 68.91815], [14.99595, 68.90126], [14.98875, 68.88438], [14.95995, 68.87594], [14.90235, 68.87256], [14.89155, 68.87256], [14.85915, 68.88269], [14.84475, 68.88607], [14.84115, 68.89113], [14.85555, 68.90633]]], [[[16.43596, 68.89113], [16.39636, 68.90126], [16.34236, 68.93335], [16.28476, 68.95192], [16.26316, 68.96881], [16.30636, 68.99582], [16.36036, 68.99076], [16.41436, 68.97218], [16.46836, 68.96205], [16.51877, 68.96205], [16.56557, 68.96881], [16.58357, 68.96205], [16.59797, 68.94686], [16.60157, 68.93166], [16.58357, 68.92153], [16.58717, 68.89789], [16.56557, 68.88776], [16.47556, 68.88607], [16.43596, 68.89113]]], [[[17.54478, 69.05999], [17.53758, 69.05492], [17.52318, 69.04817], [17.50158, 69.03973], [17.47997, 69.03466], [17.45837, 69.02791], [17.44397, 69.01609], [17.41877, 68.99582], [17.40077, 68.98907], [17.37557, 68.98907], [17.35037, 68.99582], [17.34317, 69.00258], [17.35037, 69.00933], [17.35037, 69.01609], [17.35037, 69.02453], [17.35397, 69.03466], [17.36477, 69.04648], [17.38637, 69.06337], [17.41877, 69.07856], [17.45117, 69.08532], [17.54838, 69.09207], [17.55918, 69.09207], [17.57358, 69.09038], [17.56638, 69.08532], [17.55198, 69.08194], [17.54478, 69.07519], [17.54838, 69.06674], [17.54478, 69.05999]]], [[[15.42435, 68.96205], [15.43155, 68.97725], [15.45315, 69.00089], [15.46035, 69.01271], [15.51796, 69.05324], [15.54316, 69.08025], [15.56836, 69.10558], [15.61156, 69.12584], [15.65836, 69.13766], [15.75916, 69.1478], [15.79156, 69.1613], [15.84196, 69.22041], [15.87076, 69.22885], [15.86716, 69.23391], [15.86716, 69.24573], [15.86356, 69.24911], [15.88156, 69.25418], [15.91756, 69.25924], [15.93196, 69.26262], [15.97516, 69.28795], [16.10116, 69.31497], [16.12996, 69.31159], [16.15156, 69.29133], [16.14796, 69.26937], [16.12996, 69.24911], [16.11556, 69.23223], [16.09756, 69.21027], [16.09036, 69.17144], [16.07596, 69.15455], [16.06156, 69.14442], [16.01476, 69.1326], [15.97156, 69.10896], [15.95716, 69.10558], [15.94636, 69.1022], [15.93556, 69.09376], [15.91396, 69.07519], [15.91036, 69.0735], [15.89236, 69.06674], [15.87796, 69.06168], [15.87436, 69.05661], [15.87436, 69.04986], [15.87076, 69.04479], [15.85636, 69.03466], [15.84916, 69.0296], [15.81676, 69.02284], [15.75916, 69.00596], [15.63316, 68.98738], [15.59716, 68.99582], [15.56836, 69.01271], [15.55036, 69.01609], [15.52876, 69.00933], [15.54676, 69.00089], [15.56116, 68.99076], [15.56836, 68.97725], [15.56836, 68.96205], [15.56476, 68.95192], [15.52876, 68.91308], [15.49995, 68.8962], [15.46395, 68.88269], [15.43155, 68.88438], [15.41715, 68.91308], [15.42795, 68.9249], [15.42795, 68.93504], [15.42795, 68.94686], [15.42435, 68.96205]]], [[[18.07038, 69.34874], [18.01638, 69.35211], [17.95518, 69.34198], [17.92278, 69.33185], [17.90478, 69.31834], [17.91918, 69.31159], [17.92278, 69.30483], [17.92278, 69.2947], [17.92638, 69.28288], [17.93718, 69.27782], [17.95878, 69.26769], [17.96598, 69.26262], [17.95158, 69.2508], [17.92638, 69.24742], [17.87958, 69.24911], [17.87958, 69.24236], [17.91198, 69.23391], [17.93358, 69.22716], [17.94078, 69.21872], [17.94798, 69.20521], [17.96958, 69.20183], [17.99118, 69.20352], [18.00918, 69.20183], [17.98758, 69.18663], [17.95878, 69.17988], [17.82198, 69.16975], [17.70678, 69.17312], [17.60958, 69.15455], [17.51958, 69.15793], [17.48717, 69.15455], [17.49437, 69.16806], [17.50518, 69.17988], [17.53038, 69.20183], [17.49797, 69.20352], [17.47277, 69.20014], [17.44757, 69.19339], [17.41877, 69.17988], [17.37917, 69.15455], [17.23517, 69.10558], [17.18837, 69.08363], [17.15957, 69.04986], [17.17397, 69.04479], [17.19917, 69.04817], [17.21357, 69.04479], [17.18477, 69.02453], [17.13077, 69.01102], [17.07317, 69.00764], [17.04077, 69.01609], [17.04437, 69.03128], [17.05877, 69.03973], [17.08037, 69.0431], [17.09837, 69.04479], [17.08757, 69.04817], [17.08397, 69.04986], [17.09117, 69.06168], [17.10557, 69.06674], [17.12357, 69.06843], [17.13797, 69.07181], [17.10917, 69.08532], [16.82477, 69.05492], [16.81037, 69.06506], [16.77797, 69.07012], [16.77437, 69.0887], [16.78517, 69.10896], [16.81757, 69.11909], [16.87157, 69.10389], [16.89677, 69.10389], [16.89317, 69.12584], [16.98677, 69.13935], [17.03357, 69.1326], [17.05517, 69.1326], [17.06957, 69.1478], [17.06597, 69.14948], [17.06237, 69.15286], [17.05877, 69.15624], [17.05517, 69.15962], [17.14517, 69.18326], [17.17397, 69.20183], [17.08397, 69.18157], [17.04797, 69.17988], [16.97597, 69.19508], [16.90037, 69.19508], [16.90037, 69.20183], [16.90757, 69.20352], [16.91117, 69.20521], [16.91477, 69.21027], [16.91837, 69.21534], [16.90037, 69.22041], [16.88957, 69.22209], [16.87877, 69.22209], [16.94357, 69.23729], [17.08757, 69.22885], [17.14517, 69.25587], [17.12357, 69.2508], [17.11637, 69.24911], [17.10917, 69.25249], [17.10557, 69.25587], [17.10917, 69.26093], [17.10917, 69.26262], [17.10917, 69.26769], [17.09837, 69.28119], [17.08757, 69.28964], [17.08397, 69.27951], [17.06957, 69.26769], [17.04077, 69.26769], [16.97957, 69.27613], [16.97957, 69.28288], [16.99037, 69.28457], [16.99757, 69.28795], [17.00837, 69.29808], [16.92557, 69.29301], [16.90757, 69.29808], [16.89677, 69.31159], [16.91477, 69.31834], [17.13077, 69.31159], [17.12357, 69.31328], [17.10557, 69.3251], [17.11637, 69.33185], [17.07677, 69.33016], [17.05877, 69.33354], [17.04077, 69.34536], [17.05877, 69.35043], [17.07677, 69.35211], [17.10917, 69.35211], [17.08397, 69.36225], [17.05517, 69.36393], [16.97237, 69.35718], [16.87877, 69.35887], [16.87877, 69.36562], [16.89317, 69.36562], [16.90757, 69.369], [16.93277, 69.37913], [16.92917, 69.3842], [16.92557, 69.39433], [16.93997, 69.39771], [16.95077, 69.39771], [16.97957, 69.39264], [16.99037, 69.38757], [16.99757, 69.38589], [17.00477, 69.38757], [17.01557, 69.39771], [17.02277, 69.40108], [17.04077, 69.39771], [17.06237, 69.38926], [17.07677, 69.38589], [17.09477, 69.38757], [17.12357, 69.39771], [17.14157, 69.40108], [17.27477, 69.39433], [17.36837, 69.36731], [17.40077, 69.36562], [17.38997, 69.38082], [17.37197, 69.38757], [17.33237, 69.39433], [17.29637, 69.41121], [17.28197, 69.41459], [17.44757, 69.41459], [17.49437, 69.4281], [17.32517, 69.43992], [17.24237, 69.45512], [17.18477, 69.5024], [17.22437, 69.50071], [17.24597, 69.49564], [17.26397, 69.47876], [17.28197, 69.47031], [17.30357, 69.46356], [17.31797, 69.46187], [17.30717, 69.47707], [17.30357, 69.48213], [17.37197, 69.47707], [17.39357, 69.48213], [17.36837, 69.49058], [17.32517, 69.51759], [17.30357, 69.52266], [17.31797, 69.53448], [17.34317, 69.53786], [17.37197, 69.53448], [17.40437, 69.52266], [17.42237, 69.51928], [17.45117, 69.51759], [17.46197, 69.51422], [17.47637, 69.49902], [17.48717, 69.49564], [17.51238, 69.49395], [17.53038, 69.49058], [17.58438, 69.46863], [17.60238, 69.46356], [17.64558, 69.46187], [17.64558, 69.46863], [17.61678, 69.47538], [17.60238, 69.48213], [17.59158, 69.48889], [17.58438, 69.49733], [17.56998, 69.51928], [17.56638, 69.52266], [17.49437, 69.54123], [17.47637, 69.55305], [17.46917, 69.55981], [17.46197, 69.57163], [17.46917, 69.58007], [17.47277, 69.58683], [17.47277, 69.59358], [17.46917, 69.60033], [17.51598, 69.59696], [17.55558, 69.57501], [17.61678, 69.51759], [17.63118, 69.51253], [17.65638, 69.50915], [17.68158, 69.50915], [17.69238, 69.52097], [17.68878, 69.52941], [17.67078, 69.53279], [17.66718, 69.54123], [17.66358, 69.55137], [17.65998, 69.56994], [17.65998, 69.57838], [17.65638, 69.58514], [17.65278, 69.5902], [17.65278, 69.59358], [17.65998, 69.60033], [17.67438, 69.60371], [17.68878, 69.60033], [17.69958, 69.59189], [17.70678, 69.58514], [17.73558, 69.55137], [17.75358, 69.54123], [17.77158, 69.54799], [17.80038, 69.57501], [17.81838, 69.58683], [17.83638, 69.59189], [17.85798, 69.58683], [17.87238, 69.57332], [17.89398, 69.53617], [17.88318, 69.52773], [17.86158, 69.51591], [17.85078, 69.50915], [17.84358, 69.5024], [17.84358, 69.49733], [17.83998, 69.49227], [17.83638, 69.48213], [17.82558, 69.46525], [17.82198, 69.45681], [17.82918, 69.44836], [17.84358, 69.44499], [17.85798, 69.45174], [17.87598, 69.472], [17.88318, 69.48889], [17.89038, 69.49902], [17.91918, 69.50577], [17.93358, 69.51928], [17.94438, 69.52266], [17.97318, 69.51928], [18.04878, 69.49564], [18.03798, 69.48551], [18.01998, 69.48045], [17.98398, 69.48213], [17.99478, 69.46356], [17.98398, 69.45005], [17.94078, 69.4281], [17.98398, 69.4129], [18.00198, 69.40953], [18.01638, 69.42135], [18.00918, 69.43317], [18.02358, 69.44161], [18.04878, 69.4433], [18.07038, 69.43823], [18.07758, 69.42472], [18.08118, 69.38757], [18.08838, 69.37913], [18.09918, 69.37575], [18.09918, 69.36731], [18.09198, 69.35887], [18.08478, 69.35211], [18.07038, 69.34874]]], [[[18.87679, 69.69152], [18.83719, 69.68983], [18.80479, 69.68139], [18.79399, 69.67632], [18.78319, 69.66619], [18.77239, 69.65437], [18.76879, 69.64593], [18.77599, 69.6358], [18.79399, 69.63242], [18.81199, 69.62904], [18.82639, 69.62229], [18.83719, 69.60371], [18.82279, 69.5902], [18.76879, 69.57163], [18.73279, 69.56487], [18.62479, 69.57838], [18.61399, 69.57501], [18.57799, 69.5615], [18.55999, 69.55812], [18.48438, 69.55812], [18.26118, 69.5311], [18.19278, 69.5311], [18.16758, 69.54123], [18.12798, 69.56487], [18.10638, 69.57163], [18.04878, 69.57163], [18.01998, 69.57669], [17.99478, 69.59189], [18.00558, 69.60033], [18.02718, 69.61384], [18.03798, 69.61891], [18.03438, 69.62398], [18.03078, 69.63242], [18.04158, 69.63242], [18.04878, 69.63073], [18.07038, 69.62398], [18.08118, 69.62229], [18.09198, 69.62566], [18.11358, 69.63242], [18.13518, 69.63748], [18.23598, 69.62904], [18.26118, 69.62229], [18.26838, 69.61722], [18.28278, 69.6054], [18.27918, 69.6054], [18.27558, 69.60033], [18.27918, 69.59527], [18.28998, 69.59189], [18.29718, 69.59527], [18.31518, 69.60878], [18.32598, 69.61216], [18.32238, 69.61891], [18.34398, 69.61891], [18.35478, 69.62229], [18.36558, 69.62904], [18.39078, 69.63411], [18.40158, 69.64086], [18.32598, 69.63242], [18.30438, 69.63411], [18.28998, 69.63917], [18.18558, 69.7084], [18.21438, 69.71347], [18.31518, 69.7084], [18.31158, 69.7084], [18.35478, 69.70503], [18.47718, 69.7084], [18.61039, 69.69321], [18.63199, 69.70165], [18.59239, 69.71009], [18.39078, 69.72022], [18.35118, 69.73036], [18.34398, 69.75062], [18.32598, 69.76582], [18.33318, 69.78101], [18.35838, 69.79283], [18.38358, 69.7979], [18.39438, 69.79621], [18.40158, 69.79114], [18.41958, 69.78101], [18.43758, 69.77595], [18.46638, 69.77932], [18.48078, 69.77764], [18.48438, 69.76919], [18.48078, 69.75906], [18.48438, 69.75062], [18.50239, 69.75062], [18.51319, 69.754], [18.52039, 69.76244], [18.53479, 69.78101], [18.55639, 69.79621], [18.58519, 69.80296], [18.65359, 69.80465], [18.64279, 69.75568], [18.66439, 69.71347], [18.70759, 69.68645], [18.76159, 69.68814], [18.74359, 69.6949], [18.73639, 69.70672], [18.73999, 69.72022], [18.75799, 69.75231], [18.79039, 69.78439], [18.77599, 69.79621], [18.68959, 69.83505], [18.67519, 69.84687], [18.66799, 69.86038], [18.67879, 69.8857], [18.71839, 69.88233], [18.76519, 69.87051], [18.79759, 69.87388], [18.78319, 69.87895], [18.80119, 69.88739], [18.82279, 69.8857], [18.84079, 69.87726], [18.85879, 69.86544], [18.84799, 69.86206], [18.84439, 69.857], [18.83719, 69.84518], [18.85879, 69.84518], [18.89839, 69.84856], [18.98479, 69.83336], [18.99919, 69.82829], [19.02079, 69.81478], [19.04599, 69.80296], [19.06039, 69.78777], [19.05679, 69.76413], [19.03519, 69.74386], [18.97039, 69.73373], [18.91279, 69.69827], [18.87679, 69.69152]]], [[[19.48519, 69.83842], [19.43479, 69.84011], [19.44199, 69.85869], [19.5104, 69.89415], [19.532, 69.91948], [19.5464, 69.92623], [19.5968, 69.93467], [19.694, 69.96338], [19.7264, 69.97858], [19.748, 69.99546], [19.7732, 70.00559], [19.802, 70.0039], [19.8128, 70.00222], [19.8344, 69.99546], [19.856, 69.97351], [19.8344, 69.94987], [19.7912, 69.92454], [19.7588, 69.89246], [19.7192, 69.86544], [19.676, 69.85531], [19.48519, 69.83842]]], [[[19.532, 69.94649], [19.5248, 69.93467], [19.5212, 69.9313], [19.5176, 69.91948], [19.5176, 69.91441], [19.5104, 69.90766], [19.49239, 69.90259], [19.48519, 69.89752], [19.47439, 69.88739], [19.43479, 69.86882], [19.42399, 69.86206], [19.41679, 69.85362], [19.41319, 69.84518], [19.40599, 69.83842], [19.37359, 69.82323], [19.33399, 69.8131], [19.12159, 69.78777], [19.08919, 69.80128], [19.05679, 69.83167], [19.04239, 69.83842], [18.84439, 69.90259], [18.76519, 69.91441], [18.73279, 69.9313], [18.72919, 69.94818], [18.76879, 69.95494], [18.86599, 69.94143], [18.88399, 69.9448], [18.91279, 69.96169], [18.93439, 69.97013], [18.87679, 69.97351], [18.84439, 69.98195], [18.82999, 69.99884], [18.84439, 70.01572], [18.87679, 70.02417], [18.93439, 70.03092], [18.98479, 70.02417], [18.99919, 70.02586], [19.01719, 70.0343], [19.03159, 70.03768], [19.04239, 70.0343], [19.04959, 70.02755], [19.05319, 70.02079], [19.05679, 70.01741], [19.07479, 70.01572], [19.11799, 70.03092], [19.10359, 70.04105], [19.08199, 70.05119], [19.06759, 70.06132], [19.06399, 70.0782], [19.08559, 70.07145], [19.10359, 70.06976], [19.11799, 70.07314], [19.20799, 70.09847], [19.22599, 70.0934], [19.22599, 70.08496], [19.22239, 70.07314], [19.23319, 70.06469], [19.25479, 70.06807], [19.27639, 70.0782], [19.29799, 70.08665], [19.32319, 70.0782], [19.30879, 70.06638], [19.29439, 70.04781], [19.29079, 70.03092], [19.34119, 70.01741], [19.39159, 69.99208], [19.42039, 69.98871], [19.42039, 70.01404], [19.43839, 70.03261], [19.46719, 70.04612], [19.5356, 70.05794], [19.5572, 70.05625], [19.5752, 70.04781], [19.5824, 70.0343], [19.5788, 70.02417], [19.5716, 70.01404], [19.5716, 70.0039], [19.5824, 69.99377], [19.5932, 69.99715], [19.6076, 70.00897], [19.6184, 70.01741], [19.6364, 70.02079], [19.6544, 70.02079], [19.6688, 70.01741], [19.6832, 70.00728], [19.6832, 69.98533], [19.6472, 69.97013], [19.5392, 69.95156], [19.532, 69.94649]]], [[[19.8992, 70.01741], [19.9208, 70.02417], [19.9496, 70.02755], [19.9748, 70.02417], [19.9964, 70.01741], [19.9496, 70.00897], [19.9172, 70.01066], [19.91, 70.01404], [19.8992, 70.01741]]], [[[18.70399, 70.10184], [18.70399, 70.11197], [18.72199, 70.11535], [18.75439, 70.11197], [18.77959, 70.10184], [18.79399, 70.08496], [18.79759, 70.06638], [18.80479, 70.05963], [18.81919, 70.06469], [18.82999, 70.07314], [18.89119, 70.10691], [18.90919, 70.10522], [18.91999, 70.09678], [18.97039, 70.08496], [18.97399, 70.07314], [18.95959, 70.06469], [18.93799, 70.05287], [18.90919, 70.04612], [18.83719, 70.03768], [18.76519, 70.0191], [18.72919, 70.00053], [18.71839, 69.9904], [18.71479, 69.98871], [18.70759, 69.98702], [18.70039, 69.98533], [18.68959, 69.98871], [18.67159, 69.99884], [18.67159, 70.01235], [18.68599, 70.02248], [18.68959, 70.02586], [18.66799, 70.02755], [18.66079, 70.0343], [18.65719, 70.04781], [18.67519, 70.06469], [18.70039, 70.07651], [18.71119, 70.08327], [18.70759, 70.08665], [18.71119, 70.09509], [18.70399, 70.10184]]], [[[19.40959, 70.16263], [19.44559, 70.15588], [19.5536, 70.12042], [19.5716, 70.11197], [19.568, 70.10184], [19.55, 70.09509], [19.5392, 70.0934], [19.48879, 70.0934], [19.41679, 70.10353], [19.35919, 70.11366], [19.34479, 70.11873], [19.33399, 70.12717], [19.34119, 70.14068], [19.36639, 70.15419], [19.40959, 70.16263]]], [[[20.68761, 70.07145], [20.67681, 70.06807], [20.65881, 70.05456], [20.64801, 70.05119], [20.63721, 70.0495], [20.61561, 70.04443], [20.60121, 70.04443], [20.58681, 70.04612], [20.59041, 70.05119], [20.59401, 70.05794], [20.59761, 70.06469], [20.60121, 70.08665], [20.60121, 70.09678], [20.59401, 70.10522], [20.57601, 70.11029], [20.56521, 70.10522], [20.55801, 70.0934], [20.56521, 70.0782], [20.51841, 70.0782], [20.52201, 70.06301], [20.50761, 70.05794], [20.468, 70.06469], [20.45, 70.06469], [20.432, 70.06807], [20.414, 70.07483], [20.3996, 70.08496], [20.3924, 70.09678], [20.3888, 70.10353], [20.3924, 70.11029], [20.3924, 70.12379], [20.3996, 70.15081], [20.414, 70.17107], [20.4392, 70.18627], [20.4608, 70.19471], [20.52561, 70.20316], [20.54361, 70.20822], [20.54361, 70.2116], [20.54721, 70.21835], [20.54721, 70.22511], [20.55081, 70.23017], [20.56161, 70.23355], [20.58681, 70.23693], [20.73441, 70.23693], [20.77761, 70.23017], [20.81001, 70.22004], [20.82441, 70.20991], [20.82441, 70.19471], [20.81001, 70.17107], [20.78841, 70.1525], [20.78121, 70.14237], [20.77401, 70.12379], [20.77401, 70.12042], [20.77041, 70.11535], [20.77401, 70.11029], [20.78841, 70.0934], [20.79201, 70.09171], [20.79561, 70.07651], [20.79561, 70.06807], [20.78841, 70.06301], [20.77041, 70.05794], [20.74881, 70.05625], [20.72361, 70.06132], [20.70561, 70.06807], [20.68761, 70.07145]]], [[[20.018, 70.06976], [19.9784, 70.05963], [19.82, 70.05963], [19.7768, 70.06807], [19.748, 70.08496], [19.748, 70.0934], [19.748, 70.12379], [19.748, 70.13561], [19.7408, 70.14068], [19.7336, 70.14406], [19.7264, 70.15081], [19.7012, 70.18121], [19.6904, 70.18796], [19.6724, 70.19809], [19.6652, 70.20485], [19.6328, 70.22004], [19.5608, 70.23186], [19.5356, 70.25044], [19.55, 70.25719], [19.5644, 70.2555], [19.5932, 70.25044], [19.5932, 70.25719], [19.5896, 70.26901], [19.6148, 70.27914], [19.676, 70.29096], [19.6904, 70.2859], [19.694, 70.27408], [19.6976, 70.26057], [19.7012, 70.25044], [19.7156, 70.23862], [19.7336, 70.23017], [19.7516, 70.22342], [19.7696, 70.22173], [19.7912, 70.20991], [19.802, 70.18796], [19.8164, 70.16939], [19.8452, 70.17445], [19.8524, 70.18458], [19.8668, 70.20991], [19.874, 70.21667], [19.892, 70.21329], [19.9424, 70.19471], [19.9316, 70.17614], [19.9388, 70.16432], [19.9568, 70.15419], [19.982, 70.14743], [20.1116, 70.12042], [20.1548, 70.12042], [20.1548, 70.11366], [20.054, 70.10184], [20.0252, 70.09171], [20.036, 70.08327], [20.0324, 70.07483], [20.018, 70.06976]]], [[[19.22959, 70.14068], [19.22599, 70.13561], [19.17559, 70.11535], [19.13959, 70.11029], [19.10359, 70.11704], [19.03159, 70.14068], [19.00999, 70.14575], [18.99559, 70.1525], [19.00279, 70.15757], [19.04599, 70.16939], [19.06399, 70.17107], [19.07479, 70.16601], [19.08919, 70.15757], [19.09999, 70.15757], [19.09639, 70.18627], [19.11439, 70.19303], [19.13599, 70.1964], [19.13959, 70.20147], [19.11799, 70.20822], [19.11079, 70.21667], [19.11439, 70.22004], [19.11079, 70.22511], [19.09639, 70.23017], [19.08919, 70.23355], [19.09279, 70.23862], [19.10359, 70.24199], [19.13599, 70.24031], [19.14679, 70.23862], [19.15039, 70.23693], [19.15399, 70.23862], [19.15399, 70.24368], [19.16119, 70.24875], [19.16839, 70.2555], [19.17919, 70.2555], [19.18639, 70.25381], [19.18999, 70.25381], [19.19719, 70.25719], [19.20439, 70.25381], [19.21159, 70.25044], [19.22959, 70.23355], [19.22959, 70.22004], [19.22599, 70.2116], [19.24399, 70.20147], [19.24759, 70.19303], [19.25119, 70.18627], [19.25119, 70.17445], [19.22959, 70.15925], [19.22599, 70.15419], [19.22599, 70.14912], [19.22599, 70.14406], [19.22959, 70.14068]]], [[[29.8857, 69.78101], [29.8641, 69.79114], [29.8461, 69.79621], [29.8317, 69.79114], [29.8461, 69.77932], [29.8317, 69.76919], [29.7957, 69.75568], [29.7129, 69.76413], [29.7345, 69.78946], [29.8029, 69.82154], [29.8317, 69.83842], [29.8101, 69.86544], [29.8173, 69.89077], [29.8425, 69.90934], [29.8785, 69.91441], [29.9721, 69.90259], [29.9937, 69.89415], [29.9973, 69.88739], [29.9973, 69.87388], [30.0009, 69.86544], [30.0045, 69.86206], [30.0297, 69.85362], [30.0261, 69.84856], [30.0225, 69.83674], [30.0225, 69.83167], [30.0981, 69.83505], [30.1089, 69.82829], [30.0873, 69.81647], [30.0585, 69.80972], [29.9757, 69.79959], [29.9289, 69.7827], [29.9037, 69.77764], [29.8857, 69.78101]]], [[[20.55441, 69.80128], [20.53281, 69.8131], [20.52561, 69.82154], [20.52201, 69.84011], [20.52921, 69.85362], [20.54721, 69.87388], [20.55441, 69.88233], [20.55801, 69.89077], [20.56161, 69.89584], [20.57601, 69.9009], [20.59761, 69.90428], [20.71281, 69.90934], [20.72361, 69.90428], [20.72361, 69.89752], [20.71641, 69.89415], [20.71281, 69.89246], [20.70201, 69.88908], [20.69841, 69.88402], [20.69841, 69.87726], [20.70561, 69.86038], [20.72001, 69.83674], [20.70561, 69.81647], [20.66241, 69.80296], [20.60481, 69.79452], [20.55441, 69.80128]]], [[[21.69562, 69.92792], [21.68482, 69.92961], [21.67762, 69.93467], [21.67042, 69.93974], [21.66682, 69.94818], [21.68482, 69.95325], [21.70282, 69.95494], [21.72082, 69.95325], [21.73522, 69.94818], [21.72802, 69.93805], [21.72082, 69.93467], [21.70642, 69.9313], [21.69562, 69.92792]]], [[[20.77401, 69.97182], [20.76321, 69.98702], [20.75961, 69.99884], [20.78481, 70.02417], [20.80281, 70.03768], [20.82441, 70.04274], [20.86041, 70.04443], [20.88561, 70.03768], [20.93601, 70.00897], [20.95761, 70.0039], [21.09801, 70.01066], [20.97921, 69.98195], [20.97561, 69.96338], [20.93961, 69.94649], [20.89281, 69.93805], [20.84241, 69.93805], [20.80641, 69.94818], [20.77401, 69.97182]]], [[[21.04761, 70.03937], [21.01881, 70.02755], [20.95401, 70.02417], [20.96481, 70.0343], [20.99361, 70.05119], [21.01881, 70.06301], [21.04041, 70.06132], [21.04761, 70.03937]]], [[[20.85681, 70.14575], [20.91441, 70.1086], [20.91441, 70.09509], [20.89281, 70.07989], [20.86041, 70.06976], [20.82441, 70.07314], [20.80641, 70.07989], [20.79921, 70.0934], [20.79201, 70.11873], [20.80641, 70.14068], [20.83161, 70.15081], [20.85681, 70.14575]]], [[[22.73243, 70.25719], [22.44442, 70.29096], [22.37962, 70.32642], [22.37242, 70.33149], [22.37962, 70.34669], [22.39762, 70.35851], [22.42282, 70.36188], [22.44082, 70.35682], [22.45162, 70.345], [22.46962, 70.33655], [22.50563, 70.32473], [22.47682, 70.34837], [22.46962, 70.35344], [22.46962, 70.36864], [22.47322, 70.38046], [22.48402, 70.38383], [22.53083, 70.36357], [22.57403, 70.38215], [22.59923, 70.36695], [22.60643, 70.38046], [22.61723, 70.38721], [22.63163, 70.38552], [22.64243, 70.3737], [22.64963, 70.3737], [22.64963, 70.38552], [22.66043, 70.39565], [22.67483, 70.39903], [22.68923, 70.39397], [22.69283, 70.38552], [22.69283, 70.36357], [22.69643, 70.35344], [22.71443, 70.33655], [22.72883, 70.345], [22.73603, 70.36526], [22.72883, 70.38721], [22.75763, 70.39565], [22.77923, 70.38552], [22.79723, 70.36695], [22.80443, 70.34162], [22.82963, 70.33318], [22.95563, 70.32473], [22.94483, 70.32305], [22.93763, 70.31798], [22.93043, 70.31291], [22.92323, 70.30447], [22.94483, 70.29941], [22.96643, 70.29772], [22.98803, 70.29265], [23.00963, 70.28083], [23.02043, 70.26563], [23.01683, 70.25381], [23.00243, 70.24875], [22.73243, 70.25719]]], [[[21.70282, 70.26226], [21.68842, 70.2707], [21.67762, 70.28421], [21.67762, 70.30785], [21.68842, 70.33487], [21.68842, 70.35513], [21.68482, 70.36357], [21.68842, 70.36864], [21.69202, 70.37033], [21.69922, 70.37033], [21.70282, 70.37708], [21.70282, 70.38721], [21.71362, 70.3889], [21.72802, 70.38215], [21.73882, 70.37877], [21.79282, 70.35851], [21.80002, 70.34669], [21.79282, 70.32305], [21.76402, 70.28759], [21.74962, 70.27408], [21.73162, 70.26563], [21.71362, 70.26057], [21.70282, 70.26226]]], [[[23.59284, 70.41592], [23.40923, 70.35344], [23.31923, 70.34162], [23.29403, 70.33149], [23.31203, 70.33318], [23.34083, 70.33149], [23.36243, 70.32642], [23.38043, 70.31798], [23.21483, 70.28252], [23.15363, 70.27745], [23.10323, 70.28252], [23.08163, 70.30109], [23.08883, 70.32811], [23.11403, 70.35851], [23.12843, 70.37033], [23.13563, 70.38552], [23.13923, 70.40072], [23.13563, 70.41423], [23.07443, 70.36019], [23.03843, 70.34162], [23.00963, 70.35006], [22.99523, 70.35682], [22.98083, 70.35851], [22.96283, 70.35851], [22.94843, 70.35851], [22.93763, 70.36357], [22.87283, 70.40241], [22.85483, 70.40747], [22.88003, 70.41423], [22.94123, 70.40747], [22.96283, 70.42098], [22.91963, 70.43111], [22.90883, 70.43449], [22.89443, 70.44631], [22.89803, 70.45138], [22.92323, 70.45644], [22.93763, 70.46151], [22.94483, 70.4632], [22.95203, 70.4632], [22.95923, 70.46489], [22.96283, 70.46995], [22.96283, 70.47671], [22.97363, 70.47671], [22.99163, 70.47671], [22.99883, 70.47671], [23.00243, 70.48008], [23.01323, 70.49359], [23.01683, 70.49697], [23.12483, 70.52061], [23.14283, 70.51386], [23.15003, 70.49866], [23.17523, 70.50204], [23.20043, 70.51386], [23.22203, 70.51723], [23.22203, 70.52399], [23.20043, 70.52905], [23.18243, 70.53918], [23.17523, 70.54763], [23.19683, 70.551], [23.21483, 70.551], [23.24003, 70.54594], [23.26163, 70.53581], [23.27243, 70.52061], [23.26883, 70.50541], [23.26163, 70.4919], [23.26163, 70.48008], [23.27963, 70.47671], [23.29043, 70.48346], [23.31203, 70.51892], [23.32643, 70.53074], [23.30483, 70.53581], [23.29763, 70.54256], [23.30843, 70.551], [23.33363, 70.551], [23.35163, 70.54763], [23.38763, 70.53243], [23.40923, 70.53074], [23.39483, 70.54256], [23.38763, 70.54425], [23.41283, 70.56114], [23.50284, 70.54425], [23.53884, 70.54425], [23.51724, 70.55945], [23.48843, 70.57127], [23.43803, 70.58478], [23.44163, 70.58984], [23.45243, 70.60166], [23.45603, 70.60673], [23.39843, 70.61348], [23.39123, 70.61855], [23.46323, 70.6253], [23.48483, 70.6253], [23.50284, 70.61686], [23.51724, 70.6101], [23.55684, 70.61855], [23.57484, 70.61348], [23.56044, 70.60673], [23.56764, 70.59828], [23.60004, 70.57971], [23.59284, 70.5662], [23.58564, 70.55438], [23.58204, 70.54256], [23.58204, 70.53074], [23.59284, 70.51723], [23.61084, 70.51217], [23.63244, 70.51048], [23.65764, 70.50372], [23.65044, 70.50035], [23.63604, 70.4919], [23.62884, 70.49022], [23.63604, 70.48346], [23.65404, 70.47333], [23.66124, 70.46995], [23.63244, 70.43787], [23.59284, 70.41592]]], [[[28.12888, 70.46995], [28.11448, 70.4632], [28.11088, 70.46151], [28.11088, 70.46151], [28.12888, 70.46995]]], [[[23.80524, 70.51386], [23.75124, 70.52399], [23.73684, 70.5375], [23.70804, 70.55776], [23.69724, 70.57127], [23.69364, 70.57802], [23.69364, 70.58815], [23.69364, 70.5966], [23.68644, 70.59997], [23.64324, 70.59997], [23.66484, 70.61348], [23.67924, 70.6253], [23.67924, 70.63712], [23.65764, 70.64725], [23.67564, 70.65401], [23.68284, 70.65907], [23.69004, 70.66752], [23.64324, 70.6844], [23.63604, 70.69284], [23.63964, 70.70298], [23.65044, 70.70973], [23.67564, 70.72324], [23.69724, 70.7435], [23.70804, 70.74857], [23.81604, 70.75194], [23.84124, 70.7435], [23.83044, 70.73675], [23.82684, 70.72999], [23.83404, 70.72493], [23.84844, 70.72324], [23.84124, 70.71648], [23.83404, 70.71311], [23.83044, 70.71142], [23.81964, 70.70973], [23.83044, 70.70298], [23.84484, 70.70466], [23.85564, 70.70804], [23.86644, 70.70973], [23.96364, 70.70973], [23.97804, 70.70635], [24.03204, 70.68947], [24.04284, 70.68271], [24.05364, 70.67765], [24.06084, 70.6692], [24.06804, 70.66076], [24.06444, 70.64556], [24.08244, 70.63543], [24.12924, 70.62024], [24.10044, 70.58815], [24.01044, 70.56789], [23.92764, 70.52399], [23.86644, 70.51217], [23.80524, 70.51386]]], [[[22.28602, 70.54087], [22.26802, 70.52905], [22.24282, 70.49022], [22.22122, 70.48008], [22.18522, 70.47333], [22.15282, 70.47164], [22.14202, 70.48346], [22.15282, 70.50035], [22.16002, 70.51217], [22.18522, 70.53412], [22.20322, 70.54425], [22.24642, 70.55607], [22.26442, 70.57127], [22.25722, 70.57296], [22.23562, 70.57971], [22.31122, 70.60166], [22.33282, 70.61348], [22.09882, 70.60673], [22.09162, 70.60335], [22.07722, 70.59491], [22.07002, 70.59322], [22.04122, 70.59322], [22.01242, 70.59997], [22.02682, 70.61179], [22.05562, 70.6253], [22.07362, 70.63374], [22.00882, 70.63374], [21.97642, 70.63712], [21.95122, 70.64725], [21.98722, 70.66245], [22.04482, 70.65907], [22.19602, 70.63206], [22.22122, 70.63206], [22.24282, 70.6405], [22.25002, 70.64894], [22.25002, 70.65907], [22.24282, 70.6692], [22.22842, 70.67427], [22.26442, 70.67427], [22.32202, 70.66076], [22.41562, 70.62699], [22.41562, 70.63374], [22.40122, 70.64725], [22.38322, 70.67258], [22.37242, 70.69791], [22.38322, 70.70973], [22.40482, 70.70973], [22.41562, 70.70804], [22.42282, 70.70298], [22.43362, 70.69284], [22.44802, 70.68271], [22.46962, 70.67596], [22.49122, 70.67596], [22.51283, 70.68102], [22.49842, 70.68947], [22.49482, 70.6996], [22.50203, 70.70804], [22.51643, 70.7148], [22.54163, 70.71817], [22.56683, 70.71311], [22.65323, 70.68778], [22.65683, 70.68102], [22.64243, 70.67089], [22.60643, 70.66076], [22.59563, 70.65232], [22.60643, 70.6405], [22.63163, 70.63543], [22.65323, 70.64556], [22.67123, 70.65738], [22.68923, 70.66076], [22.70363, 70.65232], [22.70723, 70.63712], [22.70723, 70.62192], [22.71443, 70.6101], [22.72523, 70.60335], [22.73243, 70.61179], [22.73603, 70.6253], [22.73603, 70.63712], [22.74683, 70.64725], [22.77203, 70.65063], [22.82603, 70.64725], [22.80803, 70.66245], [22.78643, 70.67427], [22.79363, 70.69284], [22.77923, 70.70466], [22.75403, 70.71311], [22.72883, 70.72999], [22.72523, 70.73675], [22.72163, 70.7435], [22.72163, 70.74857], [22.75403, 70.75194], [22.80443, 70.76376], [22.79723, 70.75363], [22.79363, 70.75026], [22.81163, 70.7435], [22.85123, 70.74181], [22.86563, 70.72999], [22.85483, 70.72999], [22.85483, 70.72324], [22.87283, 70.72324], [22.90523, 70.7283], [22.92323, 70.72493], [22.93043, 70.71648], [22.92323, 70.70804], [22.89443, 70.69453], [22.91603, 70.6844], [22.94483, 70.67089], [22.97003, 70.66076], [22.99163, 70.66752], [22.97723, 70.68102], [22.99883, 70.68778], [23.02043, 70.69284], [23.03123, 70.70129], [23.02403, 70.72324], [23.04923, 70.72324], [23.09603, 70.70973], [23.12123, 70.70973], [23.11043, 70.7148], [23.09963, 70.72324], [23.09243, 70.73168], [23.09963, 70.73675], [23.16443, 70.72999], [23.18243, 70.73675], [23.17163, 70.74012], [23.16443, 70.7435], [23.14643, 70.7435], [23.13563, 70.74519], [23.13203, 70.75026], [23.13203, 70.75532], [23.12843, 70.75701], [23.07083, 70.76714], [23.05283, 70.7739], [23.03123, 70.79078], [23.04923, 70.79754], [23.09963, 70.79922], [23.09243, 70.79922], [23.08163, 70.8026], [23.07443, 70.80598], [23.06723, 70.81273], [23.09243, 70.81442], [23.13923, 70.79585], [23.16083, 70.79078], [23.18243, 70.79416], [23.18603, 70.8026], [23.17883, 70.81104], [23.16083, 70.8178], [23.16083, 70.82624], [23.18963, 70.81611], [23.24363, 70.7874], [23.27243, 70.77727], [23.28683, 70.77558], [23.33003, 70.77896], [23.34083, 70.78403], [23.34083, 70.79922], [23.31923, 70.8178], [23.32283, 70.82962], [23.32283, 70.83806], [23.31563, 70.84988], [23.31203, 70.8617], [23.32643, 70.86677], [23.34083, 70.86677], [23.35883, 70.86339], [23.37323, 70.85833], [23.38403, 70.84988], [23.39483, 70.84313], [23.43443, 70.82962], [23.44163, 70.82962], [23.44523, 70.81273], [23.45603, 70.80429], [23.46683, 70.80091], [23.48483, 70.79922], [23.45963, 70.79078], [23.41283, 70.79247], [23.38763, 70.78403], [23.40203, 70.77727], [23.42003, 70.7739], [23.45603, 70.77052], [23.44523, 70.76714], [23.42363, 70.76714], [23.41643, 70.76376], [23.40923, 70.7587], [23.40563, 70.74688], [23.40203, 70.7435], [23.38403, 70.7435], [23.34803, 70.75363], [23.33363, 70.75026], [23.32643, 70.74181], [23.32283, 70.71986], [23.31923, 70.70973], [23.31563, 70.70804], [23.30843, 70.70973], [23.29763, 70.70973], [23.28323, 70.70129], [23.25083, 70.69453], [23.26523, 70.6844], [23.27243, 70.68102], [23.18243, 70.68947], [23.16803, 70.69453], [23.15723, 70.69453], [23.15363, 70.67765], [23.14643, 70.67258], [23.14283, 70.6692], [23.13563, 70.66752], [23.14283, 70.65907], [23.15363, 70.6557], [23.18243, 70.65401], [23.16803, 70.64894], [23.15363, 70.63206], [23.14283, 70.62699], [23.12123, 70.62361], [23.07803, 70.63037], [23.06003, 70.62699], [23.11403, 70.61348], [23.08883, 70.58646], [23.05643, 70.59153], [23.01683, 70.60335], [22.98443, 70.59997], [23.00603, 70.5966], [23.00963, 70.58478], [22.99883, 70.57296], [22.97723, 70.5662], [22.95203, 70.5662], [22.90523, 70.57802], [22.88003, 70.57971], [22.88003, 70.57127], [22.93763, 70.55776], [22.92683, 70.54932], [22.91243, 70.54425], [22.90163, 70.53918], [22.88723, 70.5375], [22.86923, 70.53918], [22.84403, 70.54932], [22.83323, 70.551], [22.82243, 70.54763], [22.80083, 70.52736], [22.79003, 70.52399], [22.77203, 70.52568], [22.76483, 70.53074], [22.76843, 70.53918], [22.77923, 70.551], [22.68923, 70.56282], [22.64243, 70.56451], [22.63523, 70.551], [22.62803, 70.54425], [22.63523, 70.53243], [22.63163, 70.52568], [22.62083, 70.52399], [22.61003, 70.52399], [22.60283, 70.52568], [22.59563, 70.52905], [22.58843, 70.52905], [22.58483, 70.51554], [22.57763, 70.50879], [22.57043, 70.50541], [22.56683, 70.50372], [22.51643, 70.52736], [22.48762, 70.53243], [22.47682, 70.5071], [22.46962, 70.49528], [22.44802, 70.49697], [22.43002, 70.50541], [22.42282, 70.51048], [22.40842, 70.51386], [22.39762, 70.51386], [22.37242, 70.50372], [22.34362, 70.49866], [22.30762, 70.50372], [22.29322, 70.51386], [22.31122, 70.53074], [22.28602, 70.54087]]], [[[24.17604, 70.936], [24.16164, 70.92756], [24.14364, 70.93093], [24.12564, 70.93431], [24.10764, 70.936], [24.09684, 70.92925], [24.08964, 70.9208], [24.07884, 70.91405], [24.04284, 70.91405], [24.02124, 70.91743], [24.00684, 70.92249], [23.99964, 70.93093], [23.98524, 70.94275], [23.90964, 70.95626], [23.93844, 70.96471], [24.00684, 70.96639], [24.03924, 70.97653], [24.00684, 70.98328], [23.94204, 70.97821], [23.90964, 70.98328], [23.88444, 70.99679], [23.89524, 71.00185], [23.94924, 71.00354], [23.93844, 71.01199], [23.93124, 71.01536], [23.92404, 71.01705], [23.96004, 71.02887], [24.08604, 71.02381], [24.07884, 71.01367], [24.07164, 71.0103], [24.10764, 71.00185], [24.18684, 71.00523], [24.22284, 70.99679], [24.18684, 70.99003], [24.10764, 70.99341], [24.07164, 70.98328], [24.07884, 70.9799], [24.08244, 70.97653], [24.08244, 70.97315], [24.08604, 70.96808], [24.07164, 70.96302], [24.20844, 70.96639], [24.24444, 70.95626], [24.21204, 70.95626], [24.21204, 70.94613], [24.20124, 70.94107], [24.18324, 70.94107], [24.16884, 70.94275], [24.17604, 70.936]]], [[[26.08766, 70.9799], [26.07326, 70.97484], [25.96886, 70.97821], [25.94726, 70.97484], [25.92206, 70.96639], [25.90046, 70.96133], [25.79966, 70.96302], [25.75286, 70.97653], [25.73126, 70.97484], [25.71686, 70.95626], [25.74566, 70.94951], [25.75286, 70.94951], [25.75286, 70.94275], [25.66646, 70.94613], [25.60166, 70.93262], [25.55486, 70.92756], [25.53326, 70.93262], [25.51886, 70.94107], [25.49365, 70.95964], [25.45765, 70.97315], [25.41805, 70.98328], [25.53686, 71.00354], [25.56206, 71.01705], [25.49005, 71.02212], [25.47205, 71.02718], [25.45405, 71.03056], [25.32445, 71.00692], [25.30645, 71.0103], [25.29565, 71.02043], [25.29205, 71.02887], [25.29565, 71.03563], [25.29205, 71.04576], [25.34965, 71.06602], [25.31365, 71.07277], [25.33165, 71.07953], [25.35685, 71.08291], [25.40005, 71.08628], [25.41805, 71.08291], [25.43965, 71.07615], [25.45765, 71.07277], [25.47925, 71.07784], [25.47205, 71.08291], [25.46485, 71.08966], [25.45765, 71.09304], [25.47205, 71.10317], [25.49005, 71.10148], [25.52606, 71.09304], [25.55486, 71.09304], [25.56206, 71.08966], [25.57286, 71.08291], [25.59086, 71.07784], [25.63406, 71.08122], [25.70966, 71.06264], [25.71686, 71.05251], [25.71326, 71.07109], [25.70246, 71.08459], [25.68446, 71.09304], [25.55486, 71.14032], [25.56566, 71.15214], [25.60886, 71.14538], [25.62686, 71.15045], [25.63766, 71.15889], [25.65206, 71.16396], [25.66646, 71.16565], [25.67726, 71.16058], [25.68446, 71.14538], [25.80686, 71.15383], [25.80326, 71.14201], [25.78526, 71.11161], [25.78526, 71.10317], [25.80686, 71.09641], [25.86086, 71.1133], [25.88246, 71.1133], [25.87886, 71.09641], [25.89686, 71.0981], [25.92206, 71.10655], [25.93646, 71.10992], [25.96166, 71.10823], [26.00486, 71.12512], [26.03006, 71.11668], [26.03366, 71.08797], [25.99046, 71.06771], [25.93286, 71.05589], [25.88966, 71.05251], [25.90766, 71.04407], [25.92566, 71.039], [25.94366, 71.03731], [25.96526, 71.03731], [25.96526, 71.01705], [25.94006, 71.0103], [25.92926, 71.0103], [25.95806, 71.00185], [25.99046, 70.99848], [26.02646, 71.00017], [26.05526, 71.00354], [26.07326, 71.01199], [26.11646, 71.03394], [26.13446, 71.03731], [26.18486, 71.04913], [26.21006, 71.04913], [26.21726, 71.03225], [26.20646, 71.01367], [26.18126, 71.00185], [26.11286, 70.9951], [26.10566, 70.99172], [26.08766, 70.9799]]], [[[24.78805, 71.04745], [24.77005, 71.02549], [24.75565, 71.02549], [24.72325, 71.02718], [24.70525, 71.03225], [24.68725, 71.03731], [24.66925, 71.04238], [24.63325, 71.04913], [24.61525, 71.05589], [24.61885, 71.0694], [24.64765, 71.08291], [24.67285, 71.08797], [24.69445, 71.08459], [24.70525, 71.07784], [24.70165, 71.07277], [24.70525, 71.0694], [24.71965, 71.06771], [24.73405, 71.0694], [24.73765, 71.07277], [24.73045, 71.08291], [24.70885, 71.0981], [24.71245, 71.10823], [24.74485, 71.10823], [24.76285, 71.10486], [24.76645, 71.09979], [24.77365, 71.09641], [24.78085, 71.09304], [24.78805, 71.09304], [24.80605, 71.0981], [24.81685, 71.0981], [24.83485, 71.09979], [24.83845, 71.09473], [24.81685, 71.08628], [24.81325, 71.07953], [24.82765, 71.07615], [24.82045, 71.07446], [24.78805, 71.06771], [24.77725, 71.05927], [24.78805, 71.05251], [24.78805, 71.04745]]]]}}, {"type": "Feature", "properties": {"part": "svalbard", "name_zh": "斯瓦巴群島", "name_en": "Svalbard (incl. Bjørnøya)", "iso_n3": "578", "n_polygons": 22, "area_km2": 62085.0, "bbox": [10.4851, 74.3469, 33.6405, 80.7703]}, "geometry": {"type": "MultiPolygon", "coordinates": [[[[12.05112, 78.22221], [11.92512, 78.22728], [11.89272, 78.23403], [11.86392, 78.24585], [11.81352, 78.27456], [11.84952, 78.29313], [11.85672, 78.2982], [11.84952, 78.30833], [11.83152, 78.31171], [11.80272, 78.31508], [11.62272, 78.36574], [11.60112, 78.38263], [11.58672, 78.38938], [11.57592, 78.39445], [11.45711, 78.4164], [11.41031, 78.43497], [11.34551, 78.44848], [11.30591, 78.45186], [11.16551, 78.43666], [11.12231, 78.43835], [11.08631, 78.45523], [11.03951, 78.48563], [11.00351, 78.5194], [10.99991, 78.54811], [10.96751, 78.55486], [10.94951, 78.57006], [10.93511, 78.59032], [10.91711, 78.61058], [10.88471, 78.62916], [10.85591, 78.64435], [10.78751, 78.66462], [10.80191, 78.6815], [10.80551, 78.68657], [10.78031, 78.68826], [10.65071, 78.73047], [10.63631, 78.7406], [10.57511, 78.75749], [10.54991, 78.771], [10.52471, 78.78788], [10.54631, 78.80308], [10.56431, 78.81152], [10.57511, 78.81997], [10.56791, 78.84361], [10.55351, 78.86049], [10.53191, 78.874], [10.4851, 78.89089], [10.51751, 78.90608], [10.56071, 78.90946], [10.84511, 78.87907], [10.99991, 78.83348], [11.00351, 78.82166], [10.99271, 78.79633], [11.03231, 78.78282], [11.10071, 78.77944], [11.11511, 78.77438], [11.13311, 78.76762], [11.18351, 78.73385], [11.06111, 78.69332], [11.12231, 78.67644], [11.15471, 78.66293], [11.15831, 78.64773], [11.16191, 78.63253], [11.24471, 78.62071], [11.27351, 78.61058], [11.25551, 78.59876], [11.25551, 78.58525], [11.26631, 78.57343], [11.28791, 78.56837], [11.29871, 78.5633], [11.28791, 78.55148], [11.25911, 78.52784], [11.35631, 78.54642], [11.44631, 78.54811], [11.46431, 78.54304], [11.47151, 78.5346], [11.48231, 78.51602], [11.49311, 78.50758], [11.50752, 78.50251], [11.54352, 78.49914], [11.56872, 78.48394], [11.75952, 78.4451], [11.87112, 78.44848], [11.89992, 78.43497], [11.89992, 78.42991], [11.88192, 78.41809], [11.87472, 78.41133], [11.88192, 78.40289], [11.88912, 78.39445], [12.05112, 78.31002], [12.10152, 78.29482], [12.09792, 78.27287], [12.11232, 78.26105], [12.13392, 78.2526], [12.14112, 78.23741], [12.14832, 78.22728], [12.15912, 78.21883], [12.16272, 78.21039], [12.15552, 78.20364], [12.14112, 78.19857], [12.11952, 78.19857], [12.09792, 78.20364], [12.05112, 78.22221]]], [[[11.00351, 79.6727], [10.98551, 79.66932], [10.96391, 79.66088], [10.94591, 79.65581], [10.92431, 79.65244], [10.81991, 79.65075], [10.78031, 79.65581], [10.75151, 79.6727], [10.73711, 79.68621], [10.84871, 79.69296], [10.81631, 79.7014], [10.74071, 79.70647], [10.71191, 79.72167], [10.87031, 79.72673], [10.99271, 79.70816], [11.03231, 79.70647], [11.02151, 79.69465], [11.01791, 79.68958], [11.00711, 79.68621], [11.04671, 79.68621], [11.06471, 79.68114], [11.07551, 79.66594], [11.00351, 79.6727]]], [[[10.98551, 79.7318], [10.71911, 79.74193], [10.68311, 79.74362], [10.65431, 79.75037], [10.64711, 79.7605], [10.67591, 79.7757], [10.71191, 79.78246], [10.87031, 79.77908], [11.01071, 79.74193], [10.98551, 79.7318]]], [[[19.28359, 74.44486], [19.27639, 74.4398], [19.26199, 74.43473], [19.23679, 74.41785], [19.23679, 74.41278], [19.23319, 74.39927], [19.18639, 74.37563], [19.19359, 74.36888], [19.16839, 74.36043], [19.07479, 74.34693], [19.04599, 74.35199], [19.03519, 74.3655], [19.02799, 74.37225], [19.01719, 74.37563], [19.00279, 74.37732], [18.96319, 74.38576], [18.95239, 74.39252], [18.93079, 74.40603], [18.86599, 74.42967], [18.81199, 74.4685], [18.79039, 74.47863], [18.81919, 74.50396], [18.87319, 74.51578], [18.98119, 74.51916], [19.02799, 74.51241], [19.11439, 74.5276], [19.16119, 74.52591], [19.25119, 74.48877], [19.28719, 74.4837], [19.29799, 74.48032], [19.29439, 74.47357], [19.27999, 74.46006], [19.27999, 74.45668], [19.28359, 74.44824], [19.28359, 74.44486]]], [[[19.676, 78.61058], [19.5824, 78.58188], [19.5788, 78.57512], [19.586, 78.56161], [19.604, 78.54642], [19.658, 78.52784], [19.6796, 78.51433], [19.33759, 78.49069], [18.99199, 78.46705], [18.96319, 78.45186], [19.00999, 78.42822], [19.03159, 78.41133], [19.06759, 78.37756], [19.06399, 78.36405], [19.04959, 78.34379], [19.03159, 78.33535], [18.99559, 78.32859], [18.98119, 78.31508], [18.99559, 78.31508], [18.98479, 78.30833], [18.97039, 78.30157], [18.95599, 78.29482], [18.95599, 78.28131], [18.96679, 78.27456], [19.03159, 78.25429], [19.06399, 78.24923], [19.07839, 78.24247], [19.08559, 78.23065], [19.07839, 78.22052], [19.06039, 78.21039], [19.04239, 78.20195], [19.03159, 78.19857], [18.94879, 78.19519], [18.92719, 78.18844], [18.91999, 78.17831], [18.93439, 78.16818], [18.99559, 78.13947], [19.06759, 78.12596], [19.09999, 78.10232], [19.06399, 78.08712], [18.81199, 78.02802], [18.58159, 78.05504], [18.49158, 78.04829], [18.40518, 78.02127], [18.42678, 78.00607], [18.50239, 77.98074], [18.47718, 77.96048], [18.44118, 77.95204], [18.40518, 77.94697], [18.37278, 77.93853], [18.37638, 77.92502], [18.36558, 77.91489], [18.34758, 77.90814], [18.32958, 77.90476], [18.36558, 77.87774], [18.37998, 77.87099], [18.39798, 77.86592], [18.41958, 77.86254], [18.43758, 77.85748], [18.44838, 77.84228], [18.43758, 77.82371], [18.45198, 77.79162], [18.45558, 77.77474], [18.44478, 77.75616], [18.35478, 77.68187], [18.34758, 77.66667], [18.36198, 77.64134], [18.35478, 77.62952], [18.28278, 77.58224], [18.31158, 77.55522], [18.30078, 77.51976], [18.23958, 77.49443], [18.19278, 77.48937], [18.09558, 77.50119], [18.03078, 77.49275], [18.01278, 77.49275], [17.99118, 77.49612], [17.95878, 77.51301], [17.94078, 77.51301], [17.81478, 77.49275], [17.74638, 77.4995], [17.72838, 77.49275], [17.73558, 77.46742], [17.70318, 77.45222], [17.62398, 77.44546], [17.62758, 77.43533], [17.63478, 77.42858], [17.64558, 77.4252], [17.65998, 77.4252], [17.65278, 77.41507], [17.64198, 77.41], [17.63118, 77.40494], [17.61678, 77.3965], [17.59518, 77.3661], [17.56998, 77.35259], [17.51238, 77.3374], [17.48717, 77.3222], [17.49437, 77.31544], [17.48357, 77.30531], [17.48717, 77.29687], [17.49797, 77.28505], [17.50158, 77.27154], [17.50158, 77.25466], [17.49437, 77.2479], [17.46197, 77.2327], [17.43317, 77.21413], [17.42237, 77.19387], [17.42957, 77.1736], [17.44757, 77.15165], [17.42957, 77.13646], [17.38997, 77.12464], [17.37197, 77.11619], [17.36477, 77.11113], [17.36477, 77.10606], [17.36477, 77.09255], [17.33957, 77.08073], [17.33237, 77.07567], [17.34317, 77.0706], [17.34677, 77.06385], [17.34677, 77.05709], [17.33597, 77.04696], [17.32157, 77.04358], [17.09837, 77.0554], [17.11277, 77.03852], [17.20637, 77.01657], [17.26397, 76.99461], [17.32517, 76.97942], [17.28917, 76.9524], [17.08757, 76.87473], [17.05517, 76.85446], [17.06237, 76.83589], [16.97957, 76.82576], [16.93637, 76.81394], [16.91837, 76.79367], [16.94357, 76.78017], [17.08037, 76.76497], [17.13437, 76.75146], [17.15957, 76.73795], [17.19197, 76.72444], [17.19917, 76.71938], [17.19197, 76.69743], [17.15957, 76.68392], [17.09117, 76.67041], [17.09837, 76.65521], [17.10557, 76.65015], [17.07677, 76.6417], [17.01197, 76.63495], [16.99397, 76.61637], [17.00477, 76.60624], [16.99397, 76.59949], [16.90757, 76.59104], [16.86437, 76.57585], [16.81037, 76.5674], [16.59077, 76.57754], [16.56557, 76.5826], [16.55837, 76.59273], [16.56197, 76.60624], [16.54757, 76.61131], [16.50077, 76.60962], [16.45396, 76.61975], [16.43236, 76.62313], [16.40716, 76.61637], [16.40356, 76.61131], [16.39996, 76.60455], [16.39996, 76.59949], [16.39276, 76.59611], [16.38196, 76.59442], [16.37476, 76.59273], [16.36756, 76.58767], [16.36396, 76.58091], [16.36396, 76.57416], [16.34236, 76.57247], [16.31716, 76.57922], [16.29556, 76.59611], [16.30636, 76.60286], [16.33516, 76.61637], [16.32436, 76.62482], [16.32436, 76.63495], [16.32796, 76.64508], [16.33516, 76.6569], [16.32436, 76.65859], [16.30996, 76.66028], [16.28836, 76.67041], [16.29916, 76.69067], [16.29916, 76.70249], [16.28476, 76.70756], [16.17676, 76.72275], [16.11916, 76.73795], [16.00036, 76.74808], [15.94276, 76.7599], [15.88156, 76.79367], [15.67996, 76.85109], [15.49995, 76.87641], [15.52876, 76.90681], [15.57916, 76.92032], [15.72676, 76.93045], [15.74116, 76.93551], [15.77356, 76.9524], [15.80236, 76.95409], [15.86356, 76.94902], [15.89236, 76.9524], [15.94276, 76.96422], [16.04716, 76.97773], [16.18756, 76.97435], [16.21636, 76.9676], [16.23076, 76.96084], [16.23796, 76.95409], [16.23436, 76.94733], [16.21996, 76.93889], [16.24156, 76.93214], [16.33156, 76.94565], [16.31716, 76.97097], [16.32796, 76.98279], [16.35676, 76.98617], [16.46836, 76.98279], [16.50797, 76.98617], [16.52957, 76.99968], [16.48276, 77.00643], [16.31716, 77.00475], [16.28116, 76.99461], [16.25596, 76.99293], [16.24156, 76.99461], [16.19836, 77.01319], [16.16236, 77.01994], [16.12636, 77.02163], [16.09036, 77.0267], [16.06156, 77.04696], [16.06156, 77.05203], [16.06516, 77.06385], [16.06156, 77.06891], [16.05796, 77.07229], [16.05076, 77.07567], [16.04716, 77.07904], [16.02916, 77.0858], [16.00396, 77.0858], [15.97876, 77.08073], [15.96076, 77.07567], [15.95716, 77.06216], [15.88516, 77.0706], [15.85636, 77.06891], [15.85276, 77.05372], [15.86716, 77.04021], [15.91036, 77.01994], [15.88516, 77.01488], [15.80956, 77.01319], [15.74116, 77.00137], [15.71956, 77.00137], [15.69076, 77.00643], [15.34515, 77.00812], [15.29835, 77.01825], [15.23715, 77.02332], [15.19395, 77.03345], [15.15435, 77.04865], [15.12195, 77.06891], [15.13635, 77.07229], [15.14355, 77.07904], [15.13995, 77.0858], [15.12555, 77.08918], [15.08595, 77.08749], [15.06795, 77.08918], [15.04995, 77.09593], [15.06075, 77.10775], [15.06795, 77.11282], [15.07515, 77.11619], [15.03915, 77.13477], [14.61075, 77.18542], [14.47394, 77.17867], [14.44874, 77.18205], [14.39834, 77.19556], [14.37314, 77.19893], [14.32274, 77.23946], [14.31554, 77.24284], [14.31194, 77.24452], [14.30834, 77.24621], [14.30834, 77.25634], [14.30834, 77.26141], [14.32274, 77.27998], [14.15714, 77.29349], [14.13914, 77.30194], [14.13914, 77.31882], [14.14994, 77.3374], [14.16434, 77.34922], [13.99874, 77.39987], [13.97354, 77.41], [13.95914, 77.4252], [13.96634, 77.42858], [13.98074, 77.43871], [13.97354, 77.4404], [13.96994, 77.44378], [13.96634, 77.44546], [13.95914, 77.44546], [13.95914, 77.45222], [14.03114, 77.44715], [14.05274, 77.45222], [14.02394, 77.47417], [13.95194, 77.48768], [13.91954, 77.4995], [13.92314, 77.50963], [13.91954, 77.51807], [13.91594, 77.52652], [13.91234, 77.53496], [13.95194, 77.53834], [14.07434, 77.56873], [14.44154, 77.58562], [14.52075, 77.5738], [14.59635, 77.53496], [14.58195, 77.52314], [14.56395, 77.5147], [14.54595, 77.50963], [14.52795, 77.50794], [14.54595, 77.49275], [14.58195, 77.49106], [14.65035, 77.4995], [14.71155, 77.49443], [14.74035, 77.49781], [14.76195, 77.51301], [14.76195, 77.53834], [14.76555, 77.54509], [14.77275, 77.54847], [14.90595, 77.54847], [14.99595, 77.56367], [15.04275, 77.56704], [15.14355, 77.54509], [15.49635, 77.53834], [15.85276, 77.53158], [15.87796, 77.52314], [15.89596, 77.51639], [15.94276, 77.50288], [16.00036, 77.49443], [16.03636, 77.48261], [16.10476, 77.44884], [16.12636, 77.44209], [16.19836, 77.43871], [16.21996, 77.4404], [16.21996, 77.44715], [16.19116, 77.46573], [16.21996, 77.47417], [16.30996, 77.46573], [16.27036, 77.48768], [16.09756, 77.4995], [16.02916, 77.5147], [15.98956, 77.53158], [15.94996, 77.54171], [15.93556, 77.55185], [15.89956, 77.57042], [15.84556, 77.57886], [15.40635, 77.60081], [14.96715, 77.62277], [14.90955, 77.61601], [14.88435, 77.6177], [14.86635, 77.62277], [14.83395, 77.63796], [14.81595, 77.64472], [14.77275, 77.64809], [14.75475, 77.65316], [14.74035, 77.66498], [14.85915, 77.68355], [15.03195, 77.68524], [15.11475, 77.70382], [15.48915, 77.72577], [15.86356, 77.74941], [16.24156, 77.77305], [16.33156, 77.79838], [16.60157, 77.80513], [16.87157, 77.81189], [16.95437, 77.79331], [17.01197, 77.79669], [17.03357, 77.79162], [17.05517, 77.78318], [17.08037, 77.77643], [17.10557, 77.77474], [17.12357, 77.78149], [17.08037, 77.79669], [17.02637, 77.80851], [16.91837, 77.81526], [16.88237, 77.82202], [16.84637, 77.8389], [16.78877, 77.87774], [16.81397, 77.88956], [16.84277, 77.88618], [16.87157, 77.87774], [16.90037, 77.87774], [16.96877, 77.89969], [16.99397, 77.90476], [16.98317, 77.90814], [16.97597, 77.91151], [16.96517, 77.91827], [16.96157, 77.92502], [16.97237, 77.92502], [16.98677, 77.9284], [16.99757, 77.93178], [17.00837, 77.93853], [16.75997, 77.91151], [16.72757, 77.90307], [16.71317, 77.87774], [16.68437, 77.86592], [16.23436, 77.85072], [15.78436, 77.83553], [15.59716, 77.87774], [15.55396, 77.87943], [15.30915, 77.85748], [15.08955, 77.79162], [14.76915, 77.78149], [14.71875, 77.76967], [14.67195, 77.76967], [14.56755, 77.79331], [14.52075, 77.78149], [14.63235, 77.76798], [14.59995, 77.75954], [14.45954, 77.75785], [14.35514, 77.76798], [14.29394, 77.75954], [14.26154, 77.75954], [14.21114, 77.78149], [14.17514, 77.78487], [14.11034, 77.77474], [14.01314, 77.73421], [13.95554, 77.7207], [13.91594, 77.72915], [13.88714, 77.74434], [13.85834, 77.74434], [13.79714, 77.73252], [13.77194, 77.73421], [13.75394, 77.73928], [13.73594, 77.74941], [13.71794, 77.76798], [13.77554, 77.77474], [13.80074, 77.78487], [13.82234, 77.80175], [13.78634, 77.82708], [13.74314, 77.83721], [13.69634, 77.84059], [13.64954, 77.84903], [13.66394, 77.86085], [13.67114, 77.87605], [13.67114, 77.89463], [13.66034, 77.90814], [13.65314, 77.91827], [13.63154, 77.95035], [13.63154, 77.96048], [13.64594, 77.98074], [13.66394, 77.9875], [13.67114, 77.99425], [13.65674, 78.01452], [13.64234, 78.02802], [13.60634, 78.04322], [13.58834, 78.05504], [13.61354, 78.06348], [13.69994, 78.0618], [13.78634, 78.08037], [13.82954, 78.08544], [13.85114, 78.09388], [13.86554, 78.09726], [13.95914, 78.09557], [14.00954, 78.08881], [14.07434, 78.07024], [14.23994, 78.00438], [14.25794, 78.00101], [14.26154, 77.99594], [14.26874, 77.98243], [14.27594, 77.97061], [14.28674, 77.96555], [14.32994, 77.96386], [14.34794, 77.96892], [14.35874, 77.98074], [14.35514, 77.98919], [14.34794, 78.00607], [14.34434, 78.01958], [14.32274, 78.03816], [14.25074, 78.0618], [14.22194, 78.07868], [14.23274, 78.09388], [14.63235, 78.1057], [15.03555, 78.11583], [15.02475, 78.12427], [14.99235, 78.13778], [15.02115, 78.14791], [15.08595, 78.16142], [15.11475, 78.1648], [15.13995, 78.16986], [15.19035, 78.1935], [15.24075, 78.20364], [15.29475, 78.22221], [15.41715, 78.2391], [15.55756, 78.2391], [15.61516, 78.22221], [15.69436, 78.21546], [15.71956, 78.21883], [15.73036, 78.23403], [15.70876, 78.24416], [15.63316, 78.25767], [15.61876, 78.26611], [15.58996, 78.28807], [15.61156, 78.30326], [15.64036, 78.31339], [15.79516, 78.3421], [15.82756, 78.3421], [15.86356, 78.33703], [15.89956, 78.33535], [16.06516, 78.35223], [16.09036, 78.36067], [16.10476, 78.36405], [16.14076, 78.36405], [16.29556, 78.34041], [16.61597, 78.34548], [16.93637, 78.35223], [17.09837, 78.38769], [17.14517, 78.39445], [17.19917, 78.40795], [17.27117, 78.41471], [17.29277, 78.41977], [17.29637, 78.43328], [17.26037, 78.4451], [17.19917, 78.44173], [16.84997, 78.38431], [16.62677, 78.40627], [16.60517, 78.41133], [16.58717, 78.42146], [16.58357, 78.42484], [16.57637, 78.43835], [16.57637, 78.44173], [16.56917, 78.4451], [16.52597, 78.4451], [16.41076, 78.43328], [16.38916, 78.43666], [16.35316, 78.45017], [16.33156, 78.45186], [16.33156, 78.45861], [16.34596, 78.45861], [16.36396, 78.46199], [16.39996, 78.47212], [16.42876, 78.48394], [16.43596, 78.49069], [16.44676, 78.50083], [16.45756, 78.5194], [16.46836, 78.52953], [16.47916, 78.53797], [16.49356, 78.54473], [16.64837, 78.59032], [16.67717, 78.60721], [16.68797, 78.61734], [16.70237, 78.62578], [16.72037, 78.63422], [16.73477, 78.6376], [16.81037, 78.63929], [16.82837, 78.64773], [16.82837, 78.67306], [16.78877, 78.67981], [16.63037, 78.67137], [16.61597, 78.67475], [16.61597, 78.68826], [16.61237, 78.6967], [16.60157, 78.70008], [16.55477, 78.71865], [16.52237, 78.71865], [16.49356, 78.70514], [16.45396, 78.67813], [16.41436, 78.66293], [16.38196, 78.65786], [16.36756, 78.65111], [16.35676, 78.6376], [16.37476, 78.63253], [16.37116, 78.62071], [16.36036, 78.60721], [16.34236, 78.59876], [16.33876, 78.59539], [16.33156, 78.5785], [16.32796, 78.57175], [16.31716, 78.56837], [16.04356, 78.52109], [16.04716, 78.49407], [16.00036, 78.48225], [15.71956, 78.47043], [15.43875, 78.45861], [15.34155, 78.48394], [15.26235, 78.54304], [15.25515, 78.56499], [15.24075, 78.5785], [15.22275, 78.58525], [15.19395, 78.59032], [15.20475, 78.59707], [15.21555, 78.60214], [15.22635, 78.60383], [15.23355, 78.61058], [15.40275, 78.61734], [15.42435, 78.6224], [15.44595, 78.63591], [15.46395, 78.65449], [15.47835, 78.68995], [15.49275, 78.70852], [15.49995, 78.7271], [15.47475, 78.73723], [15.47115, 78.74736], [15.47115, 78.75749], [15.46755, 78.76424], [15.44235, 78.77438], [15.43155, 78.77944], [15.42435, 78.78788], [15.44235, 78.79126], [15.45675, 78.79633], [15.48555, 78.80815], [15.46755, 78.81997], [15.42075, 78.83348], [15.40275, 78.84698], [15.38115, 78.85205], [15.35235, 78.8453], [15.30195, 78.82672], [15.23355, 78.78451], [15.22275, 78.77269], [15.21915, 78.75749], [15.21555, 78.74567], [15.19755, 78.7406], [15.20115, 78.73216], [15.20835, 78.72541], [15.21555, 78.72203], [15.22635, 78.72034], [15.20835, 78.70683], [15.21915, 78.70346], [15.22635, 78.69839], [15.22635, 78.68995], [15.21915, 78.67813], [15.22995, 78.67981], [15.24075, 78.67644], [15.25155, 78.67306], [15.26235, 78.66462], [15.20835, 78.65617], [15.05715, 78.64773], [15.02115, 78.61734], [15.02835, 78.61565], [15.04275, 78.61058], [14.98155, 78.59707], [14.92035, 78.60721], [14.80155, 78.64435], [14.81595, 78.65449], [14.83035, 78.66124], [14.84475, 78.66968], [14.84835, 78.68657], [14.84115, 78.70008], [14.81595, 78.72034], [14.81595, 78.73385], [14.72955, 78.73554], [14.67915, 78.73047], [14.62875, 78.71696], [14.57475, 78.68995], [14.48834, 78.68657], [14.44514, 78.67813], [14.44514, 78.67137], [14.52435, 78.66462], [14.54235, 78.65786], [14.54595, 78.64773], [14.54235, 78.63929], [14.53875, 78.63253], [14.53515, 78.62071], [14.53515, 78.61734], [14.54235, 78.61565], [14.54595, 78.61227], [14.54955, 78.60721], [14.54595, 78.60214], [14.54235, 78.59201], [14.54235, 78.58694], [14.54595, 78.57512], [14.56035, 78.56837], [14.57835, 78.5633], [14.58915, 78.55486], [14.56395, 78.54473], [14.50275, 78.54642], [14.47394, 78.54304], [14.38394, 78.50083], [14.41994, 78.4755], [14.48114, 78.46368], [14.59995, 78.45861], [14.63955, 78.45355], [14.67555, 78.43835], [14.70795, 78.4164], [14.73315, 78.39107], [14.66475, 78.38094], [14.45234, 78.38431], [14.45954, 78.37756], [14.43434, 78.36912], [14.40194, 78.37418], [14.34434, 78.39107], [14.31194, 78.39276], [14.28674, 78.38769], [14.26514, 78.37756], [14.24714, 78.36405], [14.25794, 78.35392], [14.28674, 78.34379], [14.30114, 78.33703], [14.30834, 78.33028], [14.32274, 78.30833], [14.28314, 78.30495], [14.12474, 78.26274], [14.10314, 78.25092], [14.07434, 78.24247], [14.04194, 78.24754], [14.04914, 78.26105], [14.06354, 78.27118], [14.08154, 78.27793], [14.09594, 78.28807], [14.02034, 78.28131], [14.00594, 78.283], [13.99514, 78.28638], [13.98074, 78.28638], [13.96634, 78.28131], [13.95194, 78.27118], [13.94474, 78.26105], [13.94474, 78.22728], [13.92314, 78.23741], [13.89794, 78.24754], [13.79714, 78.27118], [13.77194, 78.27118], [13.74674, 78.2678], [13.77194, 78.25092], [13.84034, 78.23403], [13.85474, 78.21208], [13.50194, 78.22052], [13.14913, 78.22896], [13.08073, 78.21883], [13.03393, 78.20364], [13.00873, 78.20364], [12.96193, 78.22052], [12.92593, 78.23572], [12.91153, 78.24754], [12.94753, 78.26105], [12.95833, 78.2678], [12.95473, 78.27287], [12.94393, 78.283], [12.94033, 78.28807], [12.95113, 78.29482], [12.85753, 78.32353], [12.90433, 78.32353], [12.88633, 78.34717], [12.85753, 78.35899], [12.65593, 78.37756], [12.56953, 78.40458], [12.50473, 78.43497], [12.47592, 78.44173], [12.42912, 78.46537], [12.37872, 78.47719], [12.36432, 78.48732], [12.52993, 78.50758], [13.00153, 78.50758], [13.19953, 78.54304], [13.14553, 78.55486], [13.08433, 78.55148], [12.97273, 78.5346], [12.69913, 78.53966], [12.42912, 78.54473], [12.38952, 78.55148], [12.36792, 78.57681], [12.37512, 78.58357], [12.34632, 78.59539], [12.01872, 78.61396], [11.94312, 78.63422], [11.90352, 78.6376], [11.88192, 78.64435], [11.86032, 78.65786], [11.84952, 78.67306], [11.86752, 78.68657], [11.84232, 78.70346], [11.80632, 78.71021], [11.73432, 78.7119], [11.71272, 78.71528], [11.68032, 78.72541], [11.65512, 78.73554], [11.64432, 78.74736], [11.66592, 78.76087], [11.73072, 78.81321], [11.78112, 78.82503], [11.88912, 78.81659], [11.93592, 78.82166], [11.89992, 78.84361], [11.85672, 78.85543], [11.56512, 78.88751], [11.50752, 78.9044], [11.44271, 78.91622], [11.37071, 78.94154], [11.34551, 78.95336], [11.33471, 78.97363], [11.56872, 78.98545], [11.90712, 78.94323], [12.24912, 78.90102], [12.47592, 78.90271], [12.50833, 78.91115], [12.50113, 78.91959], [12.47952, 78.93986], [12.46152, 78.95168], [12.45792, 78.95674], [12.45792, 78.97025], [12.45432, 78.97532], [12.45072, 78.98038], [12.42552, 78.99727], [12.38952, 79.00233], [12.06552, 78.97363], [11.97912, 78.98714], [12.00792, 78.99558], [12.04392, 79.00064], [12.10872, 79.00064], [12.08352, 79.01078], [12.05832, 79.01415], [12.00072, 79.01415], [11.77032, 79.05806], [11.71272, 79.06143], [11.68392, 79.06988], [11.73792, 79.07832], [11.75952, 79.08507], [11.80632, 79.11547], [11.85672, 79.12222], [11.88192, 79.13067], [11.87472, 79.13742], [11.86752, 79.14249], [11.86032, 79.14417], [11.84952, 79.14586], [11.89272, 79.16106], [11.90712, 79.16781], [11.92512, 79.18808], [11.93592, 79.19483], [11.95032, 79.1999], [11.99712, 79.20665], [12.09072, 79.20665], [12.13752, 79.21341], [12.11952, 79.22523], [12.07632, 79.2286], [12.06192, 79.24042], [12.10152, 79.259], [12.11592, 79.26069], [12.10872, 79.26744], [12.10152, 79.27419], [12.09432, 79.2877], [12.10152, 79.29108], [12.11592, 79.3029], [12.07992, 79.3029], [11.98632, 79.2877], [11.83512, 79.29615], [11.90712, 79.25055], [11.91792, 79.24042], [11.89632, 79.22523], [11.85312, 79.22523], [11.80632, 79.23536], [11.78112, 79.24718], [11.78832, 79.25393], [11.77392, 79.25731], [11.72352, 79.27757], [11.71632, 79.28601], [11.71272, 79.29446], [11.70552, 79.3029], [11.69112, 79.30965], [11.69112, 79.32147], [11.59392, 79.30965], [11.60112, 79.3029], [11.59032, 79.29446], [11.57952, 79.28939], [11.55432, 79.28095], [11.59392, 79.27251], [11.69112, 79.21678], [11.72352, 79.18808], [11.70192, 79.16781], [11.28071, 79.10027], [11.22671, 79.10027], [11.18351, 79.12391], [11.20511, 79.12898], [11.20151, 79.13742], [11.17631, 79.15093], [11.17271, 79.15937], [11.16911, 79.18808], [11.16191, 79.21678], [11.14031, 79.23705], [11.11151, 79.25055], [11.06831, 79.25731], [11.05031, 79.26575], [11.03951, 79.27419], [11.01071, 79.30459], [10.99991, 79.30965], [10.98551, 79.31641], [10.91351, 79.32992], [10.84151, 79.37044], [10.89911, 79.37889], [10.91711, 79.38395], [10.87031, 79.39577], [10.86311, 79.39915], [10.85591, 79.41097], [10.85951, 79.41435], [10.87031, 79.41603], [10.88111, 79.41941], [10.90631, 79.43123], [10.91711, 79.43967], [10.91351, 79.44981], [10.90991, 79.45656], [10.90631, 79.46331], [10.89911, 79.47007], [10.89191, 79.47345], [10.88111, 79.47682], [10.84151, 79.49371], [10.78751, 79.50722], [10.74071, 79.50891], [10.71551, 79.51228], [10.69391, 79.52242], [10.67591, 79.54268], [10.70831, 79.56125], [11.18351, 79.56294], [11.14391, 79.57476], [10.85591, 79.59671], [10.86671, 79.60853], [10.88831, 79.61866], [11.01431, 79.65075], [11.43191, 79.62711], [11.45711, 79.63217], [11.45711, 79.64568], [11.42831, 79.65412], [11.35271, 79.66257], [11.23391, 79.69803], [11.21231, 79.70816], [11.19791, 79.72167], [11.20151, 79.72167], [11.21231, 79.72673], [11.21951, 79.72673], [11.21591, 79.73011], [11.21231, 79.73855], [11.21231, 79.74193], [11.21951, 79.74531], [11.23751, 79.7605], [11.19071, 79.7757], [11.22671, 79.78752], [11.28431, 79.78921], [11.47511, 79.76726], [11.52552, 79.76726], [11.56152, 79.78921], [11.52552, 79.80947], [11.55072, 79.81285], [11.60472, 79.8061], [11.62632, 79.81285], [11.63712, 79.82298], [11.65512, 79.83142], [11.66952, 79.83649], [11.77752, 79.84662], [11.82072, 79.84493], [11.86032, 79.82636], [11.87472, 79.81623], [11.92512, 79.80103], [11.94312, 79.7909], [11.94312, 79.78414], [11.93952, 79.77908], [11.93592, 79.7757], [11.96112, 79.76219], [12.02952, 79.73518], [12.03312, 79.72167], [12.05112, 79.71491], [12.05832, 79.71322], [12.06552, 79.71322], [12.06192, 79.70985], [12.04752, 79.69296], [12.10872, 79.67776], [12.14112, 79.67439], [12.16992, 79.67945], [12.16272, 79.68283], [12.15552, 79.6879], [12.14112, 79.7014], [12.16992, 79.70985], [12.19872, 79.70478], [12.28152, 79.66763], [12.29592, 79.66426], [12.33192, 79.66763], [12.33552, 79.66932], [12.34632, 79.68283], [12.34992, 79.71829], [12.30312, 79.73686], [12.20592, 79.75544], [12.21672, 79.76219], [12.19872, 79.76895], [12.20592, 79.7757], [12.18792, 79.77739], [12.17352, 79.78246], [12.16272, 79.79428], [12.16272, 79.80947], [12.17352, 79.81623], [12.20592, 79.83649], [12.38952, 79.8348], [12.45072, 79.82298], [12.49032, 79.80947], [12.49752, 79.8061], [12.50473, 79.79765], [12.52633, 79.79259], [12.53353, 79.78921], [12.54073, 79.77401], [12.53353, 79.76557], [12.49392, 79.75544], [12.53713, 79.747], [12.68473, 79.7757], [12.76753, 79.77401], [12.91513, 79.79765], [12.95833, 79.81116], [13.05913, 79.82805], [13.24993, 79.83649], [13.35433, 79.85844], [13.58474, 79.85675], [13.79714, 79.88208], [13.84034, 79.8787], [13.88714, 79.86688], [13.95194, 79.83818], [13.95554, 79.82974], [13.95914, 79.81623], [13.95914, 79.80441], [13.95914, 79.79428], [13.95914, 79.78583], [13.97354, 79.7757], [13.89794, 79.73855], [13.73954, 79.70647], [13.26073, 79.69296], [13.23913, 79.7014], [13.19233, 79.69296], [13.01233, 79.69296], [13.02673, 79.67945], [13.00873, 79.6727], [12.64513, 79.59502], [12.56233, 79.58996], [12.50113, 79.59502], [12.46872, 79.58996], [12.45072, 79.5697], [12.48312, 79.56632], [12.54433, 79.55281], [12.57673, 79.54774], [12.60913, 79.55112], [12.70633, 79.5697], [12.90073, 79.57138], [13.03393, 79.59671], [13.18153, 79.59165], [13.28953, 79.60178], [13.39753, 79.58996], [13.45153, 79.59165], [13.47673, 79.58658], [13.49113, 79.5697], [13.42993, 79.53424], [13.41193, 79.52917], [13.39393, 79.52748], [13.35793, 79.51735], [13.34353, 79.51397], [13.32193, 79.51566], [13.28593, 79.52073], [13.26793, 79.52242], [13.27873, 79.50891], [13.28593, 79.49371], [13.27513, 79.49371], [13.26793, 79.49033], [13.26433, 79.48358], [13.26073, 79.47345], [13.30033, 79.47176], [13.45873, 79.43967], [13.48033, 79.44136], [13.48753, 79.45318], [13.48033, 79.45994], [13.43713, 79.4802], [13.47673, 79.49202], [13.52714, 79.49371], [13.57754, 79.49033], [13.61714, 79.4802], [13.62074, 79.47682], [13.62434, 79.465], [13.63154, 79.45994], [13.64594, 79.45656], [13.67474, 79.45487], [13.75754, 79.43967], [13.77914, 79.43292], [13.78634, 79.41941], [13.80794, 79.41097], [13.87274, 79.39408], [13.87994, 79.39071], [13.89794, 79.36707], [13.90514, 79.36369], [13.91954, 79.36369], [13.90874, 79.34005], [13.90514, 79.32823], [13.91234, 79.31641], [13.89074, 79.30628], [13.89794, 79.29446], [13.91954, 79.28433], [13.94474, 79.28433], [13.97714, 79.2877], [13.99874, 79.28264], [14.04194, 79.26575], [14.07434, 79.26913], [14.10314, 79.28939], [14.15714, 79.34343], [14.14274, 79.34849], [14.10314, 79.3772], [14.08154, 79.38733], [14.03474, 79.39746], [14.01314, 79.4059], [14.02034, 79.41266], [14.03114, 79.41772], [14.03834, 79.42279], [14.04914, 79.42617], [14.03114, 79.4363], [14.02034, 79.44981], [14.00954, 79.46163], [13.96634, 79.47176], [13.94474, 79.48358], [13.93394, 79.4954], [13.95194, 79.50215], [13.89794, 79.52917], [13.88354, 79.54268], [13.90154, 79.54943], [13.95194, 79.57645], [14.07434, 79.60684], [14.25434, 79.61022], [14.27954, 79.61698], [14.24714, 79.61866], [14.17874, 79.63217], [14.14274, 79.63217], [14.17514, 79.65075], [14.26874, 79.66257], [14.30834, 79.6727], [14.27594, 79.67101], [14.26154, 79.6727], [14.24714, 79.67945], [14.27594, 79.69296], [14.40194, 79.73855], [14.49194, 79.78752], [14.51355, 79.80272], [14.52795, 79.80947], [14.54955, 79.81116], [14.85915, 79.77401], [14.92395, 79.75206], [15.08955, 79.66257], [15.12555, 79.65075], [15.17235, 79.6423], [15.20835, 79.62711], [15.26235, 79.61866], [15.28035, 79.61191], [15.29475, 79.60347], [15.27315, 79.58827], [15.27315, 79.58152], [15.28035, 79.5697], [15.29115, 79.56125], [15.29835, 79.55619], [15.30195, 79.54774], [15.29475, 79.53592], [15.30915, 79.52242], [15.33075, 79.51228], [15.37035, 79.50215], [15.35955, 79.48358], [15.36675, 79.47176], [15.39915, 79.45318], [15.40995, 79.44136], [15.43155, 79.41603], [15.44595, 79.4059], [15.43875, 79.38733], [15.45315, 79.37382], [15.47115, 79.362], [15.48195, 79.3468], [15.49635, 79.32992], [15.53596, 79.31979], [15.60436, 79.31134], [15.62956, 79.30121], [15.66196, 79.27251], [15.68716, 79.26069], [15.74476, 79.25224], [15.77356, 79.24211], [15.78796, 79.22016], [15.78076, 79.22016], [15.77356, 79.22016], [15.74476, 79.1999], [15.67636, 79.17119], [15.65836, 79.15093], [15.66196, 79.1256], [15.68356, 79.11209], [15.71236, 79.11209], [15.80596, 79.16613], [15.88156, 79.16106], [15.95716, 79.13235], [16.02196, 79.10027], [16.03996, 79.09352], [16.10476, 79.07663], [16.11916, 79.06819], [16.12636, 79.05806], [16.12996, 79.0361], [16.12996, 79.02091], [16.12996, 79.01078], [16.13356, 79.00233], [16.15156, 78.99051], [16.17316, 78.98207], [16.21276, 78.97194], [16.23436, 78.9635], [16.24876, 78.96012], [16.28116, 78.95843], [16.29556, 78.95336], [16.29916, 78.9483], [16.30636, 78.93479], [16.30996, 78.93141], [16.32796, 78.92128], [16.34956, 78.91622], [16.43596, 78.91115], [16.47556, 78.9179], [16.48996, 78.93141], [16.45396, 78.95336], [16.45756, 78.95674], [16.45756, 78.96012], [16.45756, 78.9635], [16.46116, 78.96687], [16.40356, 78.97363], [16.38196, 78.98376], [16.36396, 79.02091], [16.34956, 79.03104], [16.33516, 79.0361], [16.32076, 79.04455], [16.28476, 79.09183], [16.26676, 79.10365], [16.20916, 79.1256], [16.19116, 79.13911], [16.18036, 79.15093], [16.16596, 79.17626], [16.15516, 79.18808], [16.15156, 79.20159], [16.15156, 79.21847], [16.15156, 79.23367], [16.14076, 79.24042], [16.12636, 79.24549], [16.01116, 79.29615], [15.96076, 79.30965], [15.96796, 79.33836], [15.95356, 79.37382], [15.92836, 79.40928], [15.91396, 79.45994], [15.90316, 79.47851], [15.88156, 79.51059], [15.87076, 79.51904], [15.85996, 79.52242], [15.85276, 79.52917], [15.85636, 79.54268], [15.86716, 79.54774], [15.91756, 79.56294], [15.89596, 79.56801], [15.85276, 79.5697], [15.83476, 79.57983], [15.82756, 79.58827], [15.82036, 79.60347], [15.81316, 79.61529], [15.79156, 79.62711], [15.74116, 79.65412], [15.72676, 79.66594], [15.74476, 79.6727], [15.73396, 79.68283], [15.68716, 79.7014], [15.69076, 79.70478], [15.70516, 79.7166], [15.70516, 79.72167], [15.70156, 79.72842], [15.69796, 79.73011], [15.69436, 79.7318], [15.69436, 79.73349], [15.68356, 79.74531], [15.67276, 79.75544], [15.65836, 79.76388], [15.64396, 79.76895], [15.66556, 79.78414], [15.67276, 79.78921], [15.65476, 79.80103], [15.64396, 79.81454], [15.64036, 79.83142], [15.65116, 79.85], [15.67996, 79.86857], [15.71596, 79.87702], [16.10116, 79.86013], [16.13716, 79.87026], [16.10116, 79.8939], [16.00756, 79.9091], [15.97156, 79.92936], [15.96076, 79.93949], [15.95716, 79.94456], [15.96076, 79.953], [15.97516, 79.96651], [15.98956, 79.97833], [16.05436, 79.99522], [16.04356, 79.99691], [16.03636, 80.00028], [16.02556, 80.00704], [16.02196, 80.01548], [16.03996, 80.01717], [16.07956, 80.0273], [16.14076, 80.03237], [16.25596, 80.06107], [16.29556, 80.06783], [16.32796, 80.06445], [16.36756, 80.05601], [16.54037, 80.04756], [16.55477, 80.0425], [16.56197, 80.03574], [16.56917, 80.01886], [16.57277, 80.0121], [16.59437, 79.99691], [16.61597, 79.98509], [16.66637, 79.96651], [16.69517, 79.95976], [16.71317, 79.95469], [16.72037, 79.94625], [16.71677, 79.93949], [16.69877, 79.92936], [16.69157, 79.92261], [16.70597, 79.91248], [16.82117, 79.87533], [16.85357, 79.87026], [16.88597, 79.87364], [16.91117, 79.89221], [16.90397, 79.89559], [16.87157, 79.91248], [16.86437, 79.91923], [16.87157, 79.93274], [16.88597, 79.94118], [16.96517, 79.96313], [17.27117, 79.94625], [17.40077, 79.91416], [17.56278, 79.89728], [17.59518, 79.88039], [17.63478, 79.86688], [17.69238, 79.86013], [17.90118, 79.79596], [17.94078, 79.77232], [17.99478, 79.76388], [18.03078, 79.75544], [18.09918, 79.72673], [18.06678, 79.69465], [18.01638, 79.67776], [17.91198, 79.66594], [17.86878, 79.65581], [17.85078, 79.64737], [17.81478, 79.62373], [17.74998, 79.60347], [17.76798, 79.59671], [17.73558, 79.56632], [17.68878, 79.55956], [17.63838, 79.55956], [17.59158, 79.54774], [17.67438, 79.54268], [17.73198, 79.54943], [17.74998, 79.54774], [17.76438, 79.5393], [17.76798, 79.51059], [17.78238, 79.49371], [17.76438, 79.47682], [17.75718, 79.46838], [17.75358, 79.45656], [17.75718, 79.44981], [17.76798, 79.44305], [17.77518, 79.4363], [17.77518, 79.42617], [17.75358, 79.40928], [17.63118, 79.39239], [17.65278, 79.36875], [17.69238, 79.37044], [17.76798, 79.39239], [17.84358, 79.39577], [17.87958, 79.40084], [17.93718, 79.42954], [17.97318, 79.43967], [18.00198, 79.45656], [18.01638, 79.48358], [18.01998, 79.49371], [18.02718, 79.50722], [18.04158, 79.52917], [18.06318, 79.54774], [18.07758, 79.5697], [18.10638, 79.58827], [18.13878, 79.60347], [18.17838, 79.61529], [18.24318, 79.6288], [18.34758, 79.63048], [18.40158, 79.61191], [18.45198, 79.60009], [18.55999, 79.58658], [18.72559, 79.54437], [18.75439, 79.52242], [18.76159, 79.51059], [18.76879, 79.48527], [18.77599, 79.47682], [18.79759, 79.46838], [18.83719, 79.45994], [18.85879, 79.45318], [18.88039, 79.44136], [18.87679, 79.43967], [18.86239, 79.4363], [18.85159, 79.42279], [18.85879, 79.40928], [18.87679, 79.40421], [18.89839, 79.40084], [18.91279, 79.39239], [18.89119, 79.38902], [18.86959, 79.38226], [18.84799, 79.37213], [18.83719, 79.35693], [18.83719, 79.34005], [18.84799, 79.32992], [18.88039, 79.31641], [18.78319, 79.27926], [18.62839, 79.27251], [18.59239, 79.26069], [18.65359, 79.24887], [18.84439, 79.25393], [18.93079, 79.22691], [18.94879, 79.22016], [18.94159, 79.20665], [18.91639, 79.18132], [18.91639, 79.16781], [18.94519, 79.15768], [19.05679, 79.15768], [19.09279, 79.15093], [19.19719, 79.15093], [19.22599, 79.15599], [19.24759, 79.16444], [19.26559, 79.17626], [19.29079, 79.1847], [19.32319, 79.18977], [19.40599, 79.1847], [19.42039, 79.18301], [19.6112, 79.15262], [19.6688, 79.15093], [19.7876, 79.16444], [19.838, 79.15093], [19.8308, 79.14417], [19.82, 79.1408], [19.8128, 79.13911], [19.802, 79.13404], [19.7948, 79.12729], [19.7984, 79.12391], [19.8056, 79.12053], [19.8092, 79.11716], [19.8164, 79.10702], [19.8272, 79.0952], [19.8416, 79.08676], [19.9244, 79.06481], [19.9352, 79.05974], [19.9316, 79.04624], [19.9136, 79.02766], [19.9064, 79.01415], [19.9856, 79.01415], [20.0108, 79.01922], [20.0324, 79.02091], [20.0756, 79.00909], [20.198, 79.00064], [20.45, 78.94661], [20.92161, 78.90608], [21.38961, 78.86725], [21.44001, 78.85543], [21.46521, 78.85374], [21.52282, 78.85374], [21.54082, 78.84698], [21.54442, 78.83348], [21.53362, 78.82503], [21.51922, 78.81659], [21.51202, 78.80815], [21.50842, 78.79464], [21.51922, 78.78788], [21.53362, 78.78282], [21.55162, 78.77438], [21.53362, 78.76087], [21.50842, 78.74736], [21.48321, 78.73723], [21.43641, 78.73047], [21.40761, 78.72203], [21.37881, 78.71021], [21.36081, 78.69839], [21.36801, 78.69501], [21.38961, 78.67644], [21.39321, 78.67137], [21.38241, 78.65786], [21.36081, 78.65617], [21.33561, 78.65786], [21.26721, 78.67475], [21.12681, 78.66462], [21.12681, 78.64604], [21.09801, 78.63929], [21.03681, 78.64435], [21.03681, 78.64942], [20.99001, 78.65786], [20.93961, 78.65786], [20.92881, 78.65955], [20.91801, 78.66293], [20.90721, 78.66968], [20.88561, 78.68319], [20.87841, 78.68319], [20.87121, 78.6815], [20.86041, 78.67813], [20.69121, 78.69332], [20.64081, 78.67137], [20.62641, 78.65617], [20.61921, 78.64267], [20.60481, 78.63422], [20.57961, 78.63085], [20.50401, 78.63085], [20.4608, 78.64267], [20.4464, 78.64435], [20.2196, 78.64604], [20.2088, 78.6376], [20.18, 78.63085], [20.126, 78.6376], [20.0972, 78.6376], [20.0504, 78.62916], [20.0324, 78.61903], [20.0288, 78.60383], [19.7624, 78.62409], [19.676, 78.61058]]], [[[20.57241, 79.10365], [20.76321, 79.08507], [20.80641, 79.07494], [20.83161, 79.05468], [20.70201, 79.02597], [20.4968, 79.01753], [20.4068, 78.99558], [20.36, 78.99389], [20.3132, 79.00233], [20.27, 79.01753], [20.2448, 79.02428], [20.1224, 79.0226], [20.0684, 79.03273], [20.0432, 79.04117], [20.1044, 79.0513], [20.1368, 79.06143], [20.1332, 79.07325], [20.1116, 79.08845], [20.1152, 79.0952], [20.1296, 79.10196], [20.1404, 79.11716], [20.1296, 79.11716], [20.1188, 79.11885], [20.108, 79.12053], [20.0972, 79.12391], [20.1872, 79.13235], [20.216, 79.12391], [20.2088, 79.12222], [20.1944, 79.11716], [20.468, 79.1256], [20.4968, 79.11716], [20.51481, 79.11716], [20.57241, 79.10365]]], [[[20.0648, 79.35356], [20.036, 79.35693], [19.7012, 79.33667], [19.6724, 79.34005], [19.6616, 79.3468], [19.6616, 79.35862], [19.6796, 79.3772], [19.64, 79.39071], [19.6256, 79.39239], [19.6688, 79.40421], [19.712, 79.40759], [19.8056, 79.4059], [19.8668, 79.39071], [20.0576, 79.3772], [20.1548, 79.36369], [20.1764, 79.35356], [20.1728, 79.34343], [20.144, 79.33667], [20.1116, 79.33498], [20.09, 79.34005], [20.0648, 79.35356]]], [[[18.30078, 80.36333], [18.31518, 80.36502], [18.58519, 80.34137], [18.67159, 80.31942], [18.68599, 80.31267], [18.70039, 80.30929], [18.71479, 80.31098], [18.72919, 80.31267], [18.73999, 80.31267], [18.75439, 80.30254], [18.70039, 80.29072], [18.67879, 80.28903], [18.66439, 80.28565], [18.63919, 80.26539], [18.62479, 80.26201], [18.49158, 80.23837], [18.44838, 80.24344], [18.29718, 80.27552], [18.16038, 80.2789], [18.11718, 80.28903], [18.13878, 80.30929], [18.15678, 80.31773], [18.18918, 80.32111], [18.20718, 80.32618], [18.23958, 80.34306], [18.30078, 80.36333]]], [[[20.1008, 80.52881], [20.1332, 80.5153], [20.1044, 80.50686], [20.0432, 80.50179], [19.9856, 80.48997], [19.9064, 80.48828], [19.8812, 80.48997], [19.8596, 80.49672], [19.8524, 80.50517], [19.8704, 80.51699], [19.9604, 80.54063], [20.0252, 80.54232], [20.0648, 80.53725], [20.1008, 80.52881]]], [[[25.21645, 76.5674], [25.22005, 76.56403], [25.22005, 76.56234], [25.22005, 76.55896], [25.22365, 76.55558], [25.18045, 76.53363], [25.04725, 76.49817], [25.01845, 76.46947], [25.02205, 76.45765], [25.02925, 76.45089], [25.03285, 76.44583], [25.01845, 76.43907], [25.00405, 76.43738], [24.97885, 76.4357], [24.95725, 76.43907], [24.94285, 76.44583], [24.94645, 76.46102], [24.96805, 76.47791], [24.99325, 76.49311], [25.03285, 76.50493], [25.09405, 76.54376], [25.35325, 76.63664], [25.42165, 76.68392], [25.41805, 76.69236], [25.43245, 76.69405], [25.46125, 76.70756], [25.47925, 76.71262], [25.50446, 76.71431], [25.58006, 76.71262], [25.58006, 76.69911], [25.56206, 76.69574], [25.39285, 76.61975], [25.28845, 76.59442], [25.24165, 76.57416], [25.21645, 76.5674]]], [[[24.04644, 77.62108], [24.02484, 77.61263], [23.99604, 77.60588], [23.98164, 77.59406], [23.96364, 77.56873], [23.91684, 77.52483], [23.89164, 77.50794], [23.73324, 77.4556], [23.53884, 77.4252], [23.39123, 77.37961], [23.35523, 77.37623], [23.26883, 77.32726], [23.29043, 77.29012], [23.23283, 77.2631], [22.92323, 77.25634], [22.70363, 77.23777], [22.61003, 77.2479], [22.47682, 77.26141], [22.44802, 77.26141], [22.43002, 77.2631], [22.41922, 77.26816], [22.41202, 77.27661], [22.40122, 77.28336], [22.39042, 77.30362], [22.42642, 77.31882], [22.50563, 77.33571], [22.49122, 77.36441], [22.49122, 77.37286], [22.48402, 77.3813], [22.45162, 77.39481], [22.42642, 77.41], [22.41562, 77.41507], [22.41202, 77.42014], [22.42282, 77.43196], [22.43722, 77.43871], [22.56683, 77.46742], [22.60283, 77.48599], [22.67483, 77.49275], [22.73243, 77.51807], [22.76123, 77.53665], [22.77923, 77.55522], [22.66763, 77.55185], [22.61003, 77.54003], [22.57763, 77.51301], [22.55243, 77.51807], [22.55963, 77.52989], [22.58123, 77.54171], [22.60643, 77.54847], [22.56683, 77.56704], [22.50563, 77.57717], [22.44802, 77.57717], [22.29322, 77.55522], [22.28242, 77.55016], [22.24282, 77.51976], [22.19242, 77.50457], [21.77842, 77.48768], [21.36441, 77.47079], [21.31761, 77.45728], [21.09081, 77.43871], [21.03681, 77.44378], [20.92161, 77.44209], [20.89281, 77.44546], [20.86401, 77.4556], [20.86401, 77.46742], [20.87841, 77.47755], [20.92881, 77.50119], [20.91801, 77.50963], [20.88921, 77.5147], [20.86041, 77.52821], [20.88201, 77.53496], [20.87121, 77.54003], [20.85681, 77.54171], [20.83161, 77.54003], [20.84601, 77.54678], [20.86041, 77.54847], [20.88561, 77.54847], [20.87841, 77.56367], [20.87481, 77.56873], [21.18801, 77.6025], [21.21681, 77.60926], [21.23481, 77.62277], [21.23841, 77.6329], [21.23121, 77.64303], [21.22761, 77.65823], [21.23481, 77.6616], [21.24561, 77.66667], [21.24921, 77.67173], [21.24921, 77.67849], [21.24921, 77.68187], [21.24561, 77.68355], [21.24201, 77.68862], [21.24561, 77.70044], [21.24921, 77.71395], [21.25641, 77.72746], [21.26001, 77.73252], [21.32841, 77.75785], [21.36441, 77.77474], [21.41121, 77.78487], [21.43641, 77.795], [21.43641, 77.82033], [21.47961, 77.83721], [21.55882, 77.85748], [21.56602, 77.87268], [21.55522, 77.87943], [21.54082, 77.88618], [21.53722, 77.898], [21.55522, 77.90645], [21.66322, 77.91827], [21.65242, 77.9284], [21.63802, 77.93853], [21.62362, 77.94528], [21.60922, 77.9436], [21.58402, 77.94022], [21.36801, 77.96555], [21.31761, 77.98243], [21.24201, 77.99256], [20.87841, 78.08544], [20.87841, 78.09894], [20.90001, 78.11076], [20.99361, 78.13778], [21.34281, 78.17493], [21.69562, 78.21039], [22.04482, 78.20532], [22.39762, 78.20026], [22.49122, 78.21546], [22.53443, 78.23065], [22.96643, 78.25598], [23.06003, 78.23572], [23.13203, 78.23234], [23.32643, 78.20026], [23.42003, 78.16818], [23.47043, 78.15804], [23.47043, 78.15129], [23.39483, 78.13947], [23.37323, 78.13103], [23.37683, 78.11245], [23.35163, 78.1057], [23.14283, 78.09726], [23.10683, 78.08881], [23.07083, 78.06686], [23.05643, 78.03647], [23.07443, 78.00776], [23.12123, 77.98581], [23.36963, 77.9571], [23.39483, 77.94866], [23.47043, 77.91827], [23.56764, 77.898], [23.61084, 77.87436], [23.62884, 77.87099], [23.94204, 77.85241], [23.99604, 77.85917], [24.03564, 77.87943], [24.07164, 77.89463], [24.23724, 77.898], [24.25884, 77.90138], [24.28404, 77.90982], [24.30564, 77.91151], [24.32364, 77.90138], [24.33444, 77.89125], [24.34884, 77.88281], [24.38124, 77.87099], [24.40644, 77.86592], [24.42444, 77.82539], [24.33444, 77.79838], [24.24804, 77.75785], [24.23004, 77.71733], [24.15444, 77.68355], [24.09324, 77.64978], [24.07524, 77.64134], [24.06444, 77.63121], [24.04644, 77.62108]]], [[[20.67321, 78.19013], [20.64801, 78.1935], [20.62641, 78.20701], [20.67321, 78.21377], [20.68761, 78.21883], [20.66601, 78.21883], [20.66601, 78.22728], [20.71641, 78.23403], [20.71281, 78.2526], [20.73801, 78.26105], [20.76681, 78.26442], [20.79201, 78.27456], [20.78121, 78.27962], [20.76321, 78.29313], [20.74881, 78.2982], [20.72361, 78.30495], [20.468, 78.31508], [20.4824, 78.3269], [20.50761, 78.33703], [20.53641, 78.3421], [20.55801, 78.34379], [20.64801, 78.34041], [20.67321, 78.34717], [20.68401, 78.3573], [20.68041, 78.37081], [20.67321, 78.38263], [20.66241, 78.39107], [20.63721, 78.39951], [20.58321, 78.40458], [20.4572, 78.44004], [20.1548, 78.4755], [20.162, 78.48225], [20.1728, 78.49069], [20.1836, 78.49576], [20.52561, 78.52615], [20.87121, 78.55655], [20.95401, 78.54642], [21.01881, 78.54473], [21.08361, 78.55655], [21.12681, 78.58357], [21.12321, 78.58525], [21.11241, 78.58863], [21.10521, 78.59032], [21.10521, 78.59707], [21.17721, 78.6224], [21.30321, 78.62747], [21.42201, 78.61396], [21.47601, 78.58694], [21.49761, 78.56837], [21.55162, 78.57343], [21.64522, 78.59707], [21.67402, 78.60045], [21.79282, 78.59876], [21.80722, 78.59707], [21.81082, 78.59201], [21.81442, 78.58525], [21.81802, 78.58019], [21.82522, 78.57681], [21.84682, 78.5785], [21.86122, 78.58525], [21.87922, 78.58525], [21.91522, 78.56161], [21.94042, 78.55993], [21.98362, 78.56837], [22.04482, 78.5937], [22.06642, 78.59707], [22.08442, 78.59539], [22.09162, 78.58863], [22.09522, 78.58019], [22.09882, 78.56837], [22.13122, 78.52784], [22.15642, 78.51265], [22.20682, 78.5042], [22.22482, 78.49914], [22.23562, 78.48732], [22.23562, 78.47381], [22.23202, 78.46368], [22.20682, 78.44848], [22.19602, 78.43835], [22.20322, 78.42822], [22.21402, 78.42146], [22.22482, 78.41471], [22.22842, 78.4012], [22.22482, 78.38094], [22.22842, 78.37418], [22.24282, 78.36743], [22.24282, 78.35561], [22.23202, 78.33366], [22.22842, 78.30833], [22.24282, 78.28807], [22.23562, 78.28131], [22.27162, 78.2678], [21.86842, 78.24585], [21.46521, 78.22221], [21.06201, 78.20026], [21.01161, 78.20701], [21.01521, 78.21039], [21.02601, 78.21883], [20.79921, 78.22728], [20.76681, 78.22221], [20.73801, 78.21208], [20.73081, 78.2087], [20.72721, 78.20532], [20.72361, 78.19857], [20.69841, 78.1935], [20.67321, 78.19013]]], [[[26.71767, 78.63085], [26.69247, 78.64435], [26.69247, 78.64604], [26.69607, 78.6528], [26.69967, 78.65955], [26.69967, 78.66462], [26.68527, 78.66968], [26.63487, 78.67137], [26.46566, 78.71021], [26.45846, 78.73216], [26.44046, 78.74905], [26.39726, 78.77438], [26.44046, 78.80815], [26.49806, 78.8149], [26.61687, 78.80815], [26.63487, 78.79295], [26.64927, 78.78282], [26.74647, 78.74736], [26.77527, 78.7271], [26.83287, 78.7119], [27.02007, 78.69839], [26.96967, 78.68995], [26.94807, 78.67813], [26.95167, 78.65786], [26.90847, 78.64942], [26.77527, 78.64098], [26.74647, 78.63422], [26.73927, 78.62578], [26.71767, 78.63085]]], [[[28.92809, 78.89595], [28.88849, 78.90946], [28.87049, 78.91115], [28.61849, 78.89426], [28.37008, 78.87738], [28.10368, 78.82166], [28.08568, 78.82166], [27.84088, 78.84361], [27.85888, 78.85036], [28.03168, 78.874], [28.07128, 78.88751], [28.10728, 78.89426], [28.13608, 78.91453], [28.15048, 78.9179], [28.36288, 78.92128], [28.40248, 78.92972], [28.42768, 78.94492], [28.41688, 78.96687], [28.78769, 78.9635], [28.99289, 78.93141], [29.03609, 78.91115], [29.06489, 78.9044], [29.43929, 78.9044], [29.5833, 78.92128], [29.6661, 78.92128], [29.7057, 78.89764], [29.32769, 78.86387], [29.33129, 78.85374], [29.33489, 78.85036], [29.23769, 78.85374], [28.92809, 78.89595]]], [[[30.2205, 78.97363], [30.1845, 78.96687], [30.1377, 78.96856], [30.0909, 78.98207], [30.0693, 79.0074], [30.3105, 79.0074], [30.3177, 79.00571], [30.3249, 79.00233], [30.3357, 78.99389], [30.3105, 78.98545], [30.2745, 78.98038], [30.2061, 78.98038], [30.2205, 78.97363]]], [[[27.15687, 80.01041], [27.12087, 79.98846], [27.10287, 79.97495], [27.13527, 79.95469], [27.22527, 79.9243], [27.23967, 79.90572], [27.20727, 79.87364], [27.14967, 79.85506], [26.91927, 79.84324], [26.85807, 79.83142], [26.78967, 79.79596], [26.75727, 79.7909], [26.64927, 79.78752], [26.63127, 79.78077], [26.63487, 79.76895], [26.61327, 79.7605], [26.58807, 79.75544], [26.53407, 79.75544], [26.52687, 79.73518], [26.49446, 79.72336], [26.29646, 79.69634], [26.22086, 79.66932], [25.82486, 79.62542], [25.81046, 79.62035], [25.81046, 79.61022], [25.82486, 79.60178], [25.85366, 79.59334], [25.86446, 79.58658], [25.89326, 79.58152], [25.90766, 79.57307], [25.91486, 79.56463], [25.96526, 79.52579], [25.96886, 79.51566], [25.95806, 79.50722], [25.92926, 79.4954], [25.85366, 79.47851], [25.82486, 79.465], [25.84286, 79.45318], [25.82846, 79.44136], [25.80686, 79.4363], [25.78166, 79.43292], [25.64486, 79.39746], [25.41085, 79.37382], [25.36765, 79.36031], [25.18405, 79.33667], [24.97525, 79.33498], [24.96445, 79.33667], [24.96085, 79.34174], [24.95365, 79.35187], [24.95005, 79.35693], [24.94645, 79.362], [24.94645, 79.36538], [24.94645, 79.37044], [24.93565, 79.37551], [24.92125, 79.37889], [24.77005, 79.37044], [24.56125, 79.32485], [24.28764, 79.30965], [24.25884, 79.2877], [24.25884, 79.27926], [24.27324, 79.26406], [24.27324, 79.25393], [24.25884, 79.24042], [24.23724, 79.23029], [24.05364, 79.18808], [23.67564, 79.1999], [23.30123, 79.21172], [22.92683, 79.22354], [22.73603, 79.26744], [22.68203, 79.2877], [22.65323, 79.30628], [22.64603, 79.30965], [22.64243, 79.3181], [22.65323, 79.36369], [22.89443, 79.41941], [22.51283, 79.39408], [22.41562, 79.40928], [22.06282, 79.39071], [21.71002, 79.37213], [21.50122, 79.39746], [21.15921, 79.38733], [20.81721, 79.37889], [20.79201, 79.39239], [20.80641, 79.39408], [20.83881, 79.40253], [20.85321, 79.4059], [20.76321, 79.43292], [20.74881, 79.44981], [20.73081, 79.45825], [20.4644, 79.46331], [20.198, 79.46838], [20.0756, 79.49033], [20.018, 79.51228], [19.6868, 79.5545], [19.6616, 79.56801], [19.6472, 79.58827], [19.6328, 79.61191], [19.8164, 79.63555], [20.2088, 79.64568], [20.2268, 79.6423], [20.2772, 79.61698], [20.414, 79.59165], [20.78481, 79.57983], [21.15561, 79.5697], [21.12681, 79.58827], [20.64801, 79.62711], [20.4968, 79.6727], [20.4752, 79.68621], [20.93241, 79.69296], [21.39321, 79.69972], [21.85042, 79.70647], [21.86482, 79.71154], [21.86482, 79.71998], [21.85402, 79.72842], [21.83962, 79.73349], [21.89362, 79.75206], [22.28242, 79.77401], [22.34722, 79.78921], [22.28602, 79.8061], [22.21402, 79.8061], [21.80002, 79.76895], [21.80002, 79.7757], [21.80722, 79.7757], [21.83242, 79.78246], [21.73522, 79.78246], [21.76762, 79.80441], [21.85402, 79.80778], [21.88642, 79.82298], [21.45801, 79.81454], [21.02961, 79.80441], [20.60121, 79.79428], [20.1728, 79.78583], [19.9964, 79.74868], [19.8128, 79.74868], [19.7336, 79.72673], [19.48519, 79.71829], [19.41319, 79.73855], [19.39519, 79.74024], [19.30879, 79.74024], [19.24399, 79.72842], [18.95239, 79.73686], [18.78319, 79.72336], [18.74359, 79.72673], [18.74719, 79.73011], [18.76159, 79.74193], [18.73999, 79.74362], [18.71839, 79.747], [18.70759, 79.75544], [18.72199, 79.76895], [18.68239, 79.78752], [18.63559, 79.79428], [18.48078, 79.78583], [18.45918, 79.78921], [18.44838, 79.79596], [18.41958, 79.82298], [18.39798, 79.83142], [18.32238, 79.84156], [18.30798, 79.84831], [18.26838, 79.87533], [18.23238, 79.89052], [18.19278, 79.90066], [18.11358, 79.90572], [18.14598, 79.91585], [18.29358, 79.94456], [18.41238, 79.94625], [18.52039, 79.96313], [18.58519, 79.95469], [18.62479, 79.95638], [18.66079, 79.96482], [18.67879, 79.98002], [18.55639, 79.98002], [18.57799, 79.9834], [18.61759, 79.99691], [18.66799, 80.01041], [18.68599, 80.00873], [18.67879, 79.99522], [18.70759, 79.99184], [18.76519, 79.97495], [18.79039, 79.97495], [18.80479, 79.9834], [18.80839, 79.99353], [18.80119, 80.00197], [18.78319, 80.00873], [18.82279, 80.01886], [18.86239, 80.02392], [18.89839, 80.03405], [18.93439, 80.05601], [18.83719, 80.03068], [18.37638, 80.03912], [18.30798, 80.05938], [18.23598, 80.04925], [18.21438, 80.05263], [18.17478, 80.07289], [18.15318, 80.07627], [18.15318, 80.08302], [18.19998, 80.0712], [18.26118, 80.06614], [18.31878, 80.06951], [18.36558, 80.08302], [18.14958, 80.09653], [18.11358, 80.10835], [18.06678, 80.12861], [18.02358, 80.13875], [17.99478, 80.11848], [17.98398, 80.12017], [17.95878, 80.12693], [17.93358, 80.1303], [17.80038, 80.12861], [17.78238, 80.13875], [17.81838, 80.14043], [17.88678, 80.1607], [17.95158, 80.17083], [18.00918, 80.19109], [18.03798, 80.19278], [18.05958, 80.18265], [18.07038, 80.17927], [18.08838, 80.17927], [18.13878, 80.18603], [18.34038, 80.17927], [18.39438, 80.17252], [18.41238, 80.17421], [18.44118, 80.18265], [18.57079, 80.18434], [18.64639, 80.16576], [18.68239, 80.16239], [18.71119, 80.16576], [18.76879, 80.18603], [18.70039, 80.20798], [18.85519, 80.19785], [18.90919, 80.18771], [18.95959, 80.16239], [19.18279, 80.12017], [19.24399, 80.08978], [19.27279, 80.08471], [19.30159, 80.0864], [19.33039, 80.09147], [19.39159, 80.11342], [19.40599, 80.12186], [19.39879, 80.13199], [19.39879, 80.13875], [19.49239, 80.13875], [19.586, 80.15225], [19.5464, 80.17252], [19.48519, 80.17758], [19.37719, 80.17252], [19.27639, 80.18434], [19.22599, 80.19785], [19.19359, 80.22486], [19.15039, 80.23837], [19.13599, 80.24513], [19.12879, 80.25019], [19.11439, 80.25526], [19.10359, 80.25863], [19.09999, 80.2637], [19.09999, 80.26877], [19.09999, 80.27552], [19.09999, 80.28227], [19.09279, 80.29409], [19.08919, 80.30085], [19.08199, 80.30929], [19.06399, 80.31773], [18.99919, 80.33124], [18.98119, 80.34306], [18.99559, 80.34644], [19.02079, 80.35488], [19.03519, 80.35826], [19.28359, 80.33969], [19.33759, 80.32787], [19.6112, 80.22824], [19.6724, 80.21811], [19.8524, 80.22149], [19.8236, 80.23331], [19.7372, 80.23499], [19.7156, 80.2485], [19.73, 80.25695], [19.838, 80.28903], [19.8272, 80.29241], [19.8056, 80.30254], [19.8164, 80.30254], [19.8236, 80.30423], [19.838, 80.30929], [19.82, 80.31605], [19.7696, 80.3228], [19.7912, 80.32787], [19.82, 80.32787], [19.8416, 80.33124], [19.8596, 80.34306], [19.7912, 80.34475], [19.7696, 80.34982], [19.8092, 80.3532], [19.8776, 80.37346], [19.9136, 80.37852], [19.9136, 80.38528], [19.5284, 80.38866], [19.48879, 80.39372], [19.46719, 80.40892], [19.46359, 80.43594], [19.46359, 80.45282], [19.46719, 80.46464], [19.49959, 80.4714], [19.5428, 80.47308], [19.6184, 80.45958], [19.6616, 80.43931], [19.676, 80.43931], [19.6868, 80.44776], [19.6832, 80.45451], [19.6544, 80.46464], [19.6364, 80.48153], [19.64, 80.49672], [19.658, 80.50517], [19.802, 80.49335], [19.838, 80.48153], [19.8308, 80.47477], [20.0144, 80.4714], [20.036, 80.46802], [20.0216, 80.45113], [20.018, 80.44607], [20.0468, 80.43762], [20.0792, 80.43256], [20.0756, 80.42243], [20.072, 80.41905], [20.09, 80.41398], [20.0972, 80.4123], [20.0864, 80.40048], [20.0828, 80.38866], [20.0864, 80.3819], [20.1044, 80.37852], [20.1296, 80.38021], [20.1404, 80.38528], [20.162, 80.40554], [20.1908, 80.42074], [20.234, 80.42749], [20.3888, 80.42412], [20.4248, 80.41398], [20.4284, 80.39203], [20.486, 80.37177], [20.54361, 80.35826], [20.53641, 80.34306], [20.52921, 80.33631], [20.52201, 80.32955], [20.55801, 80.31267], [20.59041, 80.30254], [20.62641, 80.29916], [20.79921, 80.31605], [20.83881, 80.30929], [20.82081, 80.30254], [20.77401, 80.29072], [20.75601, 80.28227], [20.74881, 80.26877], [20.75601, 80.26032], [20.78481, 80.2485], [20.81361, 80.22655], [20.82441, 80.22149], [20.85321, 80.21473], [20.88201, 80.21135], [21.19161, 80.23331], [21.28161, 80.25863], [21.32481, 80.26201], [21.31761, 80.25695], [21.31041, 80.25357], [21.30321, 80.24681], [21.29961, 80.24175], [21.31041, 80.23837], [21.31761, 80.23499], [21.33201, 80.22149], [21.31761, 80.22149], [21.31761, 80.21304], [21.34641, 80.21473], [21.36801, 80.21811], [21.39321, 80.22486], [21.41481, 80.23499], [21.41841, 80.24006], [21.41841, 80.24681], [21.41841, 80.25188], [21.43281, 80.25357], [21.44361, 80.25526], [21.45441, 80.25695], [21.46521, 80.26032], [21.47601, 80.26539], [21.53002, 80.27383], [21.64882, 80.23837], [21.70282, 80.24175], [21.66682, 80.25357], [21.65602, 80.25357], [21.67762, 80.27552], [21.72442, 80.28059], [21.84682, 80.27214], [21.86482, 80.26201], [21.89722, 80.22486], [21.89722, 80.21304], [21.87922, 80.20629], [21.83962, 80.19953], [21.77482, 80.18265], [21.71722, 80.17421], [21.59842, 80.12524], [21.62362, 80.11511], [21.64882, 80.11679], [21.76402, 80.14719], [21.82522, 80.15225], [21.85402, 80.14719], [21.90442, 80.1303], [22.06642, 80.11173], [22.05922, 80.10329], [22.08082, 80.09484], [22.12042, 80.08302], [22.15642, 80.06107], [22.19602, 80.05094], [22.21762, 80.0425], [22.20682, 80.03574], [22.17442, 80.02223], [22.22482, 80.00873], [22.20322, 79.99184], [22.19602, 79.98846], [22.23562, 79.98171], [22.28242, 79.9834], [22.32922, 79.99184], [22.36882, 80.00873], [22.34362, 80.02392], [22.31842, 80.03574], [22.36522, 80.04419], [22.43722, 80.01041], [22.47682, 80.01548], [22.43722, 80.03912], [22.42282, 80.04419], [22.37962, 80.04925], [22.35802, 80.05601], [22.34722, 80.06951], [22.44802, 80.06614], [22.46242, 80.06951], [22.44802, 80.08133], [22.37242, 80.11173], [22.39042, 80.12524], [22.40842, 80.1455], [22.40842, 80.15057], [22.40122, 80.1607], [22.40122, 80.16576], [22.40842, 80.17083], [22.43722, 80.18603], [22.45522, 80.2046], [22.46602, 80.22149], [22.46242, 80.24006], [22.44802, 80.26201], [22.47682, 80.27552], [22.54883, 80.28396], [22.57763, 80.29916], [22.56323, 80.31098], [22.37962, 80.338], [22.37242, 80.33969], [22.34002, 80.35488], [22.33282, 80.36502], [22.33642, 80.38359], [22.35802, 80.40216], [22.37962, 80.41567], [22.38682, 80.42749], [22.45882, 80.441], [22.68203, 80.42749], [22.68203, 80.41905], [22.66763, 80.40385], [22.63523, 80.37177], [22.61363, 80.35826], [22.63523, 80.34137], [22.67483, 80.33293], [22.75043, 80.32955], [22.73603, 80.33631], [22.71803, 80.34137], [22.70723, 80.34813], [22.69643, 80.35826], [22.71443, 80.35995], [22.77203, 80.37684], [22.79363, 80.37852], [22.80083, 80.3819], [22.80443, 80.38866], [22.80803, 80.3971], [22.81523, 80.40385], [22.82243, 80.40892], [22.83323, 80.4123], [22.82603, 80.41567], [22.81163, 80.42749], [22.82963, 80.43425], [22.81163, 80.44438], [22.79003, 80.45958], [22.80443, 80.48153], [22.79363, 80.48322], [22.77563, 80.48828], [22.75763, 80.49504], [22.75043, 80.50517], [22.76123, 80.51361], [22.78283, 80.51699], [22.82603, 80.5153], [22.97723, 80.47477], [23.26883, 80.45451], [23.35883, 80.43256], [23.34443, 80.42749], [23.32283, 80.42243], [23.28683, 80.41905], [23.30123, 80.41398], [23.30843, 80.4123], [23.31923, 80.4123], [23.29403, 80.40554], [23.18963, 80.40385], [23.14283, 80.39372], [23.12123, 80.39203], [23.14283, 80.3819], [23.16803, 80.37684], [23.21843, 80.37852], [23.21483, 80.37008], [23.20763, 80.36333], [23.20043, 80.35995], [23.18963, 80.35826], [23.21123, 80.35826], [23.27243, 80.34982], [23.31563, 80.35151], [23.33723, 80.34813], [23.35523, 80.338], [23.29403, 80.32787], [23.29403, 80.3228], [23.29763, 80.31605], [23.29763, 80.30929], [23.29763, 80.30423], [23.30483, 80.29578], [23.30483, 80.28903], [23.29763, 80.28059], [23.27963, 80.27721], [23.26163, 80.27552], [23.22563, 80.2637], [23.08523, 80.25526], [23.05643, 80.2485], [23.02403, 80.19278], [23.00603, 80.16914], [23.00603, 80.16239], [23.01683, 80.15225], [23.06003, 80.13199], [23.12123, 80.11679], [23.18603, 80.11342], [23.22923, 80.12524], [23.19323, 80.13199], [23.17163, 80.14043], [23.14283, 80.15563], [23.10323, 80.16239], [23.08523, 80.17252], [23.24363, 80.16576], [23.23283, 80.17589], [23.22563, 80.17758], [23.21843, 80.17927], [23.22563, 80.19109], [23.24003, 80.19447], [23.27603, 80.19278], [23.29763, 80.19447], [23.30843, 80.19278], [23.31563, 80.1894], [23.31923, 80.18603], [23.31923, 80.17589], [23.31923, 80.17252], [23.34443, 80.15563], [23.36963, 80.14381], [23.39843, 80.14212], [23.43083, 80.15901], [23.39483, 80.18265], [23.38763, 80.1894], [23.39843, 80.2046], [23.42363, 80.21135], [23.47043, 80.21304], [23.45603, 80.20798], [23.46683, 80.20798], [23.48123, 80.20629], [23.49203, 80.20291], [23.49923, 80.19278], [23.49563, 80.18434], [23.48483, 80.17927], [23.46323, 80.17252], [23.47043, 80.16914], [23.49203, 80.15901], [23.50284, 80.15732], [23.53884, 80.15901], [23.53884, 80.15394], [23.53524, 80.14212], [23.53164, 80.13875], [23.56764, 80.13368], [23.60004, 80.14212], [23.66124, 80.17252], [23.80524, 80.18434], [23.83404, 80.19953], [23.77284, 80.20798], [23.75844, 80.20967], [23.75124, 80.21811], [23.74044, 80.22655], [23.72964, 80.23499], [23.74764, 80.23837], [23.77644, 80.24344], [23.79444, 80.2485], [23.73684, 80.25526], [23.71524, 80.26201], [23.72604, 80.26877], [23.73684, 80.27383], [23.74764, 80.27552], [23.75844, 80.27552], [23.75124, 80.28734], [23.74404, 80.29241], [23.73684, 80.29578], [23.76564, 80.30929], [23.79804, 80.30423], [23.86644, 80.28227], [23.96004, 80.28227], [23.97804, 80.2789], [23.99604, 80.27383], [24.01404, 80.27045], [24.03204, 80.27552], [23.92764, 80.29747], [23.89524, 80.30929], [24.07884, 80.30254], [24.19044, 80.27552], [24.22284, 80.28227], [24.20844, 80.29241], [24.20484, 80.29578], [24.33444, 80.28565], [24.37404, 80.29578], [24.35964, 80.30254], [24.34164, 80.3076], [24.32364, 80.31098], [24.30564, 80.30929], [24.30564, 80.31773], [24.38124, 80.31605], [24.40284, 80.3228], [24.37764, 80.33293], [24.21204, 80.33462], [24.14724, 80.34982], [24.18684, 80.37177], [24.25884, 80.37515], [24.48204, 80.35488], [24.51085, 80.34813], [24.60085, 80.31773], [24.57205, 80.31773], [24.53245, 80.31436], [24.50005, 80.30591], [24.47124, 80.29578], [24.47484, 80.29241], [24.48564, 80.28565], [24.49284, 80.28227], [24.48564, 80.2789], [24.47124, 80.27214], [24.46404, 80.26877], [24.48924, 80.26201], [24.52165, 80.25526], [24.55405, 80.25526], [24.57565, 80.26539], [24.60085, 80.2789], [24.72685, 80.29409], [24.73765, 80.29747], [24.74845, 80.30591], [24.75205, 80.31267], [24.75205, 80.32111], [24.75565, 80.32787], [24.78445, 80.33631], [24.80605, 80.34982], [24.83125, 80.35657], [24.87085, 80.33462], [24.88885, 80.3228], [24.87805, 80.31436], [24.86725, 80.30929], [24.85285, 80.30423], [24.84205, 80.30254], [24.84925, 80.28565], [24.83125, 80.27214], [24.78085, 80.2485], [24.81685, 80.25526], [24.89245, 80.26201], [25.04725, 80.25357], [25.11565, 80.26877], [25.35685, 80.28227], [25.32445, 80.26877], [25.22365, 80.25357], [25.27045, 80.23331], [25.31725, 80.22655], [25.45405, 80.23162], [25.51526, 80.24175], [25.54766, 80.24175], [25.56566, 80.23668], [25.58726, 80.22824], [25.60526, 80.21642], [25.61606, 80.19953], [25.69886, 80.22317], [25.74566, 80.22486], [25.78166, 80.21304], [25.76366, 80.19953], [25.70606, 80.17252], [25.84646, 80.17252], [25.94006, 80.18603], [26.37206, 80.17927], [26.80767, 80.17421], [26.90487, 80.15225], [27.00567, 80.11511], [27.04167, 80.11173], [27.19287, 80.11004], [27.23967, 80.09653], [27.17127, 80.07289], [27.16407, 80.06614], [27.14967, 80.04925], [27.13527, 80.0425], [27.14607, 80.03743], [27.15327, 80.03237], [27.16047, 80.03068], [27.17127, 80.02899], [27.15687, 80.01041]]], [[[32.42372, 80.11342], [32.01692, 80.09315], [31.61012, 80.07289], [31.49491, 80.09653], [31.47691, 80.10329], [31.48051, 80.11004], [31.49491, 80.11511], [31.97732, 80.1455], [32.45972, 80.17589], [32.93853, 80.20629], [32.99613, 80.21811], [33.02133, 80.22149], [33.07533, 80.2198], [33.09693, 80.22824], [33.29853, 80.2485], [33.64054, 80.22149], [33.59734, 80.20291], [33.54334, 80.19447], [33.28773, 80.18265], [33.03213, 80.17083], [32.83053, 80.13368], [32.42372, 80.11342]]], [[[24.16884, 80.38359], [24.12924, 80.40554], [24.14364, 80.40892], [24.15444, 80.41905], [24.16164, 80.43425], [24.16884, 80.44607], [24.19404, 80.45789], [24.21924, 80.45958], [24.24444, 80.45451], [24.26604, 80.44607], [24.29124, 80.43087], [24.36324, 80.40723], [24.38124, 80.39203], [24.16884, 80.38359]]], [[[24.06084, 80.50854], [24.11484, 80.51192], [24.17604, 80.51192], [24.23364, 80.50348], [24.29124, 80.48828], [24.25884, 80.47308], [24.21564, 80.46971], [24.01044, 80.48322], [23.97804, 80.49504], [23.99604, 80.50179], [24.01764, 80.50686], [24.03924, 80.50854], [24.06084, 80.50854]]], [[[20.77761, 80.64194], [20.76321, 80.63856], [20.74881, 80.63856], [20.75241, 80.63519], [20.75601, 80.62506], [20.72361, 80.62843], [20.66601, 80.64194], [20.52921, 80.65883], [20.4968, 80.65883], [20.51841, 80.66558], [20.79201, 80.65883], [20.78481, 80.6487], [20.77761, 80.64194]]], [[[21.33201, 80.70273], [21.33201, 80.70104], [21.32841, 80.70104], [21.32481, 80.69935], [21.33561, 80.69766], [21.34641, 80.6926], [21.35721, 80.68753], [21.36801, 80.68078], [21.17361, 80.65883], [21.13761, 80.65545], [21.09081, 80.65714], [21.04401, 80.66727], [21.02601, 80.69429], [21.06201, 80.6926], [21.21321, 80.71117], [21.33201, 80.7078], [21.33201, 80.70273]]], [[[20.83881, 80.72299], [20.97201, 80.7213], [21.00441, 80.71455], [20.99361, 80.70273], [20.97921, 80.69766], [20.89641, 80.69429], [20.88921, 80.6926], [20.87481, 80.68247], [20.86761, 80.68078], [20.82081, 80.68078], [20.81361, 80.68247], [20.81001, 80.68584], [20.81001, 80.69091], [20.80641, 80.69429], [20.80281, 80.69766], [20.80641, 80.70104], [20.80641, 80.70611], [20.79921, 80.7078], [20.77761, 80.7078], [20.75601, 80.71286], [20.73801, 80.71286], [20.69481, 80.70611], [20.67321, 80.7078], [20.66241, 80.71286], [20.64801, 80.72806], [20.63361, 80.73481], [20.56161, 80.73988], [20.52921, 80.74663], [20.51841, 80.77027], [20.62281, 80.77027], [20.65521, 80.76183], [20.69481, 80.74494], [20.72001, 80.73819], [20.83881, 80.72299]]]]}}, {"type": "Feature", "properties": {"part": "jan_mayen", "name_zh": "揚馬延島", "name_en": "Jan Mayen", "iso_n3": "578", "n_polygons": 1, "area_km2": 458.0, "bbox": [-9.1171, 70.806, -7.9399, 71.1808]}, "geometry": {"type": "MultiPolygon", "coordinates": [[[[-7.98668, 71.06264], [-7.98308, 71.04576], [-8.00468, 71.03225], [-8.40068, 70.96302], [-8.42588, 70.96471], [-8.47268, 70.97484], [-8.49788, 70.97653], [-8.62029, 70.95795], [-8.65989, 70.94444], [-8.69589, 70.93769], [-8.86149, 70.86339], [-8.87589, 70.85833], [-8.91189, 70.85157], [-8.92989, 70.8465], [-8.93709, 70.83975], [-8.95509, 70.82455], [-8.96229, 70.8178], [-8.98749, 70.81104], [-9.01989, 70.80598], [-9.05589, 70.80767], [-9.08109, 70.81273], [-9.07389, 70.81949], [-9.07029, 70.82793], [-9.06669, 70.833], [-9.10989, 70.8617], [-9.11709, 70.87521], [-9.08829, 70.88028], [-9.05949, 70.88028], [-9.04509, 70.88197], [-9.03069, 70.88703], [-8.99469, 70.90561], [-8.96589, 70.91067], [-8.95509, 70.91574], [-8.94429, 70.92249], [-8.93709, 70.92756], [-8.91549, 70.93262], [-8.83269, 70.93769], [-8.78949, 70.94613], [-8.74629, 70.96302], [-8.73909, 70.96639], [-8.73549, 70.96977], [-8.73189, 70.97484], [-8.73189, 70.97653], [-8.69229, 70.98666], [-8.57349, 70.99679], [-8.56629, 71.00017], [-8.56269, 71.00523], [-8.55909, 71.00861], [-8.54829, 71.0103], [-8.52669, 71.01199], [-8.51589, 71.01367], [-8.50869, 71.02043], [-8.47628, 71.05251], [-8.46908, 71.05758], [-8.45108, 71.06602], [-8.44388, 71.07277], [-8.39708, 71.1133], [-8.37548, 71.12681], [-8.32508, 71.14707], [-8.18828, 71.15383], [-8.17388, 71.1572], [-8.15228, 71.1724], [-8.14868, 71.17409], [-8.12348, 71.17747], [-8.04428, 71.17409], [-8.00468, 71.18084], [-7.98308, 71.18084], [-7.96148, 71.17409], [-7.93988, 71.1572], [-7.93988, 71.13694], [-7.95788, 71.12005], [-7.98668, 71.1133], [-8.00828, 71.10486], [-8.00468, 71.08628], [-7.98668, 71.06264]]]]}}, {"type": "Feature", "properties": {"part": "bouvet", "name_zh": "布威島", "name_en": "Bouvetøya", "iso_n3": "578", "n_polygons": 1, "area_km2": 55.0, "bbox": [3.3462, -54.4628, 3.4866, -54.3801]}, "geometry": {"type": "MultiPolygon", "coordinates": [[[[3.44343, -54.44762], [3.38223, -54.44931], [3.36423, -54.46281], [3.36063, -54.45775], [3.35703, -54.45775], [3.35343, -54.45606], [3.34983, -54.45606], [3.34623, -54.41891], [3.37863, -54.39189], [3.42183, -54.38007], [3.45783, -54.39021], [3.47943, -54.39696], [3.48663, -54.40203], [3.48303, -54.41047], [3.47943, -54.41891], [3.47223, -54.4358], [3.46863, -54.44086], [3.44343, -54.44762]]]]}}]}