{"type": "FeatureCollection", "properties": {"source": "Natural Earth 1:10m Admin-0 countries v4.1.0 via world-atlas@2 (countries-10m.json), public domain", "crs": "EPSG:4326 (lon, lat degrees)"}, "features": [{"type": "Feature", "properties": {"part": "mainland", "level": "simplified 1.5 km, islands >= 15 km2", "n_polygons": 92, "n_vertices": 3073}, "geometry": {"type": "MultiPolygon", "coordinates": [[[[5.58546, 59.12778], [5.74026, 59.1244], [5.77626, 59.0805], [5.75106, 59.07206], [5.58546, 59.12778]]], [[[5.43425, 59.16662], [5.37665, 59.20714], [5.40545, 59.2426], [5.46665, 59.20376], [5.43425, 59.16662]]], [[[5.93106, 59.26962], [5.98866, 59.29157], [6.10026, 59.27637], [6.05706, 59.24091], [5.95986, 59.2274], [5.93106, 59.26962]]], [[[5.26145, 59.15142], [5.20745, 59.14298], [5.16785, 59.19532], [5.16425, 59.273], [5.17865, 59.29157], [5.22905, 59.28482], [5.17505, 59.33379], [5.20745, 59.41653], [5.31905, 59.25611], [5.26145, 59.15142]]], [[[5.27945, 59.69176], [5.31185, 59.70358], [5.29025, 59.74918], [5.26145, 59.73398], [5.22185, 59.75593], [5.15345, 59.66981], [5.16065, 59.65461], [5.20745, 59.68332], [5.20025, 59.61409], [5.15345, 59.59214], [5.11025, 59.65293], [5.18945, 59.75931], [5.11745, 59.77957], [5.08865, 59.76268], [5.07065, 59.78295], [5.09945, 59.82685], [5.14625, 59.82685], [5.10305, 59.86906], [5.12825, 59.87582], [5.31905, 59.75255], [5.34425, 59.71034], [5.27945, 59.69176]]], [[[5.35865, 59.77282], [5.40185, 59.78801], [5.32625, 59.78295], [5.25785, 59.87413], [5.27585, 59.96025], [5.31545, 59.97882], [5.41985, 59.9383], [5.49185, 59.85218], [5.48105, 59.78801], [5.42345, 59.75931], [5.35865, 59.77282]]], [[[5.64666, 60.08014], [5.63946, 59.91634], [5.57106, 59.9231], [5.50986, 59.89946], [5.47745, 59.96362], [5.40905, 59.95687], [5.36225, 59.99571], [5.44865, 60.00584], [5.46305, 60.05312], [5.64666, 60.08014]]], [[[5.26865, 59.99402], [5.17145, 60.04974], [5.20385, 60.08858], [5.22545, 60.04299], [5.24705, 60.05143], [5.20385, 60.11729], [5.29025, 60.07507], [5.26865, 59.99402]]], [[[5.02385, 60.24562], [4.99145, 60.22535], [4.93745, 60.27432], [4.94105, 60.29121], [5.02385, 60.28614], [5.03825, 60.31316], [4.96985, 60.33342], [4.96985, 60.44318], [5.09225, 60.31991], [5.09945, 60.29796], [5.04905, 60.28614], [5.09945, 60.25068], [5.10305, 60.19158], [5.05625, 60.19327], [5.02385, 60.24562]]], [[[5.14985, 60.50059], [5.19305, 60.41954], [5.12465, 60.40265], [5.13185, 60.44318], [5.06345, 60.46513], [5.04545, 60.50566], [4.99145, 60.50566], [4.95905, 60.55969], [5.02745, 60.52254], [5.14985, 60.50059]]], [[[5.68266, 60.48202], [5.61066, 60.44318], [5.50266, 60.43643], [5.32265, 60.54618], [5.57106, 60.62555], [5.63586, 60.69309], [5.68626, 60.6762], [5.68626, 60.59515], [5.68266, 60.48202]]], [[[4.80065, 60.58671], [4.77905, 60.59853], [4.80065, 60.66776], [4.85105, 60.61373], [4.80065, 60.58671]]], [[[4.92665, 60.85519], [4.82585, 60.92105], [4.78265, 60.91767], [4.79345, 60.93962], [4.88345, 60.92949], [4.92665, 60.85519]]], [[[4.71785, 60.99028], [4.64225, 61.05782], [4.68905, 61.08315], [4.73945, 61.02743], [4.71785, 60.99028]]], [[[4.89425, 61.05613], [4.85825, 61.10173], [4.80425, 61.046], [4.78985, 61.14563], [4.82945, 61.16251], [4.86185, 61.12199], [4.86185, 61.20304], [4.89425, 61.13719], [4.93385, 61.19291], [4.98785, 61.1203], [4.89425, 61.05613]]], [[[4.86905, 61.71468], [4.90505, 61.67584], [4.90145, 61.6522], [4.83305, 61.68091], [4.86905, 61.71468]]], [[[5.11745, 61.82106], [5.12465, 61.85652], [5.05265, 61.80924], [4.91585, 61.78053], [4.86905, 61.81262], [4.92665, 61.82781], [4.80425, 61.84132], [4.90865, 61.89873], [5.22185, 61.84808], [5.11745, 61.82106]]], [[[5.11385, 61.93757], [5.02025, 61.93926], [5.05265, 61.97303], [4.98425, 62.03382], [5.08145, 62.0068], [5.13185, 62.02031], [5.11385, 61.93757]]], [[[5.80146, 62.27698], [5.77986, 62.20774], [5.70066, 62.19086], [5.54586, 62.19255], [5.50266, 62.22632], [5.60706, 62.22632], [5.51706, 62.2432], [5.56386, 62.29217], [5.69706, 62.3023], [5.80146, 62.27698]]], [[[6.06786, 62.34283], [5.87346, 62.25502], [5.81226, 62.24489], [5.85186, 62.28035], [5.80506, 62.36309], [5.86266, 62.41544], [5.94546, 62.42726], [6.06786, 62.34283]]], [[[5.60346, 62.32932], [5.74026, 62.3614], [5.72946, 62.32594], [5.60346, 62.32932]]], [[[6.33426, 62.41037], [6.08946, 62.40193], [6.02466, 62.43739], [6.20106, 62.44414], [6.33426, 62.41037]]], [[[6.66907, 62.66028], [6.64747, 62.68392], [6.70147, 62.73627], [6.90307, 62.73289], [6.91387, 62.69743], [6.66907, 62.66028]]], [[[6.94267, 62.82576], [6.88507, 62.77511], [6.78427, 62.80719], [6.79147, 62.85785], [6.83107, 62.84096], [6.92467, 62.85616], [6.94267, 62.82576]]], [[[7.70588, 63.00644], [7.50788, 62.94227], [7.36747, 62.99631], [7.43587, 63.01995], [7.39987, 63.06048], [7.48987, 63.06723], [7.56548, 63.01995], [7.58348, 63.1162], [7.61948, 63.11789], [7.70588, 63.00644]]], [[[7.78868, 63.01995], [7.68068, 63.05541], [7.71308, 63.08918], [7.88588, 63.09931], [7.90028, 63.06216], [7.78868, 63.01995]]], [[[8.01908, 63.13815], [7.92908, 63.17868], [8.11268, 63.23946], [8.18828, 63.15672], [8.01908, 63.13815]]], [[[7.77788, 63.4117], [8.06948, 63.47249], [8.18108, 63.38975], [8.08748, 63.32896], [7.97588, 63.31545], [7.91468, 63.34247], [7.99748, 63.34247], [7.80668, 63.37117], [7.77788, 63.4117]]], [[[11.08271, 59.07712], [11.01791, 59.01971], [10.99271, 59.03322], [11.00351, 59.08725], [11.08271, 59.07712]]], [[[10.88471, 59.07206], [10.83431, 59.10414], [10.90991, 59.11596], [10.88471, 59.07206]]], [[[8.20988, 63.16179], [8.20988, 63.22764], [8.32508, 63.17192], [8.20988, 63.16179]]], [[[8.26388, 63.23271], [8.28908, 63.27661], [8.35388, 63.26648], [8.39708, 63.22764], [8.42948, 63.28843], [8.56629, 63.17868], [8.37548, 63.16517], [8.26388, 63.23271]]], [[[8.85789, 63.48769], [8.40788, 63.43196], [8.27828, 63.46573], [8.41508, 63.55861], [8.72469, 63.56705], [8.58429, 63.58731], [8.56629, 63.61264], [8.78949, 63.63966], [8.84709, 63.61602], [8.86869, 63.64641], [8.95149, 63.65823], [8.98749, 63.59238], [9.08109, 63.60589], [9.17469, 63.56705], [9.10629, 63.53328], [8.85789, 63.48769]]], [[[9.01269, 63.62615], [9.05949, 63.66161], [9.17109, 63.64135], [9.07749, 63.61264], [9.01269, 63.62615]]], [[[8.72829, 63.77981], [8.67429, 63.76799], [8.73549, 63.80851], [8.80389, 63.81527], [8.82549, 63.71902], [8.79309, 63.69876], [8.47628, 63.66499], [8.52669, 63.692], [8.33588, 63.66836], [8.27108, 63.68525], [8.51949, 63.71902], [8.72829, 63.77981]]], [[[9.8551, 64.00946], [9.8443, 64.0331], [9.8875, 64.04829], [9.9451, 64.01114], [9.8551, 64.00946]]], [[[11.41751, 64.47213], [11.28431, 64.51265], [11.17991, 64.50759], [11.12951, 64.55655], [11.22311, 64.57006], [11.19071, 64.59539], [11.04311, 64.60046], [11.06831, 64.65111], [11.23031, 64.61059], [11.31311, 64.53967], [11.42471, 64.53967], [11.41751, 64.47213]]], [[[11.43191, 64.54305], [11.34551, 64.57344], [11.36711, 64.63423], [11.48231, 64.56331], [11.43191, 64.54305]]], [[[11.32031, 64.60383], [11.24471, 64.63929], [11.17271, 64.63761], [11.17271, 64.66969], [11.31671, 64.68995], [11.35631, 64.668], [11.32031, 64.60383]]], [[[10.82711, 64.85712], [11.10071, 64.95337], [11.26631, 64.89934], [11.13311, 64.83855], [11.04671, 64.85037], [11.08991, 64.90102], [10.82711, 64.85712]]], [[[10.75151, 64.9044], [11.03231, 64.98883], [11.11511, 64.97363], [10.73711, 64.85037], [10.75151, 64.9044]]], [[[11.77752, 65.11885], [11.65872, 65.04286], [11.65872, 65.06482], [11.57952, 65.04286], [11.51832, 65.05468], [11.57952, 65.11041], [11.77752, 65.11885]]], [[[12.15552, 65.05468], [11.97912, 65.08339], [12.04752, 65.08508], [12.04392, 65.10703], [12.12312, 65.13067], [12.09432, 65.17795], [12.19152, 65.21341], [12.27072, 65.16444], [12.22392, 65.12392], [12.31032, 65.11041], [12.15552, 65.05468]]], [[[12.50833, 65.39747], [12.33552, 65.33161], [12.20952, 65.32486], [12.24912, 65.28095], [12.05472, 65.22017], [12.10872, 65.34343], [12.14112, 65.36369], [12.18072, 65.35019], [12.20952, 65.3772], [12.15912, 65.39578], [12.32832, 65.4667], [12.31392, 65.4954], [12.19872, 65.47345], [12.27432, 65.58152], [12.50833, 65.39747]]], [[[11.92512, 65.59672], [11.75952, 65.61867], [11.82432, 65.69297], [11.92512, 65.70816], [12.00432, 65.68959], [11.92512, 65.59672]]], [[[12.90433, 66.01549], [12.46512, 65.87364], [12.42912, 65.87027], [12.47952, 65.89897], [12.36792, 65.89222], [12.47232, 65.98171], [12.60193, 66.02224], [12.64873, 66.01549], [12.61633, 65.97496], [12.79993, 66.02562], [12.90433, 66.01549]]], [[[12.42192, 66.07965], [12.34272, 66.07627], [12.57313, 66.15901], [12.50473, 66.1759], [12.42912, 66.16577], [12.56233, 66.22149], [12.61273, 66.15733], [12.54793, 66.132], [12.62353, 66.132], [12.58753, 66.11173], [12.64513, 66.11342], [12.64873, 66.09485], [12.29592, 66.01549], [12.42192, 66.07965]]], [[[12.81073, 66.22318], [12.69913, 66.24344], [12.79993, 66.31268], [12.88633, 66.25695], [12.81073, 66.22318]]], [[[12.90793, 66.39879], [12.90073, 66.41568], [12.90073, 66.35489], [12.79993, 66.38528], [12.85033, 66.40892], [12.81793, 66.4427], [12.89713, 66.4562], [12.91873, 66.43088], [12.96193, 66.45958], [12.90793, 66.39879]]], [[[14.24714, 67.17385], [14.15714, 67.00161], [14.09954, 67.0624], [13.99154, 67.08435], [14.06714, 67.13501], [14.17154, 67.11137], [14.24714, 67.17385]]], [[[14.25434, 67.3731], [14.22914, 67.38492], [14.30834, 67.42376], [14.40194, 67.43727], [14.39114, 67.39843], [14.25434, 67.3731]]], [[[13.15633, 68.08568], [13.05193, 68.01645], [13.10953, 68.02827], [13.12393, 67.94384], [13.04113, 67.94046], [12.97633, 67.96917], [12.96193, 67.94046], [13.04833, 67.91513], [13.01593, 67.88136], [12.78553, 67.81044], [12.97993, 68.03671], [13.06273, 68.07048], [13.05553, 68.10426], [13.15633, 68.08568]]], [[[13.43713, 68.12621], [13.35793, 68.01138], [13.32193, 68.02996], [13.23913, 67.98606], [13.21393, 68.03671], [13.17433, 68.0097], [13.16713, 68.05022], [13.23913, 68.09244], [13.32913, 68.06373], [13.29673, 68.15154], [13.43713, 68.12621]]], [[[14.03474, 68.18024], [13.77554, 68.15998], [13.84754, 68.12114], [13.77554, 68.10257], [13.72154, 68.12283], [13.69994, 68.07048], [13.64234, 68.07048], [13.59554, 68.12114], [13.52714, 68.04347], [13.45513, 68.07048], [13.58834, 68.15998], [13.48033, 68.13296], [13.52714, 68.17349], [13.48033, 68.187], [13.61714, 68.22583], [13.49833, 68.24272], [13.63514, 68.29506], [13.78994, 68.26805], [13.87274, 68.32546], [13.98434, 68.33728], [13.96634, 68.26974], [13.99514, 68.25792], [14.08874, 68.28324], [14.15714, 68.25454], [14.03474, 68.18024]]], [[[14.14634, 68.29506], [14.05994, 68.29675], [14.06714, 68.33221], [14.23994, 68.31364], [14.24354, 68.25623], [14.16434, 68.26298], [14.14634, 68.29506]]], [[[14.73675, 68.25454], [14.77635, 68.31702], [14.73315, 68.33728], [14.61435, 68.22414], [14.19674, 68.15322], [14.19674, 68.2005], [14.35514, 68.24272], [14.25434, 68.24947], [14.32994, 68.26298], [14.30474, 68.31195], [14.35874, 68.32039], [14.42354, 68.28324], [14.44154, 68.3187], [14.49554, 68.30688], [14.38394, 68.37274], [14.49194, 68.38625], [14.58915, 68.3643], [14.54235, 68.40651], [14.65395, 68.42846], [14.70795, 68.37781], [14.76195, 68.43353], [14.82675, 68.39469], [14.75475, 68.35079], [14.86995, 68.37949], [14.89875, 68.43353], [15.17235, 68.45379], [15.03555, 68.3643], [15.01395, 68.37949], [14.94555, 68.35079], [14.97795, 68.33728], [14.73675, 68.25454]]], [[[19.964, 68.5416], [20.2448, 68.47743], [19.9316, 68.35079], [19.03879, 68.50614], [18.64279, 68.50107], [18.43758, 68.57368], [18.17118, 68.53653], [18.13518, 68.39638], [18.18918, 68.19882], [17.92278, 67.97255], [17.32157, 68.10594], [17.22077, 68.04009], [16.78157, 67.89656], [16.58717, 67.62639], [16.42876, 67.53352], [16.19836, 67.50819], [16.12636, 67.42207], [16.43956, 67.20087], [16.41436, 67.05227], [16.03996, 66.88679], [15.66916, 66.59973], [15.42795, 66.49166], [15.48195, 66.27553], [15.05355, 66.15395], [14.53875, 66.12524], [14.65035, 65.80272], [14.56035, 65.70141], [14.51355, 65.3181], [14.38034, 65.24043], [14.31194, 65.08339], [13.64234, 64.58357], [14.09594, 64.46537], [14.14634, 64.16818], [13.96274, 64.00946], [13.23553, 64.09051], [12.98353, 64.05842], [12.68113, 63.95711], [12.29232, 63.65654], [12.16992, 63.59744], [12.22032, 63.47418], [11.99352, 63.28843], [12.22392, 63.00137], [12.09432, 62.90681], [12.15552, 62.71094], [12.09072, 62.58598], [12.31392, 62.28542], [12.16272, 61.72481], [12.41472, 61.58297], [12.61273, 61.54751], [12.88993, 61.34995], [12.70273, 61.046], [12.51193, 61.04938], [12.25272, 61.0021], [12.34992, 60.79272], [12.59473, 60.5141], [12.60553, 60.41954], [12.49032, 60.31147], [12.52633, 60.16119], [12.48312, 60.08182], [12.14472, 59.89777], [11.94312, 59.90284], [11.84952, 59.87244], [11.84232, 59.83867], [11.90352, 59.78464], [11.89272, 59.70527], [11.67672, 59.60733], [11.80992, 59.24936], [11.66592, 58.92008], [11.54712, 58.88462], [11.45351, 58.89644], [11.37071, 59.10076], [11.18351, 59.11596], [11.17631, 59.19701], [11.13671, 59.1835], [11.13671, 59.14298], [11.08631, 59.17506], [11.10071, 59.13453], [11.03231, 59.12778], [10.94951, 59.1835], [10.91711, 59.14298], [10.90271, 59.19701], [10.82351, 59.16324], [10.78031, 59.18857], [10.77311, 59.25273], [10.73711, 59.21727], [10.78031, 59.31352], [10.73351, 59.33379], [10.70111, 59.30677], [10.67231, 59.31521], [10.65431, 59.40808], [10.59671, 59.42328], [10.64351, 59.49251], [10.66151, 59.43848], [10.69031, 59.48069], [10.61471, 59.69683], [10.59671, 59.68501], [10.56071, 59.72554], [10.65431, 59.85724], [10.71911, 59.73736], [10.75871, 59.85049], [10.75151, 59.88933], [10.69031, 59.91128], [10.66511, 59.88933], [10.52831, 59.88257], [10.4743, 59.85049], [10.50311, 59.70865], [10.61471, 59.60733], [10.54271, 59.53473], [10.4383, 59.51784], [10.3987, 59.68839], [10.2655, 59.73904], [10.2259, 59.72385], [10.3807, 59.65799], [10.3807, 59.53473], [10.2367, 59.56005], [10.3699, 59.45536], [10.4779, 59.43003], [10.4455, 59.34898], [10.51391, 59.30339], [10.4707, 59.24767], [10.3591, 59.27131], [10.3663, 59.22572], [10.2907, 59.13453], [10.3051, 59.06024], [10.2727, 59.11427], [10.2619, 59.03828], [10.2259, 59.11427], [10.2079, 59.01633], [10.1143, 59.00451], [10.1647, 59.05179], [10.0603, 59.01802], [10.0171, 59.03322], [10.0135, 58.97243], [9.8479, 58.95554], [9.8119, 58.96399], [9.8443, 58.98932], [9.7831, 59.05179], [9.7579, 59.03322], [9.6895, 59.09063], [9.6679, 59.05179], [9.6319, 59.13116], [9.5383, 59.12102], [9.7255, 59.01464], [9.7255, 58.98425], [9.7039, 58.99776], [9.6571, 58.98425], [9.6895, 58.95723], [9.5743, 58.92177], [9.46989, 58.92853], [9.5239, 58.89982], [9.45549, 58.89813], [9.45189, 58.88125], [9.37269, 58.89476], [9.36189, 58.88125], [9.40509, 58.88125], [9.38349, 58.86774], [9.29709, 58.88125], [9.27189, 58.83397], [9.45189, 58.83397], [9.36549, 58.79175], [9.40869, 58.79175], [9.30789, 58.73941], [9.07029, 58.74109], [9.06309, 58.72421], [9.16749, 58.71577], [9.09909, 58.73772], [9.21429, 58.72083], [9.21789, 58.70226], [9.05949, 58.68368], [9.18189, 58.68706], [9.19989, 58.67186], [9.03429, 58.59419], [8.96949, 58.58743], [8.91189, 58.6077], [8.94789, 58.57899], [8.92629, 58.51314], [8.70669, 58.37974], [8.60589, 58.33246], [8.58069, 58.34766], [8.50149, 58.25647], [8.40788, 58.27167], [8.40788, 58.24465], [8.24228, 58.20244], [8.27108, 58.19568], [8.20268, 58.12308], [8.17388, 58.14672], [8.12348, 58.10281], [8.05148, 58.11294], [8.02628, 58.14165], [8.08028, 58.16191], [8.00468, 58.2227], [8.02268, 58.1636], [7.91468, 58.08255], [7.66268, 58.06735], [7.61588, 58.02176], [7.57988, 58.0454], [7.57988, 58.01669], [7.38907, 58.01669], [7.26667, 58.03527], [7.24867, 58.05891], [7.17667, 58.03189], [7.15507, 58.05047], [7.00747, 57.99305], [7.00027, 58.0302], [7.08667, 58.07073], [7.11547, 58.05891], [7.14787, 58.09944], [6.93547, 58.0454], [6.97867, 58.10619], [6.89947, 58.05216], [6.90667, 58.09944], [6.86707, 58.07917], [6.80587, 58.09944], [6.98947, 58.14165], [6.87427, 58.1349], [6.77707, 58.18218], [6.80947, 58.12139], [6.73027, 58.1197], [6.72307, 58.18893], [6.68707, 58.12139], [6.78427, 58.06566], [6.61867, 58.06904], [6.53227, 58.12139], [6.59707, 58.17711], [6.67627, 58.18218], [6.67627, 58.2075], [6.84547, 58.27167], [6.67987, 58.2227], [6.63307, 58.27505], [6.65467, 58.30206], [6.69427, 58.29193], [6.68707, 58.32739], [6.61867, 58.31895], [6.62587, 58.24465], [6.56107, 58.24296], [6.01026, 58.3848], [5.95626, 58.47768], [5.79786, 58.4895], [5.77986, 58.52158], [5.70426, 58.52158], [5.64666, 58.5486], [5.47745, 58.7546], [5.52786, 58.78331], [5.53146, 58.86943], [5.57106, 58.89476], [5.53866, 58.95554], [5.61786, 58.90658], [5.62506, 58.92515], [5.54946, 58.97074], [5.57826, 58.98932], [5.52426, 58.991], [5.54946, 59.03828], [5.71506, 58.9775], [5.71506, 58.86774], [5.73666, 58.92853], [5.81946, 58.93697], [5.81586, 58.96061], [5.85186, 58.96568], [6.13626, 58.83903], [6.22986, 58.84072], [6.11826, 58.85423], [6.06426, 58.88462], [6.12546, 58.9623], [6.62587, 59.05348], [6.16146, 58.99776], [6.03546, 58.90489], [5.97426, 58.96399], [6.04986, 58.99776], [6.01026, 59.02478], [5.93466, 59.01802], [5.87706, 59.06699], [5.89146, 59.10414], [6.12546, 59.14804], [6.01026, 59.14973], [6.17226, 59.26118], [6.32346, 59.31521], [6.46026, 59.32028], [6.31266, 59.32365], [6.15426, 59.26793], [6.08586, 59.30677], [6.23706, 59.32028], [6.19746, 59.35236], [6.17226, 59.32197], [6.14706, 59.34054], [6.09306, 59.32028], [6.05706, 59.35405], [6.03906, 59.32703], [5.99586, 59.33379], [6.04266, 59.38444], [6.17586, 59.44354], [6.19026, 59.43003], [6.24426, 59.51109], [6.54307, 59.56005], [6.50347, 59.57187], [6.23706, 59.52628], [6.31266, 59.6563], [6.28746, 59.64955], [6.15426, 59.45874], [6.04266, 59.40471], [5.98146, 59.43003], [5.99586, 59.38107], [5.92386, 59.35574], [5.88786, 59.44692], [6.15426, 59.47731], [6.10386, 59.49251], [5.90226, 59.479], [5.80866, 59.53979], [5.77626, 59.52628], [5.79786, 59.46381], [5.74746, 59.44523], [5.70786, 59.47056], [5.71506, 59.44692], [5.64666, 59.40808], [5.78346, 59.43003], [5.85906, 59.35067], [5.70426, 59.34054], [5.61066, 59.29326], [5.64666, 59.33379], [5.58546, 59.41653], [5.56746, 59.3169], [5.50626, 59.27806], [5.43425, 59.30846], [5.43425, 59.40471], [5.39825, 59.29664], [5.34785, 59.41653], [5.29745, 59.34392], [5.20025, 59.43003], [5.18225, 59.51109], [5.24345, 59.52628], [5.20025, 59.54655], [5.34425, 59.64786], [5.38745, 59.64955], [5.41265, 59.59551], [5.39825, 59.66981], [5.48825, 59.73736], [5.48825, 59.57525], [5.41625, 59.54317], [5.41625, 59.50433], [5.51706, 59.53979], [5.56386, 59.67657], [5.72226, 59.66306], [5.71506, 59.60733], [5.75466, 59.60902], [5.79066, 59.6563], [5.88066, 59.6563], [5.88066, 59.67657], [5.78706, 59.65968], [5.74746, 59.67488], [5.81586, 59.72891], [5.88786, 59.73736], [5.90226, 59.76437], [5.98506, 59.73567], [6.03906, 59.7458], [6.29106, 59.84036], [6.31266, 59.85387], [5.96346, 59.75931], [5.93466, 59.79477], [5.97066, 59.86062], [5.91306, 59.79139], [5.83026, 59.77282], [5.71506, 59.83192], [5.72226, 59.86062], [5.68266, 59.84205], [5.64666, 59.85387], [5.74386, 59.88257], [5.77266, 59.93154], [5.97066, 59.96025], [5.94906, 59.9974], [6.01026, 60.05818], [6.29106, 60.12235], [6.25506, 60.16288], [6.20106, 60.12573], [6.10386, 60.10715], [6.07506, 60.19834], [6.14346, 60.21522], [6.20106, 60.29965], [6.27666, 60.31316], [6.35226, 60.36888], [6.50347, 60.43136], [6.64027, 60.41616], [6.53227, 60.2625], [6.51067, 60.13586], [6.52507, 60.08014], [6.57187, 60.27263], [6.65467, 60.38239], [6.80227, 60.47357], [6.94267, 60.49215], [7.07947, 60.47864], [7.10467, 60.50566], [6.89947, 60.50566], [7.01827, 60.5884], [6.98947, 60.59009], [6.83827, 60.49553], [6.65467, 60.43305], [6.60427, 60.43305], [6.60067, 60.46513], [6.69427, 60.51917], [6.29826, 60.38915], [6.24786, 60.39759], [6.17586, 60.4702], [6.24066, 60.37901], [6.11826, 60.36888], [6.19026, 60.35537], [6.13986, 60.25406], [5.99586, 60.26419], [5.90586, 60.16288], [5.85906, 60.16288], [5.85546, 60.02441], [5.78346, 60.00415], [5.77266, 60.02272], [5.75466, 59.99064], [5.68266, 60.03961], [5.70066, 60.06663], [5.79066, 60.07676], [5.79786, 60.09364], [5.73306, 60.08014], [5.70066, 60.10378], [5.70786, 60.17639], [5.79066, 60.21185], [5.68266, 60.18989], [5.64666, 60.14937], [5.57106, 60.14093], [5.54226, 60.16288], [5.56386, 60.20509], [5.70786, 60.23211], [5.59986, 60.23211], [5.63226, 60.27263], [5.57106, 60.23886], [5.73666, 60.39252], [5.63946, 60.34693], [5.63226, 60.36888], [5.52786, 60.21691], [5.40905, 60.13079], [5.30465, 60.18989], [5.35145, 60.21691], [5.22185, 60.21185], [5.31185, 60.26588], [5.16065, 60.28445], [5.17145, 60.31654], [5.22905, 60.3216], [5.14265, 60.352], [5.17865, 60.38915], [5.29745, 60.3959], [5.23625, 60.47357], [5.30465, 60.52761], [5.47745, 60.43474], [5.57466, 60.41447], [5.65386, 60.43136], [5.71506, 60.48371], [5.75106, 60.71842], [5.66466, 60.70322], [5.67546, 60.75726], [5.59266, 60.69816], [5.53506, 60.69816], [5.52786, 60.62892], [5.27585, 60.55969], [5.08505, 60.6627], [5.22905, 60.62048], [5.08505, 60.71166], [5.14625, 60.70322], [5.12465, 60.72517], [5.05985, 60.73024], [4.92665, 60.79947], [4.98065, 60.8096], [5.27945, 60.7218], [5.34785, 60.64074], [5.35145, 60.6627], [5.43425, 60.62892], [5.36945, 60.67452], [5.43425, 60.6627], [5.36225, 60.74206], [5.28305, 60.74712], [5.23625, 60.77583], [5.35145, 60.81298], [5.35505, 60.8535], [5.53866, 60.87546], [5.47025, 60.90754], [5.32625, 60.8687], [5.29385, 60.82311], [5.18945, 60.82818], [5.16785, 60.85519], [5.14985, 60.81467], [5.13185, 60.83493], [5.06705, 60.83493], [4.98065, 60.95144], [5.01305, 60.96495], [5.07785, 60.94975], [5.09945, 60.87714], [5.13905, 60.99197], [5.02385, 60.97846], [5.00225, 61.01561], [5.06705, 61.07302], [5.43425, 61.02743], [5.44865, 60.99535], [5.45945, 61.04938], [5.52786, 61.07471], [5.63946, 61.05951], [5.60346, 61.08822], [5.77266, 61.11523], [5.77986, 61.06458], [5.86266, 61.11861], [6.10026, 61.12199], [6.25866, 61.09328], [6.24426, 61.046], [6.35946, 61.06795], [6.35586, 61.01054], [6.43866, 61.08146], [6.54667, 61.10341], [6.60067, 61.17602], [6.83827, 61.13887], [6.86707, 61.08991], [6.95707, 61.08822], [7.01107, 61.00885], [6.87427, 60.93793], [7.05067, 60.96495], [7.12987, 60.92611], [7.10467, 60.86195], [7.15867, 60.89741], [7.16227, 60.95144], [7.09387, 60.96326], [7.00027, 61.09328], [7.16587, 61.11017], [7.22347, 61.14056], [7.43587, 61.10173], [7.36027, 61.15238], [7.45387, 61.19291], [7.60508, 61.19797], [7.69508, 61.23175], [7.38907, 61.19797], [7.31347, 61.28747], [7.38187, 61.37865], [7.57268, 61.48503], [7.34587, 61.38878], [7.26307, 61.39554], [7.30987, 61.36346], [7.24147, 61.2976], [7.36027, 61.19122], [7.30627, 61.16251], [7.21267, 61.18447], [7.13707, 61.14563], [6.95347, 61.11186], [6.91747, 61.1355], [7.00387, 61.18447], [6.89587, 61.16251], [6.55747, 61.22499], [6.69067, 61.33981], [6.70147, 61.40229], [6.60427, 61.27903], [6.56467, 61.26552], [6.52867, 61.28747], [6.49986, 61.26889], [6.53587, 61.20473], [6.46386, 61.20811], [6.50707, 61.14732], [6.43506, 61.11523], [6.28386, 61.12537], [6.17586, 61.18447], [6.07506, 61.14732], [5.95986, 61.16251], [6.03546, 61.20473], [5.94186, 61.16927], [5.80506, 61.15576], [5.78346, 61.19629], [5.75106, 61.15576], [5.55666, 61.13719], [5.42345, 61.07977], [5.37665, 61.07977], [5.29745, 61.12874], [5.19305, 61.1051], [5.17145, 61.14056], [5.22905, 61.14225], [5.05985, 61.15745], [5.05985, 61.18784], [5.22185, 61.16251], [5.21465, 61.18447], [5.25065, 61.18447], [5.16785, 61.22161], [4.98785, 61.22499], [5.06345, 61.24525], [5.01305, 61.23681], [4.96265, 61.26552], [5.16065, 61.31111], [5.20025, 61.34319], [5.27945, 61.32124], [5.31905, 61.25201], [5.31905, 61.31786], [5.25785, 61.34826], [5.63226, 61.36177], [5.55306, 61.37865], [5.16425, 61.3567], [5.05985, 61.32293], [4.99865, 61.37696], [5.04545, 61.40229], [5.06345, 61.37528], [5.11025, 61.431], [4.94825, 61.4158], [5.16425, 61.45126], [5.18225, 61.47152], [5.52066, 61.42931], [5.66826, 61.48503], [5.80506, 61.45802], [5.74746, 61.49348], [5.66466, 61.49854], [5.45945, 61.45295], [5.44145, 61.47997], [5.29025, 61.47997], [5.13905, 61.52387], [5.13905, 61.55426], [5.35865, 61.55426], [5.14625, 61.59479], [5.42705, 61.58972], [5.26865, 61.61505], [5.34065, 61.64376], [4.96985, 61.63532], [4.94105, 61.67753], [4.98785, 61.74676], [5.16785, 61.72481], [5.12465, 61.75183], [5.18945, 61.76871], [5.06345, 61.76027], [5.07785, 61.77378], [5.33705, 61.84132], [5.29025, 61.86159], [5.39465, 61.91055], [5.67546, 61.88691], [5.74386, 61.84808], [5.61786, 61.81431], [5.94186, 61.8447], [5.89866, 61.73832], [5.99226, 61.83457], [6.12186, 61.7704], [6.17946, 61.76703], [6.05706, 61.83457], [6.29106, 61.83457], [6.47466, 61.80417], [6.58987, 61.87003], [6.66907, 61.87341], [6.77707, 61.84132], [6.82027, 61.87678], [6.67627, 61.89705], [6.55387, 61.87847], [6.47466, 61.82613], [6.25866, 61.85652], [6.09666, 61.84808], [5.88786, 61.88354], [5.80506, 61.85652], [5.72946, 61.8886], [5.95986, 61.91731], [5.42705, 61.93757], [5.15705, 61.89536], [5.09945, 61.91731], [5.13905, 61.97134], [5.22905, 61.95783], [5.31185, 62.02707], [5.40185, 62.02031], [5.20745, 62.10305], [5.11025, 62.10981], [5.08505, 62.19086], [5.14625, 62.19086], [5.17145, 62.2145], [5.27585, 62.16891], [5.26865, 62.13513], [5.45225, 62.06253], [5.46305, 62.0068], [5.53506, 62.07941], [5.59266, 62.06759], [5.39105, 62.12331], [5.45585, 62.19086], [5.62146, 62.16553], [5.75106, 62.08785], [5.66826, 62.17059], [5.85906, 62.20437], [5.90586, 62.19086], [5.92026, 62.11994], [5.84466, 62.02031], [5.95626, 62.1402], [6.04266, 62.09967], [6.04986, 62.06759], [6.20826, 62.0811], [6.36666, 62.06084], [6.07506, 62.11487], [5.92746, 62.1993], [5.92746, 62.22632], [6.06426, 62.20437], [5.94906, 62.24489], [5.97786, 62.28035], [6.30906, 62.37154], [6.55027, 62.17059], [6.53227, 62.10981], [6.59347, 62.13513], [6.58267, 62.16046], [6.41706, 62.31075], [6.39906, 62.38673], [6.49986, 62.39855], [6.56467, 62.35634], [6.54307, 62.41037], [6.70867, 62.4509], [6.87787, 62.41713], [6.88507, 62.34114], [6.98947, 62.2736], [7.00747, 62.20943], [6.94267, 62.13682], [6.95707, 62.10305], [6.98947, 62.08954], [7.14067, 62.11656], [7.18747, 62.10305], [7.14787, 62.13007], [7.02907, 62.09967], [6.97867, 62.11318], [7.03627, 62.1841], [7.03627, 62.2736], [7.11187, 62.28035], [7.20907, 62.25165], [7.30987, 62.28204], [7.41427, 62.23138], [7.37467, 62.2736], [7.29187, 62.29724], [7.02187, 62.30399], [6.95707, 62.32594], [6.91387, 62.36985], [6.97507, 62.3766], [6.85267, 62.45428], [6.75547, 62.46441], [6.79147, 62.47792], [6.39906, 62.42557], [6.30546, 62.45934], [6.24426, 62.4509], [6.45306, 62.50156], [6.67627, 62.49311], [6.61507, 62.52013], [6.47466, 62.51338], [6.56467, 62.52688], [6.53227, 62.53702], [6.26226, 62.52688], [6.26586, 62.59274], [6.53587, 62.61638], [6.61147, 62.56066], [6.62227, 62.61976], [6.64747, 62.60963], [6.75547, 62.65522], [6.91747, 62.57416], [6.92827, 62.62313], [6.88867, 62.6434], [7.09387, 62.65015], [7.03627, 62.62313], [7.09747, 62.613], [7.12627, 62.53364], [7.15867, 62.62989], [7.36387, 62.59274], [7.42867, 62.54884], [7.51868, 62.54039], [7.54388, 62.50324], [7.57268, 62.55052], [7.77788, 62.57416], [7.46107, 62.57416], [7.41787, 62.63327], [7.47907, 62.64002], [7.51868, 62.5843], [7.52228, 62.67379], [7.83548, 62.73289], [7.99388, 62.73627], [8.14868, 62.69237], [8.04428, 62.75991], [8.07308, 62.78017], [7.64468, 62.72783], [7.48987, 62.6873], [7.36027, 62.69743], [7.40347, 62.71263], [7.36747, 62.73289], [7.47187, 62.76666], [7.68068, 62.79368], [7.60868, 62.79537], [7.31347, 62.74471], [6.97147, 62.72614], [6.96067, 62.78355], [7.01107, 62.81563], [7.21627, 62.81563], [7.13347, 62.8494], [7.01827, 62.84096], [6.89227, 62.92201], [7.23787, 63.01488], [7.50068, 62.91019], [7.66988, 62.97942], [7.78148, 62.97267], [7.69508, 62.91188], [7.97228, 62.97773], [8.08748, 62.94565], [8.15588, 62.81563], [8.51229, 62.70756], [8.54469, 62.65691], [8.54469, 62.72107], [8.17028, 62.85785], [8.20988, 62.91188], [8.14868, 62.95072], [7.98308, 63.0267], [7.94348, 63.01995], [7.96868, 63.00644], [7.87868, 63.00982], [7.99748, 63.09256], [8.08748, 63.10944], [8.14148, 63.03684], [8.33588, 62.9676], [8.32868, 62.88149], [8.38988, 62.88993], [8.52309, 62.84434], [8.52309, 62.87135], [8.45108, 62.89499], [8.59509, 62.86967], [8.70309, 62.82239], [8.62029, 62.87811], [8.47988, 62.90681], [8.41508, 62.95916], [8.66709, 62.97942], [8.54469, 62.97942], [8.58789, 63.01995], [8.55549, 63.02333], [8.37548, 62.97267], [8.31788, 62.99969], [8.46908, 63.01995], [8.23868, 63.02502], [8.16668, 63.11451], [8.22068, 63.13477], [8.28548, 63.07567], [8.31788, 63.10944], [8.23508, 63.14997], [8.54469, 63.13308], [8.64189, 63.10944], [8.57709, 63.1753], [8.94429, 63.21245], [8.61309, 63.204], [8.47628, 63.2935], [8.76429, 63.34922], [8.63829, 63.39144], [8.67069, 63.42183], [8.71749, 63.40832], [8.79309, 63.43196], [8.87949, 63.39819], [8.89029, 63.42183], [8.99829, 63.41845], [8.96589, 63.43365], [9.01989, 63.46573], [9.14949, 63.37624], [9.09189, 63.2935], [9.14229, 63.33065], [9.47709, 63.40326], [9.21789, 63.37117], [9.16749, 63.40157], [9.18189, 63.43534], [9.48429, 63.48262], [9.33309, 63.46573], [9.25749, 63.49951], [9.29349, 63.45898], [9.21069, 63.45898], [9.16749, 63.46742], [9.16029, 63.50795], [9.24309, 63.51301], [9.23589, 63.53497], [9.30069, 63.53159], [9.36909, 63.56367], [9.40509, 63.51808], [9.49509, 63.57718], [9.5743, 63.54172], [9.5455, 63.58056], [9.49149, 63.589], [9.7003, 63.64472], [9.8011, 63.56367], [9.8047, 63.51301], [9.9595, 63.4269], [9.8551, 63.32558], [10.0135, 63.36104], [10.0999, 63.32558], [10.2439, 63.32558], [10.2583, 63.26648], [10.2799, 63.31883], [10.2439, 63.34416], [10.0567, 63.37286], [10.0423, 63.40663], [10.0927, 63.43872], [10.3015, 63.46573], [10.3735, 63.44209], [10.4455, 63.45729], [10.57871, 63.43027], [10.69031, 63.45223], [10.79831, 63.41677], [10.90631, 63.4556], [10.77671, 63.48769], [10.75871, 63.51808], [10.83071, 63.55016], [10.92431, 63.55523], [10.85591, 63.56874], [10.92431, 63.60251], [10.65791, 63.54847], [10.71911, 63.6042], [11.03231, 63.71902], [11.11871, 63.70382], [11.26631, 63.77474], [11.45711, 63.78994], [11.41391, 63.85073], [11.25191, 63.86762], [11.11151, 63.84904], [11.09351, 63.86762], [11.22311, 63.94529], [11.48591, 64.00608], [11.49671, 64.02128], [11.25551, 64.03816], [11.24111, 64.0618], [11.36351, 64.11752], [11.22671, 64.07193], [11.17631, 64.00777], [10.57511, 63.80851], [10.93511, 63.89801], [11.07551, 63.83553], [10.90991, 63.73084], [10.67231, 63.68694], [10.60391, 63.63628], [10.4167, 63.57887], [10.2403, 63.56198], [10.0819, 63.50795], [9.9811, 63.49275], [9.9199, 63.5147], [9.9019, 63.589], [9.8335, 63.60251], [9.7939, 63.66836], [9.7975, 63.692], [9.9991, 63.72409], [10.0999, 63.76799], [10.0063, 63.74604], [10.0279, 63.78319], [9.5455, 63.66499], [9.5527, 63.72577], [9.7795, 63.76799], [9.5815, 63.75955], [9.5455, 63.77474], [9.8731, 63.86255], [9.7939, 63.8845], [9.8911, 63.90308], [9.9271, 63.8845], [10.1143, 63.94191], [10.1971, 63.93854], [10.1431, 63.96555], [9.9415, 63.91827], [10.1287, 63.9875], [9.9379, 63.9588], [10.0171, 64.03478], [9.9991, 64.10908], [10.1071, 64.09051], [10.1935, 64.10064], [10.2187, 64.12428], [10.1071, 64.11752], [10.1971, 64.15805], [10.1683, 64.19858], [10.2979, 64.2104], [10.3735, 64.18507], [10.2583, 64.24586], [10.4923, 64.29483], [10.4491, 64.3134], [10.4707, 64.3573], [10.56071, 64.3286], [10.50311, 64.37081], [10.59671, 64.34548], [10.65071, 64.3573], [10.56071, 64.40289], [10.4635, 64.40458], [10.4959, 64.42991], [10.62911, 64.39783], [10.60391, 64.45186], [10.81631, 64.37081], [10.85591, 64.37757], [10.77311, 64.44173], [10.65791, 64.45186], [10.76231, 64.48057], [10.84151, 64.46537], [10.82351, 64.51096], [10.89191, 64.4755], [10.95671, 64.48732], [10.91711, 64.57513], [10.95671, 64.60383], [11.06111, 64.57513], [11.07551, 64.52278], [11.17631, 64.47888], [11.16191, 64.4468], [11.26991, 64.45186], [11.34191, 64.4316], [11.22311, 64.32184], [11.38871, 64.40458], [11.41031, 64.45186], [11.44271, 64.43835], [11.65512, 64.48057], [11.43911, 64.46537], [11.46071, 64.51096], [11.53992, 64.52109], [11.50752, 64.54811], [11.57232, 64.55655], [11.56872, 64.53798], [11.78112, 64.59708], [11.63712, 64.58188], [11.61192, 64.62916], [11.55432, 64.60383], [11.59392, 64.59708], [11.57592, 64.57513], [11.51832, 64.57344], [11.42111, 64.63592], [11.39591, 64.70684], [11.53272, 64.74399], [11.61552, 64.74061], [11.55432, 64.76763], [11.84232, 64.79464], [11.64432, 64.82335], [11.78832, 64.83517], [11.78832, 64.85712], [11.64792, 64.84361], [11.74512, 64.88414], [12.06552, 64.96012], [12.22392, 64.93986], [12.05472, 64.97363], [11.91072, 64.94999], [11.61552, 64.86894], [11.62272, 64.84361], [11.47871, 64.80984], [11.40311, 64.75918], [11.26271, 64.73386], [11.42831, 64.8166], [11.34551, 64.80478], [11.23031, 64.82335], [11.25191, 64.83855], [11.52552, 64.86219], [11.69832, 64.91284], [11.24471, 64.85712], [11.26631, 64.87063], [11.40311, 64.92298], [11.55432, 64.89934], [11.59392, 64.92466], [11.53272, 64.9044], [11.49671, 64.94155], [11.82072, 64.98039], [11.81352, 65.01754], [11.97912, 65.06819], [12.01512, 65.02936], [12.05472, 65.06482], [12.07632, 65.03949], [12.13752, 65.04624], [12.19512, 64.99558], [12.19152, 65.05131], [12.63793, 65.13067], [12.61633, 65.14925], [12.78913, 65.21341], [12.93313, 65.3333], [12.66673, 65.19653], [12.50113, 65.14418], [12.36792, 65.15093], [12.38232, 65.17795], [12.49752, 65.1999], [12.43992, 65.22692], [12.35352, 65.22692], [12.40752, 65.24718], [12.71353, 65.25394], [12.51553, 65.26745], [12.45792, 65.25394], [12.43632, 65.27251], [12.24552, 65.23367], [12.34272, 65.30291], [12.45072, 65.31304], [12.47952, 65.33668], [12.41832, 65.33499], [12.49752, 65.37045], [12.69193, 65.32992], [12.66313, 65.35525], [12.54793, 65.36369], [12.47952, 65.44643], [12.54793, 65.44643], [12.58393, 65.41773], [12.60193, 65.43293], [12.71353, 65.37045], [12.63073, 65.43293], [12.78193, 65.45994], [12.60913, 65.45994], [12.65593, 65.48021], [12.57673, 65.49878], [12.61633, 65.52918], [12.57313, 65.58996], [12.51193, 65.51229], [12.46512, 65.52242], [12.53353, 65.58321], [12.43992, 65.52918], [12.39672, 65.55113], [12.41832, 65.59672], [12.35352, 65.60347], [12.36432, 65.65244], [12.49392, 65.73349], [12.63793, 65.68621], [12.60913, 65.65075], [12.78553, 65.63893], [12.68473, 65.66088], [12.55873, 65.75376], [12.64513, 65.80779], [12.71713, 65.78922], [12.69193, 65.83481], [12.61273, 65.83481], [12.65953, 65.91248], [12.84673, 65.96652], [12.96553, 65.92599], [13.04113, 65.92599], [13.17433, 65.85507], [13.12393, 65.94288], [12.97993, 65.95976], [12.92593, 65.99353], [13.04113, 66.08303], [12.71353, 66.0425], [12.67033, 66.06277], [12.86833, 66.13369], [13.08793, 66.14551], [13.30753, 66.21811], [13.52714, 66.24007], [13.57754, 66.21811], [13.49113, 66.18603], [13.58114, 66.18603], [13.53434, 66.11005], [13.63874, 66.15733], [13.76114, 66.16577], [13.82234, 66.14719], [13.82234, 66.17252], [13.60994, 66.18603], [13.64234, 66.2198], [13.80794, 66.235], [13.76114, 66.19954], [13.97354, 66.23838], [14.14274, 66.33463], [13.96274, 66.30423], [13.90874, 66.26877], [13.75394, 66.29579], [13.72514, 66.26371], [13.62074, 66.24175], [13.57394, 66.26202], [13.62434, 66.27553], [13.57394, 66.28903], [13.41553, 66.24344], [13.28593, 66.24175], [13.06993, 66.17421], [13.03033, 66.19785], [13.16353, 66.25864], [13.32193, 66.30085], [13.53434, 66.3093], [13.40473, 66.31605], [13.45153, 66.338], [13.36513, 66.338], [13.31113, 66.37515], [13.33273, 66.32281], [13.22833, 66.29748], [13.13833, 66.30254], [13.14913, 66.32956], [13.03753, 66.31943], [13.00153, 66.35658], [13.14193, 66.38697], [13.17073, 66.4123], [13.10233, 66.45452], [13.16353, 66.46634], [12.97273, 66.52206], [13.10233, 66.54232], [13.18513, 66.52206], [13.22473, 66.45452], [13.39753, 66.46634], [13.26793, 66.46634], [13.26073, 66.52206], [13.32913, 66.53894], [13.49113, 66.55076], [13.67114, 66.5153], [13.45873, 66.56427], [13.60274, 66.60649], [13.72514, 66.6048], [13.68914, 66.61662], [13.50194, 66.60649], [13.39753, 66.55752], [13.20313, 66.55583], [13.24993, 66.61324], [13.40473, 66.62506], [13.24993, 66.6335], [13.17073, 66.65208], [13.19233, 66.66728], [13.54874, 66.63857], [13.48033, 66.67572], [13.22473, 66.71456], [13.69274, 66.69092], [13.69994, 66.71456], [13.85114, 66.71793], [13.89074, 66.73482], [13.54874, 66.72469], [13.58834, 66.76184], [13.75394, 66.76184], [13.54154, 66.77197], [13.50554, 66.7821], [13.54154, 66.80405], [13.99154, 66.79054], [13.68914, 66.83445], [13.63154, 66.9003], [13.51994, 66.90537], [13.58834, 66.93745], [13.74314, 66.93745], [13.76114, 66.96784], [13.84034, 66.96447], [13.93754, 66.99486], [13.95914, 66.9746], [13.89074, 66.95433], [13.91594, 66.92901], [13.93394, 66.92225], [13.95914, 66.92732], [14.04554, 66.98135], [14.01314, 67.02188], [14.05994, 67.06071], [14.14994, 66.97122], [14.22554, 66.98304], [14.27234, 67.06071], [14.52795, 67.04889], [14.56755, 67.0185], [14.58195, 67.05903], [14.26874, 67.08435], [14.36234, 67.16034], [14.45234, 67.16541], [14.42354, 67.10968], [14.45954, 67.15359], [14.67555, 67.16034], [14.74395, 67.11813], [14.72235, 67.16203], [14.51355, 67.1806], [14.60355, 67.20424], [14.65035, 67.18567], [14.77995, 67.21438], [14.97795, 67.21438], [14.89155, 67.15359], [14.99235, 67.09955], [14.93115, 67.15359], [15.09315, 67.21269], [15.38475, 67.15696], [15.37755, 67.09786], [15.49995, 67.07085], [15.43875, 67.09786], [15.48195, 67.15359], [15.37755, 67.20087], [15.45675, 67.21438], [15.74116, 67.17385], [15.70516, 67.21438], [15.60796, 67.20256], [15.40635, 67.23633], [15.28755, 67.20593], [15.34155, 67.24139], [15.06075, 67.24815], [15.16515, 67.31062], [15.01395, 67.29205], [14.98875, 67.2701], [14.77635, 67.2701], [14.83395, 67.2549], [14.67555, 67.21606], [14.61795, 67.21438], [14.69355, 67.24815], [14.68275, 67.27854], [14.57475, 67.25152], [14.32994, 67.24139], [14.59995, 67.37817], [14.62155, 67.42038], [14.80155, 67.42207], [14.82315, 67.37817], [15.04995, 67.4474], [14.82315, 67.4474], [14.84115, 67.46091], [14.72595, 67.48792], [14.79435, 67.52507], [15.05715, 67.57742], [15.15795, 67.5352], [15.09675, 67.53183], [15.00675, 67.56391], [15.05355, 67.51663], [15.01035, 67.48624], [14.83035, 67.47442], [15.01755, 67.46935], [15.17595, 67.5217], [15.21195, 67.48792], [15.15075, 67.48117], [15.13635, 67.42038], [15.24075, 67.47948], [15.42795, 67.48286], [15.55036, 67.34946], [15.64396, 67.30387], [15.60436, 67.28023], [15.65836, 67.27516], [15.70156, 67.30387], [15.51436, 67.42714], [15.58276, 67.46091], [15.52876, 67.46766], [15.59716, 67.50988], [15.89956, 67.55716], [15.86716, 67.57404], [15.66916, 67.55209], [15.49995, 67.50988], [15.26595, 67.52507], [15.24075, 67.58417], [15.40995, 67.58417], [15.43515, 67.56053], [15.43875, 67.61288], [15.38835, 67.63314], [15.35955, 67.60444], [15.27315, 67.6247], [15.17955, 67.61795], [15.33795, 67.68718], [15.27315, 67.69393], [15.30195, 67.72095], [15.54316, 67.67367], [15.51436, 67.69393], [15.65836, 67.68042], [15.54676, 67.71082], [15.48555, 67.699], [15.40275, 67.74121], [15.59716, 67.74965], [15.82036, 67.67705], [15.78796, 67.7277], [15.62956, 67.76316], [15.69436, 67.79693], [15.59356, 67.77329], [15.40995, 67.79693], [15.44595, 67.84421], [15.43155, 67.8611], [15.40275, 67.82395], [15.37035, 67.86448], [15.38475, 67.80369], [15.18315, 67.71419], [14.83755, 67.64327], [14.72595, 67.66016], [14.87715, 67.70069], [14.77995, 67.71419], [14.79435, 67.72939], [15.11835, 67.74121], [15.01395, 67.74628], [15.03555, 67.78343], [14.83035, 67.76316], [14.83035, 67.79187], [14.78715, 67.78343], [14.75475, 67.80369], [14.80875, 67.82564], [15.10395, 67.85097], [14.84835, 67.84421], [14.99955, 67.89487], [15.23355, 67.87292], [15.19755, 67.83071], [15.33795, 67.89994], [15.53596, 67.9202], [15.50356, 67.87967], [15.52516, 67.85097], [15.60436, 67.93033], [15.75196, 67.95228], [15.85996, 67.89994], [15.96796, 68.00801], [16.06156, 68.0097], [15.84916, 68.03671], [15.89956, 68.06711], [15.78796, 68.03502], [15.60076, 68.0384], [15.54676, 68.07386], [15.38475, 68.0232], [15.43875, 68.0097], [15.39915, 67.9945], [15.28035, 68.03671], [15.50716, 68.13296], [15.52876, 68.09075], [15.64396, 68.16842], [15.73396, 68.13972], [15.73756, 68.10257], [15.70876, 68.08399], [15.61876, 68.09075], [15.61876, 68.05698], [15.66556, 68.05022], [15.66916, 68.07217], [15.84556, 68.09581], [15.92476, 68.13296], [15.87076, 68.187], [15.94276, 68.18531], [15.94996, 68.23934], [16.01476, 68.24947], [16.04356, 68.16167], [16.10476, 68.15998], [16.04356, 68.02996], [16.19116, 67.98099], [16.23796, 67.88305], [16.43596, 67.80707], [16.51517, 67.80369], [16.45396, 67.85097], [16.27036, 67.88981], [16.27396, 67.97592], [16.20556, 68.00294], [16.27396, 68.00632], [16.45396, 67.89825], [16.46476, 67.94046], [16.33516, 68.00294], [16.38196, 68.0097], [16.45036, 67.96242], [16.54397, 67.96073], [16.46476, 67.97761], [16.50077, 68.01645], [16.36396, 68.02996], [16.38916, 68.05866], [16.46476, 68.09412], [16.66277, 68.05022], [16.68797, 68.07048], [16.50077, 68.11776], [16.34596, 68.0823], [16.28836, 68.09075], [16.24156, 68.13296], [16.47196, 68.15322], [16.41436, 68.187], [16.59077, 68.16673], [16.46836, 68.2005], [16.45396, 68.22921], [16.40716, 68.20726], [16.17316, 68.20388], [16.35676, 68.23934], [16.11916, 68.27311], [16.14796, 68.31364], [16.50797, 68.25623], [16.56197, 68.19375], [16.80317, 68.13296], [16.61237, 68.21908], [16.56917, 68.27649], [16.26316, 68.32377], [16.28116, 68.34403], [16.21996, 68.35079], [16.42156, 68.38963], [16.69517, 68.40482], [16.87157, 68.37274], [16.84637, 68.32377], [17.12717, 68.37274], [17.19557, 68.30013], [17.33237, 68.25623], [17.33237, 68.16673], [17.35037, 68.22583], [17.41877, 68.23596], [17.22437, 68.33897], [17.24957, 68.40651], [17.57718, 68.35923], [17.36477, 68.41327], [17.54118, 68.42846], [17.81838, 68.38456], [17.87238, 68.393], [17.61318, 68.45041], [17.46917, 68.44704], [17.54478, 68.52978], [17.36477, 68.50276], [17.26037, 68.45548], [17.04797, 68.43353], [17.00117, 68.44704], [17.09117, 68.48081], [16.98677, 68.50951], [16.84997, 68.44873], [16.53317, 68.43859], [16.47196, 68.52302], [16.54037, 68.54329], [16.61957, 68.53315], [16.56197, 68.59225], [16.63037, 68.64122], [16.99397, 68.70877], [17.14877, 68.63278], [17.18117, 68.64798], [17.10197, 68.66993], [17.10917, 68.69695], [17.24957, 68.72396], [17.37197, 68.71045], [17.46197, 68.66655], [17.67798, 68.6598], [17.49437, 68.69019], [17.37557, 68.75098], [17.32517, 68.73241], [17.23517, 68.75605], [17.46197, 68.81515], [17.72118, 68.778], [17.78238, 68.74929], [17.73918, 68.79151], [17.46917, 68.83203], [17.70678, 68.89282], [17.82198, 68.86749], [17.82558, 68.89451], [17.70678, 68.91308], [17.72118, 68.93504], [17.42597, 68.89958], [17.53398, 68.96036], [17.48717, 68.99582], [17.67798, 69.09207], [17.65998, 69.1174], [18.15318, 69.15455], [18.07038, 69.17819], [18.10638, 69.22885], [17.98758, 69.2356], [18.00198, 69.28626], [18.13878, 69.35211], [18.15678, 69.46018], [18.26478, 69.48889], [18.38358, 69.43148], [18.36918, 69.39264], [18.50239, 69.37069], [18.50239, 69.2356], [18.56359, 69.36393], [18.60319, 69.29977], [18.69319, 69.26431], [18.67519, 69.30483], [18.73639, 69.32341], [19.01359, 69.28626], [18.95599, 69.32847], [18.66439, 69.369], [18.57799, 69.43148], [18.45558, 69.45512], [18.49878, 69.52266], [18.85159, 69.55305], [18.84439, 69.5024], [19.00999, 69.4281], [19.01359, 69.39771], [19.14679, 69.35211], [19.34839, 69.34367], [19.38079, 69.32172], [19.35199, 69.28964], [19.16839, 69.26769], [19.18639, 69.24911], [19.25119, 69.27444], [19.30159, 69.22378], [19.38079, 69.24236], [19.5104, 69.22885], [19.43119, 69.34198], [19.32319, 69.3842], [19.11799, 69.38589], [18.99199, 69.48382], [19.03159, 69.52097], [19.17559, 69.55137], [19.26199, 69.52266], [19.22959, 69.56825], [18.99559, 69.53955], [18.94519, 69.61553], [19.09999, 69.73542], [19.24759, 69.77764], [19.784, 69.80465], [19.676, 69.68139], [19.7264, 69.64255], [19.6292, 69.52097], [19.6508, 69.46018], [19.532, 69.40108], [19.6868, 69.44499], [19.7444, 69.61216], [20.0612, 69.57838], [20.1116, 69.58514], [19.856, 69.62735], [19.8236, 69.71178], [20.0072, 69.84349], [19.9676, 69.76413], [20.0072, 69.76919], [20.1548, 69.93467], [20.2016, 69.85869], [20.2016, 69.92454], [20.2916, 69.97182], [20.4176, 69.89077], [20.3204, 69.68645], [20.378, 69.58851], [20.2736, 69.55981], [20.2772, 69.48551], [20.1692, 69.39433], [19.982, 69.33861], [19.9496, 69.26262], [20.072, 69.33523], [20.2772, 69.39264], [20.4824, 69.57838], [20.64801, 69.52097], [20.85321, 69.49564], [20.4932, 69.62735], [20.54001, 69.70503], [20.4824, 69.76413], [20.78481, 69.80128], [20.79201, 69.87895], [21.09081, 69.94818], [20.89281, 69.85362], [20.95401, 69.84687], [20.93961, 69.81816], [21.01881, 69.78777], [20.99721, 69.82492], [21.17001, 69.87557], [21.12681, 69.81141], [21.18081, 69.81985], [21.20961, 69.90766], [21.32481, 69.90766], [21.20961, 69.93467], [21.33201, 70.03092], [21.55882, 69.98871], [21.60922, 69.91272], [21.90442, 69.82492], [22.05202, 69.75062], [22.00162, 69.74049], [22.08802, 69.7388], [22.05562, 69.79283], [21.91522, 69.83842], [22.01962, 69.84518], [21.92962, 69.87895], [21.91522, 69.9448], [21.92962, 69.98364], [22.02322, 69.98533], [22.05202, 69.93805], [22.05202, 70.01741], [22.11322, 70.03092], [21.86482, 70.01235], [21.80002, 70.03768], [22.00522, 70.06132], [22.09882, 70.12042], [21.72082, 70.06132], [21.61282, 70.09847], [21.48321, 70.09847], [21.43641, 70.14912], [21.49761, 70.17445], [21.31401, 70.1677], [21.20961, 70.20822], [21.44001, 70.26901], [21.49041, 70.20822], [21.55162, 70.32136], [21.87562, 70.14743], [21.89362, 70.20822], [21.80722, 70.25719], [22.00882, 70.32473], [21.98362, 70.28421], [22.10602, 70.30447], [22.11682, 70.23355], [22.14202, 70.28421], [22.30762, 70.28759], [22.25722, 70.23017], [22.29322, 70.1677], [22.23562, 70.14068], [22.27522, 70.13561], [22.40482, 70.14743], [22.55963, 70.12717], [22.32562, 70.1677], [22.40122, 70.25888], [22.58843, 70.24199], [22.60283, 70.21835], [22.96643, 70.20822], [22.85843, 70.12548], [22.43362, 70.08833], [22.28602, 70.04443], [22.86563, 70.10522], [23.01683, 70.14743], [23.02043, 70.03768], [23.12843, 70.0343], [23.15003, 69.9752], [23.09603, 69.95494], [23.16083, 69.95156], [23.31563, 69.99715], [23.33003, 69.94818], [23.53884, 70.02417], [23.29763, 70.03937], [23.17523, 70.09171], [23.35883, 70.11535], [23.40203, 70.14068], [23.29763, 70.1677], [23.42363, 70.19471], [23.24363, 70.21667], [23.53164, 70.24368], [23.29403, 70.24368], [23.31203, 70.25719], [23.61444, 70.30447], [23.51364, 70.29772], [23.54604, 70.32473], [23.46323, 70.31798], [23.51364, 70.36526], [23.91684, 70.50879], [24.18684, 70.49359], [24.34884, 70.45644], [24.23004, 70.52399], [24.10404, 70.54087], [24.26604, 70.60673], [24.35244, 70.69116], [24.50005, 70.67765], [24.64765, 70.61855], [24.72325, 70.62024], [24.65485, 70.70973], [24.53245, 70.75026], [24.29124, 70.76376], [24.24444, 70.78403], [24.26964, 70.83806], [24.39564, 70.86677], [24.46404, 70.8178], [24.63685, 70.77896], [24.61165, 70.86001], [24.72325, 70.87352], [24.60805, 70.89379], [24.57565, 70.936], [24.65485, 70.94951], [24.58645, 70.96302], [24.66565, 70.97821], [24.84565, 70.93938], [24.82045, 70.90729], [24.98605, 70.91405], [24.97165, 70.96302], [25.03285, 70.97146], [25.05445, 70.92756], [24.91765, 70.87352], [25.06885, 70.85326], [25.15525, 70.91911], [25.26685, 70.82624], [25.24525, 70.79078], [25.34245, 70.81273], [25.39285, 70.88365], [25.36405, 70.97653], [25.53686, 70.92249], [25.44325, 70.84144], [25.66286, 70.89547], [25.75646, 70.86001], [25.88246, 70.89547], [25.92566, 70.86339], [25.75286, 70.78403], [25.63046, 70.76376], [25.61966, 70.71311], [25.07245, 70.50372], [25.24525, 70.52736], [25.28845, 70.51048], [25.24165, 70.48684], [25.06165, 70.49022], [25.09765, 70.47164], [25.24165, 70.4784], [25.28845, 70.45644], [25.25605, 70.38721], [25.15525, 70.39397], [25.07965, 70.35851], [25.13725, 70.35344], [25.12285, 70.31798], [25.18765, 70.33993], [25.20925, 70.31629], [24.97885, 70.23017], [24.94285, 70.10184], [25.03645, 70.06469], [25.01125, 70.13393], [25.09405, 70.15419], [25.11205, 70.08327], [25.22725, 70.09171], [25.54046, 70.29772], [25.42165, 70.32473], [25.43965, 70.34162], [25.96166, 70.58815], [26.06966, 70.71311], [26.61327, 70.94951], [26.69247, 70.95626], [26.72487, 70.92756], [26.66367, 70.84988], [26.68167, 70.82624], [26.74647, 70.833], [26.69247, 70.73675], [26.64207, 70.70635], [26.34326, 70.64725], [26.53767, 70.66245], [26.65647, 70.6405], [26.50527, 70.36357], [26.55567, 70.35344], [26.64927, 70.38046], [26.63487, 70.41254], [26.75367, 70.42774], [26.81127, 70.48008], [27.10287, 70.46995], [26.96607, 70.5375], [26.99127, 70.58309], [27.08127, 70.61348], [27.26487, 70.58478], [27.09927, 70.6405], [27.15687, 70.68102], [27.08127, 70.70298], [27.11007, 70.7283], [27.32967, 70.7435], [27.27927, 70.7739], [27.32247, 70.82286], [27.62848, 70.80429], [27.48087, 70.82624], [27.53488, 70.8465], [27.39087, 70.8769], [27.40887, 70.91405], [27.33687, 70.88365], [27.18927, 70.89547], [27.13527, 70.94951], [27.17127, 70.96639], [27.34767, 70.94275], [27.23247, 70.99679], [27.25407, 71.02549], [27.47727, 71.00692], [27.55288, 70.95457], [27.58168, 71.01705], [27.52408, 71.07446], [27.64288, 71.09473], [27.65008, 71.12681], [27.72208, 71.05927], [27.87688, 71.03731], [28.04248, 71.07109], [28.08208, 71.04069], [28.20808, 71.08459], [28.26208, 71.05589], [28.20448, 70.98328], [28.49248, 71.00017], [28.55009, 70.97315], [28.48168, 70.88872], [28.37008, 70.88703], [28.44568, 70.86677], [28.34488, 70.8465], [28.36288, 70.82624], [28.22608, 70.833], [28.30168, 70.81273], [28.26568, 70.79416], [28.02448, 70.79247], [27.99928, 70.81611], [27.76168, 70.79078], [27.83008, 70.77052], [27.77248, 70.7435], [27.89848, 70.76883], [28.12888, 70.73675], [28.07128, 70.70298], [27.65008, 70.60673], [27.79408, 70.61348], [28.28368, 70.71817], [28.23328, 70.61517], [27.84808, 70.48346], [27.88408, 70.42774], [27.94528, 70.48853], [27.98128, 70.49697], [27.93808, 70.46995], [28.18648, 70.50372], [28.05328, 70.45982], [28.04248, 70.44462], [28.11088, 70.46151], [28.12888, 70.44125], [28.25128, 70.51048], [28.33408, 70.51723], [28.16128, 70.38215], [28.16848, 70.13561], [28.01368, 70.07145], [28.12888, 70.08158], [28.21888, 70.15419], [28.19008, 70.28421], [28.24768, 70.41423], [28.39168, 70.49359], [28.46008, 70.49022], [28.50689, 70.448], [28.55369, 70.51048], [28.46008, 70.51723], [28.40248, 70.55945], [28.51769, 70.67765], [28.62209, 70.67765], [28.52489, 70.72155], [28.55369, 70.75026], [28.79489, 70.87352], [29.08289, 70.88028], [29.06129, 70.86001], [29.21969, 70.85495], [29.28089, 70.80429], [29.40329, 70.78403], [29.29529, 70.7435], [29.41769, 70.73675], [29.32049, 70.72324], [29.36369, 70.70973], [29.28089, 70.68102], [29.30609, 70.65232], [29.39249, 70.69791], [29.6985, 70.7435], [29.7777, 70.72662], [29.7813, 70.68947], [29.6805, 70.62024], [29.8245, 70.63374], [29.9937, 70.71311], [30.1053, 70.71142], [30.2061, 70.68102], [30.0981, 70.64725], [30.3465, 70.5966], [30.1233, 70.551], [30.1665, 70.53074], [30.0009, 70.5375], [30.1629, 70.52399], [30.50131, 70.55776], [30.81091, 70.41423], [30.94771, 70.44969], [31.06291, 70.36695], [31.01971, 70.33993], [31.07731, 70.28421], [30.54811, 70.24875], [30.4905, 70.20316], [30.3753, 70.18627], [30.3537, 70.13055], [30.1197, 70.08496], [30.1593, 70.07145], [29.21969, 70.12042], [28.65449, 70.18289], [28.61489, 70.17614], [28.59689, 70.16094], [28.75529, 70.1677], [28.62929, 70.10691], [28.84889, 70.09847], [28.73369, 70.08496], [29.13689, 70.05794], [29.19089, 70.03768], [29.15849, 70.00897], [29.34209, 70.01741], [29.6841, 69.97013], [29.36369, 69.86038], [29.43569, 69.86206], [29.5365, 69.91441], [29.7417, 69.90766], [29.7381, 69.80296], [29.5077, 69.7084], [29.48609, 69.66112], [29.6805, 69.73542], [29.9073, 69.73711], [30.0297, 69.77595], [30.0621, 69.77088], [29.9361, 69.70503], [29.9397, 69.68814], [30.0729, 69.74049], [30.1845, 69.68814], [30.1089, 69.75568], [30.2061, 69.77088], [30.1665, 69.87895], [30.2889, 69.8857], [30.3249, 69.86713], [30.2673, 69.84518], [30.4041, 69.83167], [30.4113, 69.70165], [30.3357, 69.67463], [30.4437, 69.67801], [30.4833, 69.81816], [30.69931, 69.80803], [30.71731, 69.77088], [30.83971, 69.80634], [30.92611, 69.67294], [30.89731, 69.54461], [30.75691, 69.52097], [30.51211, 69.53617], [30.2313, 69.63748], [30.1197, 69.63411], [30.2097, 69.60878], [30.2313, 69.55812], [30.1233, 69.44161], [29.9469, 69.36562], [29.37809, 69.30146], [29.24129, 69.11571], [29.06489, 69.03466], [28.95329, 69.02791], [28.82729, 69.10727], [28.86329, 69.21703], [29.23049, 69.37744], [29.34569, 69.46356], [29.14769, 69.6645], [28.44208, 69.79114], [28.38088, 69.857], [28.16848, 69.89415], [27.86608, 70.07483], [27.61408, 70.06132], [27.56368, 70.02417], [27.33327, 69.96844], [27.31167, 69.92961], [27.09927, 69.90259], [26.86527, 69.93805], [26.50167, 69.91779], [26.19926, 69.71516], [26.00486, 69.68983], [25.96166, 69.65268], [26.00486, 69.58683], [25.88606, 69.52097], [25.84286, 69.41797], [25.87886, 69.37069], [25.78526, 69.31328], [25.73846, 69.21872], [25.79606, 68.99414], [25.62686, 68.87425], [25.43245, 68.88438], [25.20205, 68.81346], [25.13365, 68.64798], [24.95005, 68.60576], [24.90685, 68.55679], [24.66205, 68.66655], [24.33084, 68.70877], [23.92764, 68.81684], [23.78724, 68.79995], [23.73324, 68.71552], [23.48123, 68.68513], [23.19683, 68.61758], [23.02043, 68.68681], [22.85123, 68.67499], [22.57043, 68.72734], [22.40842, 68.71214], [22.37242, 68.8219], [22.02322, 69.01271], [21.66322, 69.26262], [21.31401, 69.29133], [21.06201, 69.21534], [21.03321, 69.18157], [21.15561, 69.08701], [21.07281, 69.03635], [20.74521, 69.10389], [20.62281, 69.03635], [20.1008, 69.02284], [20.342, 68.90971], [20.3528, 68.78644], [20.2376, 68.6598], [19.964, 68.5416]]], [[[15.25515, 67.91682], [14.97075, 67.91682], [14.97075, 67.97086], [15.05355, 67.96748], [15.10395, 68.00125], [15.13995, 67.95904], [15.26235, 67.93202], [15.30555, 67.94553], [15.25515, 67.91682]]], [[[15.22275, 68.03165], [15.27675, 67.99619], [15.26955, 67.96748], [15.17235, 67.97424], [15.22275, 68.03165]]], [[[15.70516, 68.01307], [15.61876, 67.98606], [15.48195, 68.00294], [15.57556, 68.02489], [15.85996, 68.02827], [15.93196, 67.99619], [15.84196, 67.98437], [15.70516, 68.01307]]], [[[14.93835, 68.30182], [14.87355, 68.22246], [14.79435, 68.2461], [14.93835, 68.30182]]], [[[16.37116, 68.44704], [16.39996, 68.41327], [16.23076, 68.40989], [16.12276, 68.37949], [16.09396, 68.39807], [16.17316, 68.42846], [16.11916, 68.43353], [16.19116, 68.51458], [16.34236, 68.53653], [16.46476, 68.46899], [16.37116, 68.44704]]], [[[14.66835, 68.58719], [14.99955, 68.55511], [14.99955, 68.53484], [14.89155, 68.49432], [14.71875, 68.49094], [14.60355, 68.55848], [14.66835, 68.58719]]], [[[16.57637, 68.70708], [16.48276, 68.54835], [16.34596, 68.56017], [16.14076, 68.52302], [16.10476, 68.53822], [15.90316, 68.36936], [15.87076, 68.49601], [15.84916, 68.43522], [15.77356, 68.43015], [15.81676, 68.393], [15.74836, 68.42509], [15.62596, 68.30013], [15.52876, 68.33728], [15.37755, 68.32715], [15.32355, 68.35079], [15.61156, 68.47574], [15.54316, 68.50951], [15.54316, 68.46561], [15.21195, 68.36598], [15.23355, 68.33728], [14.99955, 68.25285], [15.01035, 68.31364], [15.19395, 68.43522], [15.35595, 68.46055], [15.24075, 68.47574], [15.33795, 68.48925], [15.17955, 68.52302], [15.21555, 68.55679], [15.39555, 68.5855], [15.45315, 68.55679], [15.39195, 68.60576], [15.45315, 68.59732], [15.43875, 68.61927], [15.55036, 68.62603], [15.58996, 68.60576], [15.62956, 68.61252], [15.49635, 68.64291], [15.43875, 68.70708], [15.44955, 68.72903], [15.60436, 68.73578], [15.68716, 68.71045], [15.64036, 68.74254], [15.49995, 68.74254], [15.45675, 68.76955], [15.45315, 68.81177], [15.63676, 68.82528], [15.55036, 68.8523], [15.62596, 68.88607], [15.64396, 68.9553], [15.90676, 68.95868], [15.87076, 68.78982], [15.76276, 68.73578], [15.95716, 68.79151], [15.98956, 68.7628], [15.93196, 68.68344], [15.77356, 68.63278], [15.74116, 68.52978], [15.85996, 68.63447], [16.00396, 68.67837], [16.08316, 68.63953], [16.03276, 68.71214], [16.10836, 68.74085], [16.21276, 68.73578], [16.09756, 68.83203], [16.20556, 68.85905], [16.28476, 68.84048], [16.25596, 68.90295], [16.43956, 68.84892], [16.45396, 68.81515], [16.55477, 68.82528], [16.49356, 68.78982], [16.54757, 68.78306], [16.52957, 68.72227], [16.57637, 68.70708]], [[15.68716, 68.71045], [15.71236, 68.70201], [15.68716, 68.71045], [15.68716, 68.71045]]], [[[16.84277, 68.72565], [16.84277, 68.77293], [17.01557, 68.86074], [17.14517, 68.76955], [16.84277, 68.72565]]], [[[14.36954, 68.68681], [14.54235, 68.73578], [14.43794, 68.75605], [14.52435, 68.8067], [14.57115, 68.74591], [14.62515, 68.73578], [14.58915, 68.74929], [14.65035, 68.83372], [14.68635, 68.75773], [14.84475, 68.79657], [14.90595, 68.75942], [14.95275, 68.81684], [14.90595, 68.84554], [14.95275, 68.8658], [15.00675, 68.7932], [15.04995, 68.8523], [15.15795, 68.81684], [15.00675, 68.98063], [15.12555, 69.01609], [15.24075, 68.91308], [15.18675, 68.88607], [15.27315, 68.91984], [15.29475, 68.90633], [15.24075, 68.82528], [15.32715, 68.85905], [15.38475, 68.8523], [15.35235, 68.80333], [15.27315, 68.79657], [15.27315, 68.7628], [15.39555, 68.73072], [15.33795, 68.65304], [15.06435, 68.57875], [14.84115, 68.59225], [14.83395, 68.6446], [15.16515, 68.70201], [15.15075, 68.75605], [15.02475, 68.77124], [14.99235, 68.7628], [15.06795, 68.74929], [15.02115, 68.71214], [14.95995, 68.70708], [14.95995, 68.72903], [14.90235, 68.68175], [14.82675, 68.67331], [14.81595, 68.71552], [14.75115, 68.66824], [14.67915, 68.70708], [14.61795, 68.62603], [14.49194, 68.60745], [14.41634, 68.61927], [14.43074, 68.66655], [14.36954, 68.68681]]], [[[17.29997, 68.80333], [17.19197, 68.80333], [17.10557, 68.9249], [17.25677, 68.85567], [17.22437, 68.92153], [17.40437, 68.89282], [17.44037, 68.8658], [17.29997, 68.80333]]], [[[14.89155, 68.87256], [14.87355, 68.92997], [14.95995, 68.92659], [14.98875, 68.88438], [14.89155, 68.87256]]], [[[16.43596, 68.89113], [16.26316, 68.96881], [16.30636, 68.99582], [16.58357, 68.96205], [16.58717, 68.89789], [16.43596, 68.89113]]], [[[17.57358, 69.09038], [17.40077, 68.98907], [17.35037, 68.99582], [17.41877, 69.07856], [17.57358, 69.09038]]], [[[15.42435, 68.96205], [15.56836, 69.10558], [15.79156, 69.1613], [15.86356, 69.24911], [16.12996, 69.31159], [16.07596, 69.15455], [15.84916, 69.0296], [15.63316, 68.98738], [15.52876, 69.00933], [15.56476, 68.95192], [15.46395, 68.88269], [15.42435, 68.96205]]], [[[18.07038, 69.34874], [17.90478, 69.31834], [17.96598, 69.26262], [17.87958, 69.24236], [18.00918, 69.20183], [17.95878, 69.17988], [17.48717, 69.15455], [17.53038, 69.20183], [17.47277, 69.20014], [17.18837, 69.08363], [17.15957, 69.04986], [17.21357, 69.04479], [17.13077, 69.01102], [17.04077, 69.01609], [17.13797, 69.07181], [17.10917, 69.08532], [16.82477, 69.05492], [16.77797, 69.07012], [16.78517, 69.10896], [16.89677, 69.10389], [16.89317, 69.12584], [17.05517, 69.1326], [17.05517, 69.15962], [17.17397, 69.20183], [17.04797, 69.17988], [16.90037, 69.19508], [16.87877, 69.22209], [17.08757, 69.22885], [17.14517, 69.25587], [17.08757, 69.28964], [17.04077, 69.26769], [16.97957, 69.27613], [17.00837, 69.29808], [16.90757, 69.29808], [16.91477, 69.31834], [17.13077, 69.31159], [17.04077, 69.34536], [17.08397, 69.36225], [16.87877, 69.35887], [16.92557, 69.39433], [17.27477, 69.39433], [17.40077, 69.36562], [17.28197, 69.41459], [17.49437, 69.4281], [17.24237, 69.45512], [17.18477, 69.5024], [17.31797, 69.46187], [17.30357, 69.48213], [17.39357, 69.48213], [17.30357, 69.52266], [17.34317, 69.53786], [17.64558, 69.46187], [17.47637, 69.55305], [17.46917, 69.60033], [17.65638, 69.50915], [17.65998, 69.60033], [17.75358, 69.54123], [17.85798, 69.58683], [17.89398, 69.53617], [17.82918, 69.44836], [17.94438, 69.52266], [18.04878, 69.49564], [17.94078, 69.4281], [18.00198, 69.40953], [18.02358, 69.44161], [18.07038, 69.43823], [18.07038, 69.34874]]], [[[19.03519, 69.74386], [18.79399, 69.67632], [18.76879, 69.64593], [18.83719, 69.60371], [18.73279, 69.56487], [18.62479, 69.57838], [18.19278, 69.5311], [17.99478, 69.59189], [18.03078, 69.63242], [18.23598, 69.62904], [18.28998, 69.59189], [18.39078, 69.63411], [18.28998, 69.63917], [18.21438, 69.71347], [18.63199, 69.70165], [18.35118, 69.73036], [18.33318, 69.78101], [18.38358, 69.7979], [18.50239, 69.75062], [18.55639, 69.79621], [18.65359, 69.80465], [18.66439, 69.71347], [18.76159, 69.68814], [18.79039, 69.78439], [18.67519, 69.84687], [18.67879, 69.8857], [18.76519, 69.87051], [18.82279, 69.8857], [18.83719, 69.84518], [18.98479, 69.83336], [19.04599, 69.80296], [19.03519, 69.74386]]], [[[19.48519, 69.83842], [19.44199, 69.85869], [19.532, 69.91948], [19.8128, 70.00222], [19.856, 69.97351], [19.7192, 69.86544], [19.48519, 69.83842]]], [[[19.532, 69.94649], [19.37359, 69.82323], [19.12159, 69.78777], [18.72919, 69.94818], [18.88399, 69.9448], [18.93439, 69.97013], [18.84439, 69.98195], [18.84439, 70.01572], [19.03159, 70.03768], [19.07479, 70.01572], [19.11799, 70.03092], [19.06399, 70.0782], [19.20799, 70.09847], [19.23319, 70.06469], [19.32319, 70.0782], [19.29079, 70.03092], [19.39159, 69.99208], [19.5356, 70.05794], [19.5824, 69.99377], [19.6688, 70.01741], [19.6832, 69.98533], [19.532, 69.94649]]], [[[18.65719, 70.04781], [18.72199, 70.11535], [18.77959, 70.10184], [18.80479, 70.05963], [18.89119, 70.10691], [18.97399, 70.07314], [18.70039, 69.98533], [18.65719, 70.04781]]], [[[19.40959, 70.16263], [19.5716, 70.11197], [19.55, 70.09509], [19.34479, 70.11873], [19.40959, 70.16263]]], [[[20.68761, 70.07145], [20.58681, 70.04612], [20.57601, 70.11029], [20.50761, 70.05794], [20.3996, 70.08496], [20.414, 70.17107], [20.58681, 70.23693], [20.73441, 70.23693], [20.82441, 70.20991], [20.79561, 70.06807], [20.68761, 70.07145]]], [[[20.018, 70.06976], [19.7768, 70.06807], [19.7012, 70.18121], [19.5356, 70.25044], [19.5932, 70.25044], [19.6148, 70.27914], [19.6904, 70.2859], [19.8164, 70.16939], [19.874, 70.21667], [19.9568, 70.15419], [20.1548, 70.12042], [20.018, 70.06976]]], [[[19.22959, 70.14068], [19.13959, 70.11029], [18.99559, 70.1525], [19.06399, 70.17107], [19.09999, 70.15757], [19.13959, 70.20147], [19.09279, 70.23862], [19.19719, 70.25719], [19.22959, 70.14068]]], [[[29.8857, 69.78101], [29.8461, 69.79621], [29.7957, 69.75568], [29.7129, 69.76413], [29.8785, 69.91441], [29.9937, 69.89415], [30.0225, 69.83167], [30.1089, 69.82829], [29.8857, 69.78101]]], [[[20.55441, 69.80128], [20.56161, 69.89584], [20.71281, 69.90934], [20.70561, 69.81647], [20.55441, 69.80128]]], [[[20.77401, 69.97182], [20.82441, 70.04274], [20.95761, 70.0039], [21.09801, 70.01066], [20.89281, 69.93805], [20.77401, 69.97182]]], [[[20.85681, 70.14575], [20.91441, 70.1086], [20.86041, 70.06976], [20.79201, 70.11873], [20.85681, 70.14575]]], [[[23.00243, 70.24875], [22.44442, 70.29096], [22.37242, 70.33149], [22.42282, 70.36188], [22.50563, 70.32473], [22.48402, 70.38383], [22.59923, 70.36695], [22.67483, 70.39903], [22.71443, 70.33655], [22.75763, 70.39565], [22.80443, 70.34162], [22.95563, 70.32473], [22.92323, 70.30447], [23.00963, 70.28083], [23.00243, 70.24875]]], [[[21.70282, 70.26226], [21.67762, 70.30785], [21.71362, 70.3889], [21.80002, 70.34669], [21.70282, 70.26226]]], [[[23.59284, 70.41592], [23.29403, 70.33149], [23.38043, 70.31798], [23.15363, 70.27745], [23.08163, 70.30109], [23.13563, 70.41423], [23.03843, 70.34162], [22.85483, 70.40747], [22.94123, 70.40747], [22.89803, 70.45138], [23.01683, 70.49697], [23.22203, 70.51723], [23.17523, 70.54763], [23.26163, 70.53581], [23.27963, 70.47671], [23.30843, 70.551], [23.40923, 70.53074], [23.41283, 70.56114], [23.53884, 70.54425], [23.39123, 70.61855], [23.46323, 70.6253], [23.57484, 70.61348], [23.58204, 70.53074], [23.65764, 70.50372], [23.59284, 70.41592]]], [[[23.80524, 70.51386], [23.64324, 70.59997], [23.69004, 70.66752], [23.63604, 70.69284], [23.70804, 70.74857], [23.81604, 70.75194], [23.83044, 70.70298], [23.97804, 70.70635], [24.12924, 70.62024], [23.92764, 70.52399], [23.80524, 70.51386]]], [[[22.28602, 70.54087], [22.24282, 70.49022], [22.15282, 70.47164], [22.23562, 70.57971], [22.33282, 70.61348], [22.04122, 70.59322], [22.07362, 70.63374], [21.97642, 70.63712], [21.98722, 70.66245], [22.22122, 70.63206], [22.26442, 70.67427], [22.41562, 70.62699], [22.38322, 70.70973], [22.49122, 70.67596], [22.54163, 70.71817], [22.65323, 70.68778], [22.59563, 70.65232], [22.63163, 70.63543], [22.68923, 70.66076], [22.72523, 70.60335], [22.74683, 70.64725], [22.82603, 70.64725], [22.72163, 70.74857], [22.80443, 70.76376], [22.85483, 70.72324], [22.92323, 70.72493], [22.89443, 70.69453], [22.97003, 70.66076], [23.02403, 70.72324], [23.12123, 70.70973], [23.09963, 70.73675], [23.18243, 70.73675], [23.05283, 70.7739], [23.06723, 70.81273], [23.16083, 70.79078], [23.16083, 70.82624], [23.27243, 70.77727], [23.33003, 70.77896], [23.31203, 70.8617], [23.37323, 70.85833], [23.48483, 70.79922], [23.38763, 70.78403], [23.45603, 70.77052], [23.40203, 70.7435], [23.33363, 70.75026], [23.27243, 70.68102], [23.15723, 70.69453], [23.15363, 70.63206], [23.06003, 70.62699], [23.11403, 70.61348], [23.08883, 70.58646], [23.01683, 70.60335], [22.97723, 70.5662], [22.88003, 70.57971], [22.92683, 70.54932], [22.83323, 70.551], [22.79003, 70.52399], [22.77923, 70.551], [22.64243, 70.56451], [22.63163, 70.52568], [22.56683, 70.50372], [22.48762, 70.53243], [22.46962, 70.49528], [22.40842, 70.51386], [22.30762, 70.50372], [22.28602, 70.54087]]], [[[24.24444, 70.95626], [24.04284, 70.91405], [23.90964, 70.95626], [24.03924, 70.97653], [23.88444, 70.99679], [23.96004, 71.02887], [24.22284, 70.99679], [24.07164, 70.98328], [24.07164, 70.96302], [24.24444, 70.95626]]], [[[26.20646, 71.01367], [25.90046, 70.96133], [25.73126, 70.97484], [25.75286, 70.94275], [25.55486, 70.92756], [25.41805, 70.98328], [25.56206, 71.01705], [25.45405, 71.03056], [25.30645, 71.0103], [25.31365, 71.07277], [25.40005, 71.08628], [25.45765, 71.07277], [25.47205, 71.10317], [25.71686, 71.05251], [25.55486, 71.14032], [25.66646, 71.16565], [25.68446, 71.14538], [25.80686, 71.15383], [25.80686, 71.09641], [26.03006, 71.11668], [25.99046, 71.06771], [25.88966, 71.05251], [25.96526, 71.03731], [25.95806, 71.00185], [26.05526, 71.00354], [26.21006, 71.04913], [26.20646, 71.01367]]], [[[24.83485, 71.09979], [24.75565, 71.02549], [24.61525, 71.05589], [24.67285, 71.08797], [24.73405, 71.0694], [24.71245, 71.10823], [24.83485, 71.09979]]]]}}, {"type": "Feature", "properties": {"part": "mainland_main_ring", "purpose": "single closed path for stroke draw-on; starts at Lindesnes, runs counter-/clockwise as in source ring", "n_vertices": 1993, "length_km": 16288.0}, "geometry": {"type": "LineString", "coordinates": [[7.00747, 57.99305], [7.00027, 58.0302], [7.08667, 58.07073], [7.11547, 58.05891], [7.14787, 58.09944], [6.93547, 58.0454], [6.97867, 58.10619], [6.89947, 58.05216], [6.90667, 58.09944], [6.86707, 58.07917], [6.80587, 58.09944], [6.98947, 58.14165], [6.87427, 58.1349], [6.77707, 58.18218], [6.80947, 58.12139], [6.73027, 58.1197], [6.72307, 58.18893], [6.68707, 58.12139], [6.78427, 58.06566], [6.61867, 58.06904], [6.53227, 58.12139], [6.59707, 58.17711], [6.67627, 58.18218], [6.67627, 58.2075], [6.84547, 58.27167], [6.67987, 58.2227], [6.63307, 58.27505], [6.65467, 58.30206], [6.69427, 58.29193], [6.68707, 58.32739], [6.61867, 58.31895], [6.62587, 58.24465], [6.56107, 58.24296], [6.01026, 58.3848], [5.95626, 58.47768], [5.79786, 58.4895], [5.77986, 58.52158], [5.70426, 58.52158], [5.64666, 58.5486], [5.47745, 58.7546], [5.52786, 58.78331], [5.53146, 58.86943], [5.57106, 58.89476], [5.53866, 58.95554], [5.61786, 58.90658], [5.62506, 58.92515], [5.54946, 58.97074], [5.57826, 58.98932], [5.52426, 58.991], [5.54946, 59.03828], [5.71506, 58.9775], [5.71506, 58.86774], [5.73666, 58.92853], [5.81946, 58.93697], [5.81586, 58.96061], [5.85186, 58.96568], [6.13626, 58.83903], [6.22986, 58.84072], [6.11826, 58.85423], [6.06426, 58.88462], [6.12546, 58.9623], [6.62587, 59.05348], [6.16146, 58.99776], [6.03546, 58.90489], [5.97426, 58.96399], [6.04986, 58.99776], [6.01026, 59.02478], [5.93466, 59.01802], [5.87706, 59.06699], [5.89146, 59.10414], [6.12546, 59.14804], [6.01026, 59.14973], [6.17226, 59.26118], [6.32346, 59.31521], [6.46026, 59.32028], [6.31266, 59.32365], [6.15426, 59.26793], [6.08586, 59.30677], [6.23706, 59.32028], [6.19746, 59.35236], [6.17226, 59.32197], [6.14706, 59.34054], [6.09306, 59.32028], [6.05706, 59.35405], [6.03906, 59.32703], [5.99586, 59.33379], [6.04266, 59.38444], [6.17586, 59.44354], [6.19026, 59.43003], [6.24426, 59.51109], [6.54307, 59.56005], [6.50347, 59.57187], [6.23706, 59.52628], [6.31266, 59.6563], [6.28746, 59.64955], [6.15426, 59.45874], [6.04266, 59.40471], [5.98146, 59.43003], [5.99586, 59.38107], [5.92386, 59.35574], [5.88786, 59.44692], [6.15426, 59.47731], [6.10386, 59.49251], [5.90226, 59.479], [5.80866, 59.53979], [5.77626, 59.52628], [5.79786, 59.46381], [5.74746, 59.44523], [5.70786, 59.47056], [5.71506, 59.44692], [5.64666, 59.40808], [5.78346, 59.43003], [5.85906, 59.35067], [5.70426, 59.34054], [5.61066, 59.29326], [5.64666, 59.33379], [5.58546, 59.41653], [5.56746, 59.3169], [5.50626, 59.27806], [5.43425, 59.30846], [5.43425, 59.40471], [5.39825, 59.29664], [5.34785, 59.41653], [5.29745, 59.34392], [5.20025, 59.43003], [5.18225, 59.51109], [5.24345, 59.52628], [5.20025, 59.54655], [5.34425, 59.64786], [5.38745, 59.64955], [5.41265, 59.59551], [5.39825, 59.66981], [5.48825, 59.73736], [5.48825, 59.57525], [5.41625, 59.54317], [5.41625, 59.50433], [5.51706, 59.53979], [5.56386, 59.67657], [5.72226, 59.66306], [5.71506, 59.60733], [5.75466, 59.60902], [5.79066, 59.6563], [5.88066, 59.6563], [5.88066, 59.67657], [5.78706, 59.65968], [5.74746, 59.67488], [5.81586, 59.72891], [5.88786, 59.73736], [5.90226, 59.76437], [5.98506, 59.73567], [6.03906, 59.7458], [6.29106, 59.84036], [6.31266, 59.85387], [5.96346, 59.75931], [5.93466, 59.79477], [5.97066, 59.86062], [5.91306, 59.79139], [5.83026, 59.77282], [5.71506, 59.83192], [5.72226, 59.86062], [5.68266, 59.84205], [5.64666, 59.85387], [5.74386, 59.88257], [5.77266, 59.93154], [5.97066, 59.96025], [5.94906, 59.9974], [6.01026, 60.05818], [6.29106, 60.12235], [6.25506, 60.16288], [6.20106, 60.12573], [6.10386, 60.10715], [6.07506, 60.19834], [6.14346, 60.21522], [6.20106, 60.29965], [6.27666, 60.31316], [6.35226, 60.36888], [6.50347, 60.43136], [6.64027, 60.41616], [6.53227, 60.2625], [6.51067, 60.13586], [6.52507, 60.08014], [6.57187, 60.27263], [6.65467, 60.38239], [6.80227, 60.47357], [6.94267, 60.49215], [7.07947, 60.47864], [7.10467, 60.50566], [6.89947, 60.50566], [7.01827, 60.5884], [6.98947, 60.59009], [6.83827, 60.49553], [6.65467, 60.43305], [6.60427, 60.43305], [6.60067, 60.46513], [6.69427, 60.51917], [6.29826, 60.38915], [6.24786, 60.39759], [6.17586, 60.4702], [6.24066, 60.37901], [6.11826, 60.36888], [6.19026, 60.35537], [6.13986, 60.25406], [5.99586, 60.26419], [5.90586, 60.16288], [5.85906, 60.16288], [5.85546, 60.02441], [5.78346, 60.00415], [5.77266, 60.02272], [5.75466, 59.99064], [5.68266, 60.03961], [5.70066, 60.06663], [5.79066, 60.07676], [5.79786, 60.09364], [5.73306, 60.08014], [5.70066, 60.10378], [5.70786, 60.17639], [5.79066, 60.21185], [5.68266, 60.18989], [5.64666, 60.14937], [5.57106, 60.14093], [5.54226, 60.16288], [5.56386, 60.20509], [5.70786, 60.23211], [5.59986, 60.23211], [5.63226, 60.27263], [5.57106, 60.23886], [5.73666, 60.39252], [5.63946, 60.34693], [5.63226, 60.36888], [5.52786, 60.21691], [5.40905, 60.13079], [5.30465, 60.18989], [5.35145, 60.21691], [5.22185, 60.21185], [5.31185, 60.26588], [5.16065, 60.28445], [5.17145, 60.31654], [5.22905, 60.3216], [5.14265, 60.352], [5.17865, 60.38915], [5.29745, 60.3959], [5.23625, 60.47357], [5.30465, 60.52761], [5.47745, 60.43474], [5.57466, 60.41447], [5.65386, 60.43136], [5.71506, 60.48371], [5.75106, 60.71842], [5.66466, 60.70322], [5.67546, 60.75726], [5.59266, 60.69816], [5.53506, 60.69816], [5.52786, 60.62892], [5.27585, 60.55969], [5.08505, 60.6627], [5.22905, 60.62048], [5.08505, 60.71166], [5.14625, 60.70322], [5.12465, 60.72517], [5.05985, 60.73024], [4.92665, 60.79947], [4.98065, 60.8096], [5.27945, 60.7218], [5.34785, 60.64074], [5.35145, 60.6627], [5.43425, 60.62892], [5.36945, 60.67452], [5.43425, 60.6627], [5.36225, 60.74206], [5.28305, 60.74712], [5.23625, 60.77583], [5.35145, 60.81298], [5.35505, 60.8535], [5.53866, 60.87546], [5.47025, 60.90754], [5.32625, 60.8687], [5.29385, 60.82311], [5.18945, 60.82818], [5.16785, 60.85519], [5.14985, 60.81467], [5.13185, 60.83493], [5.06705, 60.83493], [4.98065, 60.95144], [5.01305, 60.96495], [5.07785, 60.94975], [5.09945, 60.87714], [5.13905, 60.99197], [5.02385, 60.97846], [5.00225, 61.01561], [5.06705, 61.07302], [5.43425, 61.02743], [5.44865, 60.99535], [5.45945, 61.04938], [5.52786, 61.07471], [5.63946, 61.05951], [5.60346, 61.08822], [5.77266, 61.11523], [5.77986, 61.06458], [5.86266, 61.11861], [6.10026, 61.12199], [6.25866, 61.09328], [6.24426, 61.046], [6.35946, 61.06795], [6.35586, 61.01054], [6.43866, 61.08146], [6.54667, 61.10341], [6.60067, 61.17602], [6.83827, 61.13887], [6.86707, 61.08991], [6.95707, 61.08822], [7.01107, 61.00885], [6.87427, 60.93793], [7.05067, 60.96495], [7.12987, 60.92611], [7.10467, 60.86195], [7.15867, 60.89741], [7.16227, 60.95144], [7.09387, 60.96326], [7.00027, 61.09328], [7.16587, 61.11017], [7.22347, 61.14056], [7.43587, 61.10173], [7.36027, 61.15238], [7.45387, 61.19291], [7.60508, 61.19797], [7.69508, 61.23175], [7.38907, 61.19797], [7.31347, 61.28747], [7.38187, 61.37865], [7.57268, 61.48503], [7.34587, 61.38878], [7.26307, 61.39554], [7.30987, 61.36346], [7.24147, 61.2976], [7.36027, 61.19122], [7.30627, 61.16251], [7.21267, 61.18447], [7.13707, 61.14563], [6.95347, 61.11186], [6.91747, 61.1355], [7.00387, 61.18447], [6.89587, 61.16251], [6.55747, 61.22499], [6.69067, 61.33981], [6.70147, 61.40229], [6.60427, 61.27903], [6.56467, 61.26552], [6.52867, 61.28747], [6.49986, 61.26889], [6.53587, 61.20473], [6.46386, 61.20811], [6.50707, 61.14732], [6.43506, 61.11523], [6.28386, 61.12537], [6.17586, 61.18447], [6.07506, 61.14732], [5.95986, 61.16251], [6.03546, 61.20473], [5.94186, 61.16927], [5.80506, 61.15576], [5.78346, 61.19629], [5.75106, 61.15576], [5.55666, 61.13719], [5.42345, 61.07977], [5.37665, 61.07977], [5.29745, 61.12874], [5.19305, 61.1051], [5.17145, 61.14056], [5.22905, 61.14225], [5.05985, 61.15745], [5.05985, 61.18784], [5.22185, 61.16251], [5.21465, 61.18447], [5.25065, 61.18447], [5.16785, 61.22161], [4.98785, 61.22499], [5.06345, 61.24525], [5.01305, 61.23681], [4.96265, 61.26552], [5.16065, 61.31111], [5.20025, 61.34319], [5.27945, 61.32124], [5.31905, 61.25201], [5.31905, 61.31786], [5.25785, 61.34826], [5.63226, 61.36177], [5.55306, 61.37865], [5.16425, 61.3567], [5.05985, 61.32293], [4.99865, 61.37696], [5.04545, 61.40229], [5.06345, 61.37528], [5.11025, 61.431], [4.94825, 61.4158], [5.16425, 61.45126], [5.18225, 61.47152], [5.52066, 61.42931], [5.66826, 61.48503], [5.80506, 61.45802], [5.74746, 61.49348], [5.66466, 61.49854], [5.45945, 61.45295], [5.44145, 61.47997], [5.29025, 61.47997], [5.13905, 61.52387], [5.13905, 61.55426], [5.35865, 61.55426], [5.14625, 61.59479], [5.42705, 61.58972], [5.26865, 61.61505], [5.34065, 61.64376], [4.96985, 61.63532], [4.94105, 61.67753], [4.98785, 61.74676], [5.16785, 61.72481], [5.12465, 61.75183], [5.18945, 61.76871], [5.06345, 61.76027], [5.07785, 61.77378], [5.33705, 61.84132], [5.29025, 61.86159], [5.39465, 61.91055], [5.67546, 61.88691], [5.74386, 61.84808], [5.61786, 61.81431], [5.94186, 61.8447], [5.89866, 61.73832], [5.99226, 61.83457], [6.12186, 61.7704], [6.17946, 61.76703], [6.05706, 61.83457], [6.29106, 61.83457], [6.47466, 61.80417], [6.58987, 61.87003], [6.66907, 61.87341], [6.77707, 61.84132], [6.82027, 61.87678], [6.67627, 61.89705], [6.55387, 61.87847], [6.47466, 61.82613], [6.25866, 61.85652], [6.09666, 61.84808], [5.88786, 61.88354], [5.80506, 61.85652], [5.72946, 61.8886], [5.95986, 61.91731], [5.42705, 61.93757], [5.15705, 61.89536], [5.09945, 61.91731], [5.13905, 61.97134], [5.22905, 61.95783], [5.31185, 62.02707], [5.40185, 62.02031], [5.20745, 62.10305], [5.11025, 62.10981], [5.08505, 62.19086], [5.14625, 62.19086], [5.17145, 62.2145], [5.27585, 62.16891], [5.26865, 62.13513], [5.45225, 62.06253], [5.46305, 62.0068], [5.53506, 62.07941], [5.59266, 62.06759], [5.39105, 62.12331], [5.45585, 62.19086], [5.62146, 62.16553], [5.75106, 62.08785], [5.66826, 62.17059], [5.85906, 62.20437], [5.90586, 62.19086], [5.92026, 62.11994], [5.84466, 62.02031], [5.95626, 62.1402], [6.04266, 62.09967], [6.04986, 62.06759], [6.20826, 62.0811], [6.36666, 62.06084], [6.07506, 62.11487], [5.92746, 62.1993], [5.92746, 62.22632], [6.06426, 62.20437], [5.94906, 62.24489], [5.97786, 62.28035], [6.30906, 62.37154], [6.55027, 62.17059], [6.53227, 62.10981], [6.59347, 62.13513], [6.58267, 62.16046], [6.41706, 62.31075], [6.39906, 62.38673], [6.49986, 62.39855], [6.56467, 62.35634], [6.54307, 62.41037], [6.70867, 62.4509], [6.87787, 62.41713], [6.88507, 62.34114], [6.98947, 62.2736], [7.00747, 62.20943], [6.94267, 62.13682], [6.95707, 62.10305], [6.98947, 62.08954], [7.14067, 62.11656], [7.18747, 62.10305], [7.14787, 62.13007], [7.02907, 62.09967], [6.97867, 62.11318], [7.03627, 62.1841], [7.03627, 62.2736], [7.11187, 62.28035], [7.20907, 62.25165], [7.30987, 62.28204], [7.41427, 62.23138], [7.37467, 62.2736], [7.29187, 62.29724], [7.02187, 62.30399], [6.95707, 62.32594], [6.91387, 62.36985], [6.97507, 62.3766], [6.85267, 62.45428], [6.75547, 62.46441], [6.79147, 62.47792], [6.39906, 62.42557], [6.30546, 62.45934], [6.24426, 62.4509], [6.45306, 62.50156], [6.67627, 62.49311], [6.61507, 62.52013], [6.47466, 62.51338], [6.56467, 62.52688], [6.53227, 62.53702], [6.26226, 62.52688], [6.26586, 62.59274], [6.53587, 62.61638], [6.61147, 62.56066], [6.62227, 62.61976], [6.64747, 62.60963], [6.75547, 62.65522], [6.91747, 62.57416], [6.92827, 62.62313], [6.88867, 62.6434], [7.09387, 62.65015], [7.03627, 62.62313], [7.09747, 62.613], [7.12627, 62.53364], [7.15867, 62.62989], [7.36387, 62.59274], [7.42867, 62.54884], [7.51868, 62.54039], [7.54388, 62.50324], [7.57268, 62.55052], [7.77788, 62.57416], [7.46107, 62.57416], [7.41787, 62.63327], [7.47907, 62.64002], [7.51868, 62.5843], [7.52228, 62.67379], [7.83548, 62.73289], [7.99388, 62.73627], [8.14868, 62.69237], [8.04428, 62.75991], [8.07308, 62.78017], [7.64468, 62.72783], [7.48987, 62.6873], [7.36027, 62.69743], [7.40347, 62.71263], [7.36747, 62.73289], [7.47187, 62.76666], [7.68068, 62.79368], [7.60868, 62.79537], [7.31347, 62.74471], [6.97147, 62.72614], [6.96067, 62.78355], [7.01107, 62.81563], [7.21627, 62.81563], [7.13347, 62.8494], [7.01827, 62.84096], [6.89227, 62.92201], [7.23787, 63.01488], [7.50068, 62.91019], [7.66988, 62.97942], [7.78148, 62.97267], [7.69508, 62.91188], [7.97228, 62.97773], [8.08748, 62.94565], [8.15588, 62.81563], [8.51229, 62.70756], [8.54469, 62.65691], [8.54469, 62.72107], [8.17028, 62.85785], [8.20988, 62.91188], [8.14868, 62.95072], [7.98308, 63.0267], [7.94348, 63.01995], [7.96868, 63.00644], [7.87868, 63.00982], [7.99748, 63.09256], [8.08748, 63.10944], [8.14148, 63.03684], [8.33588, 62.9676], [8.32868, 62.88149], [8.38988, 62.88993], [8.52309, 62.84434], [8.52309, 62.87135], [8.45108, 62.89499], [8.59509, 62.86967], [8.70309, 62.82239], [8.62029, 62.87811], [8.47988, 62.90681], [8.41508, 62.95916], [8.66709, 62.97942], [8.54469, 62.97942], [8.58789, 63.01995], [8.55549, 63.02333], [8.37548, 62.97267], [8.31788, 62.99969], [8.46908, 63.01995], [8.23868, 63.02502], [8.16668, 63.11451], [8.22068, 63.13477], [8.28548, 63.07567], [8.31788, 63.10944], [8.23508, 63.14997], [8.54469, 63.13308], [8.64189, 63.10944], [8.57709, 63.1753], [8.94429, 63.21245], [8.61309, 63.204], [8.47628, 63.2935], [8.76429, 63.34922], [8.63829, 63.39144], [8.67069, 63.42183], [8.71749, 63.40832], [8.79309, 63.43196], [8.87949, 63.39819], [8.89029, 63.42183], [8.99829, 63.41845], [8.96589, 63.43365], [9.01989, 63.46573], [9.14949, 63.37624], [9.09189, 63.2935], [9.14229, 63.33065], [9.47709, 63.40326], [9.21789, 63.37117], [9.16749, 63.40157], [9.18189, 63.43534], [9.48429, 63.48262], [9.33309, 63.46573], [9.25749, 63.49951], [9.29349, 63.45898], [9.21069, 63.45898], [9.16749, 63.46742], [9.16029, 63.50795], [9.24309, 63.51301], [9.23589, 63.53497], [9.30069, 63.53159], [9.36909, 63.56367], [9.40509, 63.51808], [9.49509, 63.57718], [9.5743, 63.54172], [9.5455, 63.58056], [9.49149, 63.589], [9.7003, 63.64472], [9.8011, 63.56367], [9.8047, 63.51301], [9.9595, 63.4269], [9.8551, 63.32558], [10.0135, 63.36104], [10.0999, 63.32558], [10.2439, 63.32558], [10.2583, 63.26648], [10.2799, 63.31883], [10.2439, 63.34416], [10.0567, 63.37286], [10.0423, 63.40663], [10.0927, 63.43872], [10.3015, 63.46573], [10.3735, 63.44209], [10.4455, 63.45729], [10.57871, 63.43027], [10.69031, 63.45223], [10.79831, 63.41677], [10.90631, 63.4556], [10.77671, 63.48769], [10.75871, 63.51808], [10.83071, 63.55016], [10.92431, 63.55523], [10.85591, 63.56874], [10.92431, 63.60251], [10.65791, 63.54847], [10.71911, 63.6042], [11.03231, 63.71902], [11.11871, 63.70382], [11.26631, 63.77474], [11.45711, 63.78994], [11.41391, 63.85073], [11.25191, 63.86762], [11.11151, 63.84904], [11.09351, 63.86762], [11.22311, 63.94529], [11.48591, 64.00608], [11.49671, 64.02128], [11.25551, 64.03816], [11.24111, 64.0618], [11.36351, 64.11752], [11.22671, 64.07193], [11.17631, 64.00777], [10.57511, 63.80851], [10.93511, 63.89801], [11.07551, 63.83553], [10.90991, 63.73084], [10.67231, 63.68694], [10.60391, 63.63628], [10.4167, 63.57887], [10.2403, 63.56198], [10.0819, 63.50795], [9.9811, 63.49275], [9.9199, 63.5147], [9.9019, 63.589], [9.8335, 63.60251], [9.7939, 63.66836], [9.7975, 63.692], [9.9991, 63.72409], [10.0999, 63.76799], [10.0063, 63.74604], [10.0279, 63.78319], [9.5455, 63.66499], [9.5527, 63.72577], [9.7795, 63.76799], [9.5815, 63.75955], [9.5455, 63.77474], [9.8731, 63.86255], [9.7939, 63.8845], [9.8911, 63.90308], [9.9271, 63.8845], [10.1143, 63.94191], [10.1971, 63.93854], [10.1431, 63.96555], [9.9415, 63.91827], [10.1287, 63.9875], [9.9379, 63.9588], [10.0171, 64.03478], [9.9991, 64.10908], [10.1071, 64.09051], [10.1935, 64.10064], [10.2187, 64.12428], [10.1071, 64.11752], [10.1971, 64.15805], [10.1683, 64.19858], [10.2979, 64.2104], [10.3735, 64.18507], [10.2583, 64.24586], [10.4923, 64.29483], [10.4491, 64.3134], [10.4707, 64.3573], [10.56071, 64.3286], [10.50311, 64.37081], [10.59671, 64.34548], [10.65071, 64.3573], [10.56071, 64.40289], [10.4635, 64.40458], [10.4959, 64.42991], [10.62911, 64.39783], [10.60391, 64.45186], [10.81631, 64.37081], [10.85591, 64.37757], [10.77311, 64.44173], [10.65791, 64.45186], [10.76231, 64.48057], [10.84151, 64.46537], [10.82351, 64.51096], [10.89191, 64.4755], [10.95671, 64.48732], [10.91711, 64.57513], [10.95671, 64.60383], [11.06111, 64.57513], [11.07551, 64.52278], [11.17631, 64.47888], [11.16191, 64.4468], [11.26991, 64.45186], [11.34191, 64.4316], [11.22311, 64.32184], [11.38871, 64.40458], [11.41031, 64.45186], [11.44271, 64.43835], [11.65512, 64.48057], [11.43911, 64.46537], [11.46071, 64.51096], [11.53992, 64.52109], [11.50752, 64.54811], [11.57232, 64.55655], [11.56872, 64.53798], [11.78112, 64.59708], [11.63712, 64.58188], [11.61192, 64.62916], [11.55432, 64.60383], [11.59392, 64.59708], [11.57592, 64.57513], [11.51832, 64.57344], [11.42111, 64.63592], [11.39591, 64.70684], [11.53272, 64.74399], [11.61552, 64.74061], [11.55432, 64.76763], [11.84232, 64.79464], [11.64432, 64.82335], [11.78832, 64.83517], [11.78832, 64.85712], [11.64792, 64.84361], [11.74512, 64.88414], [12.06552, 64.96012], [12.22392, 64.93986], [12.05472, 64.97363], [11.91072, 64.94999], [11.61552, 64.86894], [11.62272, 64.84361], [11.47871, 64.80984], [11.40311, 64.75918], [11.26271, 64.73386], [11.42831, 64.8166], [11.34551, 64.80478], [11.23031, 64.82335], [11.25191, 64.83855], [11.52552, 64.86219], [11.69832, 64.91284], [11.24471, 64.85712], [11.26631, 64.87063], [11.40311, 64.92298], [11.55432, 64.89934], [11.59392, 64.92466], [11.53272, 64.9044], [11.49671, 64.94155], [11.82072, 64.98039], [11.81352, 65.01754], [11.97912, 65.06819], [12.01512, 65.02936], [12.05472, 65.06482], [12.07632, 65.03949], [12.13752, 65.04624], [12.19512, 64.99558], [12.19152, 65.05131], [12.63793, 65.13067], [12.61633, 65.14925], [12.78913, 65.21341], [12.93313, 65.3333], [12.66673, 65.19653], [12.50113, 65.14418], [12.36792, 65.15093], [12.38232, 65.17795], [12.49752, 65.1999], [12.43992, 65.22692], [12.35352, 65.22692], [12.40752, 65.24718], [12.71353, 65.25394], [12.51553, 65.26745], [12.45792, 65.25394], [12.43632, 65.27251], [12.24552, 65.23367], [12.34272, 65.30291], [12.45072, 65.31304], [12.47952, 65.33668], [12.41832, 65.33499], [12.49752, 65.37045], [12.69193, 65.32992], [12.66313, 65.35525], [12.54793, 65.36369], [12.47952, 65.44643], [12.54793, 65.44643], [12.58393, 65.41773], [12.60193, 65.43293], [12.71353, 65.37045], [12.63073, 65.43293], [12.78193, 65.45994], [12.60913, 65.45994], [12.65593, 65.48021], [12.57673, 65.49878], [12.61633, 65.52918], [12.57313, 65.58996], [12.51193, 65.51229], [12.46512, 65.52242], [12.53353, 65.58321], [12.43992, 65.52918], [12.39672, 65.55113], [12.41832, 65.59672], [12.35352, 65.60347], [12.36432, 65.65244], [12.49392, 65.73349], [12.63793, 65.68621], [12.60913, 65.65075], [12.78553, 65.63893], [12.68473, 65.66088], [12.55873, 65.75376], [12.64513, 65.80779], [12.71713, 65.78922], [12.69193, 65.83481], [12.61273, 65.83481], [12.65953, 65.91248], [12.84673, 65.96652], [12.96553, 65.92599], [13.04113, 65.92599], [13.17433, 65.85507], [13.12393, 65.94288], [12.97993, 65.95976], [12.92593, 65.99353], [13.04113, 66.08303], [12.71353, 66.0425], [12.67033, 66.06277], [12.86833, 66.13369], [13.08793, 66.14551], [13.30753, 66.21811], [13.52714, 66.24007], [13.57754, 66.21811], [13.49113, 66.18603], [13.58114, 66.18603], [13.53434, 66.11005], [13.63874, 66.15733], [13.76114, 66.16577], [13.82234, 66.14719], [13.82234, 66.17252], [13.60994, 66.18603], [13.64234, 66.2198], [13.80794, 66.235], [13.76114, 66.19954], [13.97354, 66.23838], [14.14274, 66.33463], [13.96274, 66.30423], [13.90874, 66.26877], [13.75394, 66.29579], [13.72514, 66.26371], [13.62074, 66.24175], [13.57394, 66.26202], [13.62434, 66.27553], [13.57394, 66.28903], [13.41553, 66.24344], [13.28593, 66.24175], [13.06993, 66.17421], [13.03033, 66.19785], [13.16353, 66.25864], [13.32193, 66.30085], [13.53434, 66.3093], [13.40473, 66.31605], [13.45153, 66.338], [13.36513, 66.338], [13.31113, 66.37515], [13.33273, 66.32281], [13.22833, 66.29748], [13.13833, 66.30254], [13.14913, 66.32956], [13.03753, 66.31943], [13.00153, 66.35658], [13.14193, 66.38697], [13.17073, 66.4123], [13.10233, 66.45452], [13.16353, 66.46634], [12.97273, 66.52206], [13.10233, 66.54232], [13.18513, 66.52206], [13.22473, 66.45452], [13.39753, 66.46634], [13.26793, 66.46634], [13.26073, 66.52206], [13.32913, 66.53894], [13.49113, 66.55076], [13.67114, 66.5153], [13.45873, 66.56427], [13.60274, 66.60649], [13.72514, 66.6048], [13.68914, 66.61662], [13.50194, 66.60649], [13.39753, 66.55752], [13.20313, 66.55583], [13.24993, 66.61324], [13.40473, 66.62506], [13.24993, 66.6335], [13.17073, 66.65208], [13.19233, 66.66728], [13.54874, 66.63857], [13.48033, 66.67572], [13.22473, 66.71456], [13.69274, 66.69092], [13.69994, 66.71456], [13.85114, 66.71793], [13.89074, 66.73482], [13.54874, 66.72469], [13.58834, 66.76184], [13.75394, 66.76184], [13.54154, 66.77197], [13.50554, 66.7821], [13.54154, 66.80405], [13.99154, 66.79054], [13.68914, 66.83445], [13.63154, 66.9003], [13.51994, 66.90537], [13.58834, 66.93745], [13.74314, 66.93745], [13.76114, 66.96784], [13.84034, 66.96447], [13.93754, 66.99486], [13.95914, 66.9746], [13.89074, 66.95433], [13.91594, 66.92901], [13.93394, 66.92225], [13.95914, 66.92732], [14.04554, 66.98135], [14.01314, 67.02188], [14.05994, 67.06071], [14.14994, 66.97122], [14.22554, 66.98304], [14.27234, 67.06071], [14.52795, 67.04889], [14.56755, 67.0185], [14.58195, 67.05903], [14.26874, 67.08435], [14.36234, 67.16034], [14.45234, 67.16541], [14.42354, 67.10968], [14.45954, 67.15359], [14.67555, 67.16034], [14.74395, 67.11813], [14.72235, 67.16203], [14.51355, 67.1806], [14.60355, 67.20424], [14.65035, 67.18567], [14.77995, 67.21438], [14.97795, 67.21438], [14.89155, 67.15359], [14.99235, 67.09955], [14.93115, 67.15359], [15.09315, 67.21269], [15.38475, 67.15696], [15.37755, 67.09786], [15.49995, 67.07085], [15.43875, 67.09786], [15.48195, 67.15359], [15.37755, 67.20087], [15.45675, 67.21438], [15.74116, 67.17385], [15.70516, 67.21438], [15.60796, 67.20256], [15.40635, 67.23633], [15.28755, 67.20593], [15.34155, 67.24139], [15.06075, 67.24815], [15.16515, 67.31062], [15.01395, 67.29205], [14.98875, 67.2701], [14.77635, 67.2701], [14.83395, 67.2549], [14.67555, 67.21606], [14.61795, 67.21438], [14.69355, 67.24815], [14.68275, 67.27854], [14.57475, 67.25152], [14.32994, 67.24139], [14.59995, 67.37817], [14.62155, 67.42038], [14.80155, 67.42207], [14.82315, 67.37817], [15.04995, 67.4474], [14.82315, 67.4474], [14.84115, 67.46091], [14.72595, 67.48792], [14.79435, 67.52507], [15.05715, 67.57742], [15.15795, 67.5352], [15.09675, 67.53183], [15.00675, 67.56391], [15.05355, 67.51663], [15.01035, 67.48624], [14.83035, 67.47442], [15.01755, 67.46935], [15.17595, 67.5217], [15.21195, 67.48792], [15.15075, 67.48117], [15.13635, 67.42038], [15.24075, 67.47948], [15.42795, 67.48286], [15.55036, 67.34946], [15.64396, 67.30387], [15.60436, 67.28023], [15.65836, 67.27516], [15.70156, 67.30387], [15.51436, 67.42714], [15.58276, 67.46091], [15.52876, 67.46766], [15.59716, 67.50988], [15.89956, 67.55716], [15.86716, 67.57404], [15.66916, 67.55209], [15.49995, 67.50988], [15.26595, 67.52507], [15.24075, 67.58417], [15.40995, 67.58417], [15.43515, 67.56053], [15.43875, 67.61288], [15.38835, 67.63314], [15.35955, 67.60444], [15.27315, 67.6247], [15.17955, 67.61795], [15.33795, 67.68718], [15.27315, 67.69393], [15.30195, 67.72095], [15.54316, 67.67367], [15.51436, 67.69393], [15.65836, 67.68042], [15.54676, 67.71082], [15.48555, 67.699], [15.40275, 67.74121], [15.59716, 67.74965], [15.82036, 67.67705], [15.78796, 67.7277], [15.62956, 67.76316], [15.69436, 67.79693], [15.59356, 67.77329], [15.40995, 67.79693], [15.44595, 67.84421], [15.43155, 67.8611], [15.40275, 67.82395], [15.37035, 67.86448], [15.38475, 67.80369], [15.18315, 67.71419], [14.83755, 67.64327], [14.72595, 67.66016], [14.87715, 67.70069], [14.77995, 67.71419], [14.79435, 67.72939], [15.11835, 67.74121], [15.01395, 67.74628], [15.03555, 67.78343], [14.83035, 67.76316], [14.83035, 67.79187], [14.78715, 67.78343], [14.75475, 67.80369], [14.80875, 67.82564], [15.10395, 67.85097], [14.84835, 67.84421], [14.99955, 67.89487], [15.23355, 67.87292], [15.19755, 67.83071], [15.33795, 67.89994], [15.53596, 67.9202], [15.50356, 67.87967], [15.52516, 67.85097], [15.60436, 67.93033], [15.75196, 67.95228], [15.85996, 67.89994], [15.96796, 68.00801], [16.06156, 68.0097], [15.84916, 68.03671], [15.89956, 68.06711], [15.78796, 68.03502], [15.60076, 68.0384], [15.54676, 68.07386], [15.38475, 68.0232], [15.43875, 68.0097], [15.39915, 67.9945], [15.28035, 68.03671], [15.50716, 68.13296], [15.52876, 68.09075], [15.64396, 68.16842], [15.73396, 68.13972], [15.73756, 68.10257], [15.70876, 68.08399], [15.61876, 68.09075], [15.61876, 68.05698], [15.66556, 68.05022], [15.66916, 68.07217], [15.84556, 68.09581], [15.92476, 68.13296], [15.87076, 68.187], [15.94276, 68.18531], [15.94996, 68.23934], [16.01476, 68.24947], [16.04356, 68.16167], [16.10476, 68.15998], [16.04356, 68.02996], [16.19116, 67.98099], [16.23796, 67.88305], [16.43596, 67.80707], [16.51517, 67.80369], [16.45396, 67.85097], [16.27036, 67.88981], [16.27396, 67.97592], [16.20556, 68.00294], [16.27396, 68.00632], [16.45396, 67.89825], [16.46476, 67.94046], [16.33516, 68.00294], [16.38196, 68.0097], [16.45036, 67.96242], [16.54397, 67.96073], [16.46476, 67.97761], [16.50077, 68.01645], [16.36396, 68.02996], [16.38916, 68.05866], [16.46476, 68.09412], [16.66277, 68.05022], [16.68797, 68.07048], [16.50077, 68.11776], [16.34596, 68.0823], [16.28836, 68.09075], [16.24156, 68.13296], [16.47196, 68.15322], [16.41436, 68.187], [16.59077, 68.16673], [16.46836, 68.2005], [16.45396, 68.22921], [16.40716, 68.20726], [16.17316, 68.20388], [16.35676, 68.23934], [16.11916, 68.27311], [16.14796, 68.31364], [16.50797, 68.25623], [16.56197, 68.19375], [16.80317, 68.13296], [16.61237, 68.21908], [16.56917, 68.27649], [16.26316, 68.32377], [16.28116, 68.34403], [16.21996, 68.35079], [16.42156, 68.38963], [16.69517, 68.40482], [16.87157, 68.37274], [16.84637, 68.32377], [17.12717, 68.37274], [17.19557, 68.30013], [17.33237, 68.25623], [17.33237, 68.16673], [17.35037, 68.22583], [17.41877, 68.23596], [17.22437, 68.33897], [17.24957, 68.40651], [17.57718, 68.35923], [17.36477, 68.41327], [17.54118, 68.42846], [17.81838, 68.38456], [17.87238, 68.393], [17.61318, 68.45041], [17.46917, 68.44704], [17.54478, 68.52978], [17.36477, 68.50276], [17.26037, 68.45548], [17.04797, 68.43353], [17.00117, 68.44704], [17.09117, 68.48081], [16.98677, 68.50951], [16.84997, 68.44873], [16.53317, 68.43859], [16.47196, 68.52302], [16.54037, 68.54329], [16.61957, 68.53315], [16.56197, 68.59225], [16.63037, 68.64122], [16.99397, 68.70877], [17.14877, 68.63278], [17.18117, 68.64798], [17.10197, 68.66993], [17.10917, 68.69695], [17.24957, 68.72396], [17.37197, 68.71045], [17.46197, 68.66655], [17.67798, 68.6598], [17.49437, 68.69019], [17.37557, 68.75098], [17.32517, 68.73241], [17.23517, 68.75605], [17.46197, 68.81515], [17.72118, 68.778], [17.78238, 68.74929], [17.73918, 68.79151], [17.46917, 68.83203], [17.70678, 68.89282], [17.82198, 68.86749], [17.82558, 68.89451], [17.70678, 68.91308], [17.72118, 68.93504], [17.42597, 68.89958], [17.53398, 68.96036], [17.48717, 68.99582], [17.67798, 69.09207], [17.65998, 69.1174], [18.15318, 69.15455], [18.07038, 69.17819], [18.10638, 69.22885], [17.98758, 69.2356], [18.00198, 69.28626], [18.13878, 69.35211], [18.15678, 69.46018], [18.26478, 69.48889], [18.38358, 69.43148], [18.36918, 69.39264], [18.50239, 69.37069], [18.50239, 69.2356], [18.56359, 69.36393], [18.60319, 69.29977], [18.69319, 69.26431], [18.67519, 69.30483], [18.73639, 69.32341], [19.01359, 69.28626], [18.95599, 69.32847], [18.66439, 69.369], [18.57799, 69.43148], [18.45558, 69.45512], [18.49878, 69.52266], [18.85159, 69.55305], [18.84439, 69.5024], [19.00999, 69.4281], [19.01359, 69.39771], [19.14679, 69.35211], [19.34839, 69.34367], [19.38079, 69.32172], [19.35199, 69.28964], [19.16839, 69.26769], [19.18639, 69.24911], [19.25119, 69.27444], [19.30159, 69.22378], [19.38079, 69.24236], [19.5104, 69.22885], [19.43119, 69.34198], [19.32319, 69.3842], [19.11799, 69.38589], [18.99199, 69.48382], [19.03159, 69.52097], [19.17559, 69.55137], [19.26199, 69.52266], [19.22959, 69.56825], [18.99559, 69.53955], [18.94519, 69.61553], [19.09999, 69.73542], [19.24759, 69.77764], [19.784, 69.80465], [19.676, 69.68139], [19.7264, 69.64255], [19.6292, 69.52097], [19.6508, 69.46018], [19.532, 69.40108], [19.6868, 69.44499], [19.7444, 69.61216], [20.0612, 69.57838], [20.1116, 69.58514], [19.856, 69.62735], [19.8236, 69.71178], [20.0072, 69.84349], [19.9676, 69.76413], [20.0072, 69.76919], [20.1548, 69.93467], [20.2016, 69.85869], [20.2016, 69.92454], [20.2916, 69.97182], [20.4176, 69.89077], [20.3204, 69.68645], [20.378, 69.58851], [20.2736, 69.55981], [20.2772, 69.48551], [20.1692, 69.39433], [19.982, 69.33861], [19.9496, 69.26262], [20.072, 69.33523], [20.2772, 69.39264], [20.4824, 69.57838], [20.64801, 69.52097], [20.85321, 69.49564], [20.4932, 69.62735], [20.54001, 69.70503], [20.4824, 69.76413], [20.78481, 69.80128], [20.79201, 69.87895], [21.09081, 69.94818], [20.89281, 69.85362], [20.95401, 69.84687], [20.93961, 69.81816], [21.01881, 69.78777], [20.99721, 69.82492], [21.17001, 69.87557], [21.12681, 69.81141], [21.18081, 69.81985], [21.20961, 69.90766], [21.32481, 69.90766], [21.20961, 69.93467], [21.33201, 70.03092], [21.55882, 69.98871], [21.60922, 69.91272], [21.90442, 69.82492], [22.05202, 69.75062], [22.00162, 69.74049], [22.08802, 69.7388], [22.05562, 69.79283], [21.91522, 69.83842], [22.01962, 69.84518], [21.92962, 69.87895], [21.91522, 69.9448], [21.92962, 69.98364], [22.02322, 69.98533], [22.05202, 69.93805], [22.05202, 70.01741], [22.11322, 70.03092], [21.86482, 70.01235], [21.80002, 70.03768], [22.00522, 70.06132], [22.09882, 70.12042], [21.72082, 70.06132], [21.61282, 70.09847], [21.48321, 70.09847], [21.43641, 70.14912], [21.49761, 70.17445], [21.31401, 70.1677], [21.20961, 70.20822], [21.44001, 70.26901], [21.49041, 70.20822], [21.55162, 70.32136], [21.87562, 70.14743], [21.89362, 70.20822], [21.80722, 70.25719], [22.00882, 70.32473], [21.98362, 70.28421], [22.10602, 70.30447], [22.11682, 70.23355], [22.14202, 70.28421], [22.30762, 70.28759], [22.25722, 70.23017], [22.29322, 70.1677], [22.23562, 70.14068], [22.27522, 70.13561], [22.40482, 70.14743], [22.55963, 70.12717], [22.32562, 70.1677], [22.40122, 70.25888], [22.58843, 70.24199], [22.60283, 70.21835], [22.96643, 70.20822], [22.85843, 70.12548], [22.43362, 70.08833], [22.28602, 70.04443], [22.86563, 70.10522], [23.01683, 70.14743], [23.02043, 70.03768], [23.12843, 70.0343], [23.15003, 69.9752], [23.09603, 69.95494], [23.16083, 69.95156], [23.31563, 69.99715], [23.33003, 69.94818], [23.53884, 70.02417], [23.29763, 70.03937], [23.17523, 70.09171], [23.35883, 70.11535], [23.40203, 70.14068], [23.29763, 70.1677], [23.42363, 70.19471], [23.24363, 70.21667], [23.53164, 70.24368], [23.29403, 70.24368], [23.31203, 70.25719], [23.61444, 70.30447], [23.51364, 70.29772], [23.54604, 70.32473], [23.46323, 70.31798], [23.51364, 70.36526], [23.91684, 70.50879], [24.18684, 70.49359], [24.34884, 70.45644], [24.23004, 70.52399], [24.10404, 70.54087], [24.26604, 70.60673], [24.35244, 70.69116], [24.50005, 70.67765], [24.64765, 70.61855], [24.72325, 70.62024], [24.65485, 70.70973], [24.53245, 70.75026], [24.29124, 70.76376], [24.24444, 70.78403], [24.26964, 70.83806], [24.39564, 70.86677], [24.46404, 70.8178], [24.63685, 70.77896], [24.61165, 70.86001], [24.72325, 70.87352], [24.60805, 70.89379], [24.57565, 70.936], [24.65485, 70.94951], [24.58645, 70.96302], [24.66565, 70.97821], [24.84565, 70.93938], [24.82045, 70.90729], [24.98605, 70.91405], [24.97165, 70.96302], [25.03285, 70.97146], [25.05445, 70.92756], [24.91765, 70.87352], [25.06885, 70.85326], [25.15525, 70.91911], [25.26685, 70.82624], [25.24525, 70.79078], [25.34245, 70.81273], [25.39285, 70.88365], [25.36405, 70.97653], [25.53686, 70.92249], [25.44325, 70.84144], [25.66286, 70.89547], [25.75646, 70.86001], [25.88246, 70.89547], [25.92566, 70.86339], [25.75286, 70.78403], [25.63046, 70.76376], [25.61966, 70.71311], [25.07245, 70.50372], [25.24525, 70.52736], [25.28845, 70.51048], [25.24165, 70.48684], [25.06165, 70.49022], [25.09765, 70.47164], [25.24165, 70.4784], [25.28845, 70.45644], [25.25605, 70.38721], [25.15525, 70.39397], [25.07965, 70.35851], [25.13725, 70.35344], [25.12285, 70.31798], [25.18765, 70.33993], [25.20925, 70.31629], [24.97885, 70.23017], [24.94285, 70.10184], [25.03645, 70.06469], [25.01125, 70.13393], [25.09405, 70.15419], [25.11205, 70.08327], [25.22725, 70.09171], [25.54046, 70.29772], [25.42165, 70.32473], [25.43965, 70.34162], [25.96166, 70.58815], [26.06966, 70.71311], [26.61327, 70.94951], [26.69247, 70.95626], [26.72487, 70.92756], [26.66367, 70.84988], [26.68167, 70.82624], [26.74647, 70.833], [26.69247, 70.73675], [26.64207, 70.70635], [26.34326, 70.64725], [26.53767, 70.66245], [26.65647, 70.6405], [26.50527, 70.36357], [26.55567, 70.35344], [26.64927, 70.38046], [26.63487, 70.41254], [26.75367, 70.42774], [26.81127, 70.48008], [27.10287, 70.46995], [26.96607, 70.5375], [26.99127, 70.58309], [27.08127, 70.61348], [27.26487, 70.58478], [27.09927, 70.6405], [27.15687, 70.68102], [27.08127, 70.70298], [27.11007, 70.7283], [27.32967, 70.7435], [27.27927, 70.7739], [27.32247, 70.82286], [27.62848, 70.80429], [27.48087, 70.82624], [27.53488, 70.8465], [27.39087, 70.8769], [27.40887, 70.91405], [27.33687, 70.88365], [27.18927, 70.89547], [27.13527, 70.94951], [27.17127, 70.96639], [27.34767, 70.94275], [27.23247, 70.99679], [27.25407, 71.02549], [27.47727, 71.00692], [27.55288, 70.95457], [27.58168, 71.01705], [27.52408, 71.07446], [27.64288, 71.09473], [27.65008, 71.12681], [27.72208, 71.05927], [27.87688, 71.03731], [28.04248, 71.07109], [28.08208, 71.04069], [28.20808, 71.08459], [28.26208, 71.05589], [28.20448, 70.98328], [28.49248, 71.00017], [28.55009, 70.97315], [28.48168, 70.88872], [28.37008, 70.88703], [28.44568, 70.86677], [28.34488, 70.8465], [28.36288, 70.82624], [28.22608, 70.833], [28.30168, 70.81273], [28.26568, 70.79416], [28.02448, 70.79247], [27.99928, 70.81611], [27.76168, 70.79078], [27.83008, 70.77052], [27.77248, 70.7435], [27.89848, 70.76883], [28.12888, 70.73675], [28.07128, 70.70298], [27.65008, 70.60673], [27.79408, 70.61348], [28.28368, 70.71817], [28.23328, 70.61517], [27.84808, 70.48346], [27.88408, 70.42774], [27.94528, 70.48853], [27.98128, 70.49697], [27.93808, 70.46995], [28.18648, 70.50372], [28.05328, 70.45982], [28.04248, 70.44462], [28.11088, 70.46151], [28.12888, 70.44125], [28.25128, 70.51048], [28.33408, 70.51723], [28.16128, 70.38215], [28.16848, 70.13561], [28.01368, 70.07145], [28.12888, 70.08158], [28.21888, 70.15419], [28.19008, 70.28421], [28.24768, 70.41423], [28.39168, 70.49359], [28.46008, 70.49022], [28.50689, 70.448], [28.55369, 70.51048], [28.46008, 70.51723], [28.40248, 70.55945], [28.51769, 70.67765], [28.62209, 70.67765], [28.52489, 70.72155], [28.55369, 70.75026], [28.79489, 70.87352], [29.08289, 70.88028], [29.06129, 70.86001], [29.21969, 70.85495], [29.28089, 70.80429], [29.40329, 70.78403], [29.29529, 70.7435], [29.41769, 70.73675], [29.32049, 70.72324], [29.36369, 70.70973], [29.28089, 70.68102], [29.30609, 70.65232], [29.39249, 70.69791], [29.6985, 70.7435], [29.7777, 70.72662], [29.7813, 70.68947], [29.6805, 70.62024], [29.8245, 70.63374], [29.9937, 70.71311], [30.1053, 70.71142], [30.2061, 70.68102], [30.0981, 70.64725], [30.3465, 70.5966], [30.1233, 70.551], [30.1665, 70.53074], [30.0009, 70.5375], [30.1629, 70.52399], [30.50131, 70.55776], [30.81091, 70.41423], [30.94771, 70.44969], [31.06291, 70.36695], [31.01971, 70.33993], [31.07731, 70.28421], [30.54811, 70.24875], [30.4905, 70.20316], [30.3753, 70.18627], [30.3537, 70.13055], [30.1197, 70.08496], [30.1593, 70.07145], [29.21969, 70.12042], [28.65449, 70.18289], [28.61489, 70.17614], [28.59689, 70.16094], [28.75529, 70.1677], [28.62929, 70.10691], [28.84889, 70.09847], [28.73369, 70.08496], [29.13689, 70.05794], [29.19089, 70.03768], [29.15849, 70.00897], [29.34209, 70.01741], [29.6841, 69.97013], [29.36369, 69.86038], [29.43569, 69.86206], [29.5365, 69.91441], [29.7417, 69.90766], [29.7381, 69.80296], [29.5077, 69.7084], [29.48609, 69.66112], [29.6805, 69.73542], [29.9073, 69.73711], [30.0297, 69.77595], [30.0621, 69.77088], [29.9361, 69.70503], [29.9397, 69.68814], [30.0729, 69.74049], [30.1845, 69.68814], [30.1089, 69.75568], [30.2061, 69.77088], [30.1665, 69.87895], [30.2889, 69.8857], [30.3249, 69.86713], [30.2673, 69.84518], [30.4041, 69.83167], [30.4113, 69.70165], [30.3357, 69.67463], [30.4437, 69.67801], [30.4833, 69.81816], [30.69931, 69.80803], [30.71731, 69.77088], [30.83971, 69.80634], [30.92611, 69.67294], [30.89731, 69.54461], [30.75691, 69.52097], [30.51211, 69.53617], [30.2313, 69.63748], [30.1197, 69.63411], [30.2097, 69.60878], [30.2313, 69.55812], [30.1233, 69.44161], [29.9469, 69.36562], [29.37809, 69.30146], [29.24129, 69.11571], [29.06489, 69.03466], [28.95329, 69.02791], [28.82729, 69.10727], [28.86329, 69.21703], [29.23049, 69.37744], [29.34569, 69.46356], [29.14769, 69.6645], [28.44208, 69.79114], [28.38088, 69.857], [28.16848, 69.89415], [27.86608, 70.07483], [27.61408, 70.06132], [27.56368, 70.02417], [27.33327, 69.96844], [27.31167, 69.92961], [27.09927, 69.90259], [26.86527, 69.93805], [26.50167, 69.91779], [26.19926, 69.71516], [26.00486, 69.68983], [25.96166, 69.65268], [26.00486, 69.58683], [25.88606, 69.52097], [25.84286, 69.41797], [25.87886, 69.37069], [25.78526, 69.31328], [25.73846, 69.21872], [25.79606, 68.99414], [25.62686, 68.87425], [25.43245, 68.88438], [25.20205, 68.81346], [25.13365, 68.64798], [24.95005, 68.60576], [24.90685, 68.55679], [24.66205, 68.66655], [24.33084, 68.70877], [23.92764, 68.81684], [23.78724, 68.79995], [23.73324, 68.71552], [23.48123, 68.68513], [23.19683, 68.61758], [23.02043, 68.68681], [22.85123, 68.67499], [22.57043, 68.72734], [22.40842, 68.71214], [22.37242, 68.8219], [22.02322, 69.01271], [21.66322, 69.26262], [21.31401, 69.29133], [21.06201, 69.21534], [21.03321, 69.18157], [21.15561, 69.08701], [21.07281, 69.03635], [20.74521, 69.10389], [20.62281, 69.03635], [20.1008, 69.02284], [20.342, 68.90971], [20.3528, 68.78644], [20.2376, 68.6598], [19.964, 68.5416], [20.2448, 68.47743], [19.9316, 68.35079], [19.03879, 68.50614], [18.64279, 68.50107], [18.43758, 68.57368], [18.17118, 68.53653], [18.13518, 68.39638], [18.18918, 68.19882], [17.92278, 67.97255], [17.32157, 68.10594], [17.22077, 68.04009], [16.78157, 67.89656], [16.58717, 67.62639], [16.42876, 67.53352], [16.19836, 67.50819], [16.12636, 67.42207], [16.43956, 67.20087], [16.41436, 67.05227], [16.03996, 66.88679], [15.66916, 66.59973], [15.42795, 66.49166], [15.48195, 66.27553], [15.05355, 66.15395], [14.53875, 66.12524], [14.65035, 65.80272], [14.56035, 65.70141], [14.51355, 65.3181], [14.38034, 65.24043], [14.31194, 65.08339], [13.64234, 64.58357], [14.09594, 64.46537], [14.14634, 64.16818], [13.96274, 64.00946], [13.23553, 64.09051], [12.98353, 64.05842], [12.68113, 63.95711], [12.29232, 63.65654], [12.16992, 63.59744], [12.22032, 63.47418], [11.99352, 63.28843], [12.22392, 63.00137], [12.09432, 62.90681], [12.15552, 62.71094], [12.09072, 62.58598], [12.31392, 62.28542], [12.16272, 61.72481], [12.41472, 61.58297], [12.61273, 61.54751], [12.88993, 61.34995], [12.70273, 61.046], [12.51193, 61.04938], [12.25272, 61.0021], [12.34992, 60.79272], [12.59473, 60.5141], [12.60553, 60.41954], [12.49032, 60.31147], [12.52633, 60.16119], [12.48312, 60.08182], [12.14472, 59.89777], [11.94312, 59.90284], [11.84952, 59.87244], [11.84232, 59.83867], [11.90352, 59.78464], [11.89272, 59.70527], [11.67672, 59.60733], [11.80992, 59.24936], [11.66592, 58.92008], [11.54712, 58.88462], [11.45351, 58.89644], [11.37071, 59.10076], [11.18351, 59.11596], [11.17631, 59.19701], [11.13671, 59.1835], [11.13671, 59.14298], [11.08631, 59.17506], [11.10071, 59.13453], [11.03231, 59.12778], [10.94951, 59.1835], [10.91711, 59.14298], [10.90271, 59.19701], [10.82351, 59.16324], [10.78031, 59.18857], [10.77311, 59.25273], [10.73711, 59.21727], [10.78031, 59.31352], [10.73351, 59.33379], [10.70111, 59.30677], [10.67231, 59.31521], [10.65431, 59.40808], [10.59671, 59.42328], [10.64351, 59.49251], [10.66151, 59.43848], [10.69031, 59.48069], [10.61471, 59.69683], [10.59671, 59.68501], [10.56071, 59.72554], [10.65431, 59.85724], [10.71911, 59.73736], [10.75871, 59.85049], [10.75151, 59.88933], [10.69031, 59.91128], [10.66511, 59.88933], [10.52831, 59.88257], [10.4743, 59.85049], [10.50311, 59.70865], [10.61471, 59.60733], [10.54271, 59.53473], [10.4383, 59.51784], [10.3987, 59.68839], [10.2655, 59.73904], [10.2259, 59.72385], [10.3807, 59.65799], [10.3807, 59.53473], [10.2367, 59.56005], [10.3699, 59.45536], [10.4779, 59.43003], [10.4455, 59.34898], [10.51391, 59.30339], [10.4707, 59.24767], [10.3591, 59.27131], [10.3663, 59.22572], [10.2907, 59.13453], [10.3051, 59.06024], [10.2727, 59.11427], [10.2619, 59.03828], [10.2259, 59.11427], [10.2079, 59.01633], [10.1143, 59.00451], [10.1647, 59.05179], [10.0603, 59.01802], [10.0171, 59.03322], [10.0135, 58.97243], [9.8479, 58.95554], [9.8119, 58.96399], [9.8443, 58.98932], [9.7831, 59.05179], [9.7579, 59.03322], [9.6895, 59.09063], [9.6679, 59.05179], [9.6319, 59.13116], [9.5383, 59.12102], [9.7255, 59.01464], [9.7255, 58.98425], [9.7039, 58.99776], [9.6571, 58.98425], [9.6895, 58.95723], [9.5743, 58.92177], [9.46989, 58.92853], [9.5239, 58.89982], [9.45549, 58.89813], [9.45189, 58.88125], [9.37269, 58.89476], [9.36189, 58.88125], [9.40509, 58.88125], [9.38349, 58.86774], [9.29709, 58.88125], [9.27189, 58.83397], [9.45189, 58.83397], [9.36549, 58.79175], [9.40869, 58.79175], [9.30789, 58.73941], [9.07029, 58.74109], [9.06309, 58.72421], [9.16749, 58.71577], [9.09909, 58.73772], [9.21429, 58.72083], [9.21789, 58.70226], [9.05949, 58.68368], [9.18189, 58.68706], [9.19989, 58.67186], [9.03429, 58.59419], [8.96949, 58.58743], [8.91189, 58.6077], [8.94789, 58.57899], [8.92629, 58.51314], [8.70669, 58.37974], [8.60589, 58.33246], [8.58069, 58.34766], [8.50149, 58.25647], [8.40788, 58.27167], [8.40788, 58.24465], [8.24228, 58.20244], [8.27108, 58.19568], [8.20268, 58.12308], [8.17388, 58.14672], [8.12348, 58.10281], [8.05148, 58.11294], [8.02628, 58.14165], [8.08028, 58.16191], [8.00468, 58.2227], [8.02268, 58.1636], [7.91468, 58.08255], [7.66268, 58.06735], [7.61588, 58.02176], [7.57988, 58.0454], [7.57988, 58.01669], [7.38907, 58.01669], [7.26667, 58.03527], [7.24867, 58.05891], [7.17667, 58.03189], [7.15507, 58.05047], [7.00747, 57.99305]]}}, {"type": "Feature", "properties": {"part": "mainland", "level": "coarse 5 km, islands >= 150 km2", "n_polygons": 28, "n_vertices": 1069}, "geometry": {"type": "MultiPolygon", "coordinates": [[[[5.26145, 59.15142], [5.16785, 59.19532], [5.20745, 59.41653], [5.31905, 59.25611], [5.26145, 59.15142]]], [[[5.27945, 59.69176], [5.22185, 59.75593], [5.15345, 59.59214], [5.12825, 59.87582], [5.27945, 59.69176]]], [[[5.35865, 59.77282], [5.25785, 59.87413], [5.31545, 59.97882], [5.49185, 59.85218], [5.35865, 59.77282]]], [[[5.64666, 60.08014], [5.50986, 59.89946], [5.36225, 59.99571], [5.64666, 60.08014]]], [[[5.63586, 60.47189], [5.50266, 60.43643], [5.32265, 60.54618], [5.63586, 60.69309], [5.63586, 60.47189]]], [[[6.06786, 62.34283], [5.87346, 62.25502], [5.81226, 62.24489], [5.86266, 62.41544], [6.06786, 62.34283]]], [[[7.77788, 63.4117], [8.06948, 63.47249], [8.18108, 63.38975], [7.97588, 63.31545], [7.77788, 63.4117]]], [[[9.17469, 63.56705], [8.27828, 63.46573], [8.41508, 63.55861], [8.72469, 63.56705], [8.56629, 63.61264], [8.95149, 63.65823], [9.17469, 63.56705]]], [[[8.27108, 63.68525], [8.80389, 63.81527], [8.79309, 63.69876], [8.27108, 63.68525]]], [[[12.50833, 65.39747], [12.05472, 65.22017], [12.32832, 65.4667], [12.19872, 65.47345], [12.27432, 65.58152], [12.50833, 65.39747]]], [[[13.05553, 68.10426], [13.12393, 67.94384], [12.97633, 67.96917], [13.01593, 67.88136], [12.78553, 67.81044], [13.05553, 68.10426]]], [[[14.15714, 68.25454], [13.77554, 68.15998], [13.69994, 68.07048], [13.59554, 68.12114], [13.45513, 68.07048], [13.63514, 68.29506], [13.98434, 68.33728], [13.96634, 68.26974], [14.15714, 68.25454]]], [[[14.72235, 68.27987], [14.73315, 68.33728], [14.61435, 68.22414], [14.19674, 68.15322], [14.30474, 68.31195], [14.49554, 68.30688], [14.38394, 68.37274], [14.76195, 68.43353], [14.75475, 68.35079], [15.17235, 68.45379], [14.72235, 68.27987]]], [[[19.964, 68.5416], [20.2448, 68.47743], [19.9316, 68.35079], [18.43758, 68.57368], [18.17118, 68.53653], [18.18918, 68.19882], [17.92278, 67.97255], [17.32157, 68.10594], [16.78157, 67.89656], [16.58717, 67.62639], [16.12636, 67.42207], [16.43956, 67.20087], [16.41436, 67.05227], [15.42795, 66.49166], [15.48195, 66.27553], [15.05355, 66.15395], [14.53875, 66.12524], [14.65035, 65.80272], [14.51355, 65.3181], [13.64234, 64.58357], [14.09594, 64.46537], [14.14634, 64.16818], [13.96274, 64.00946], [12.98353, 64.05842], [12.16992, 63.59744], [12.22032, 63.47418], [11.99352, 63.28843], [12.22392, 63.00137], [12.09072, 62.58598], [12.31392, 62.28542], [12.16272, 61.72481], [12.88993, 61.34995], [12.70273, 61.046], [12.25272, 61.0021], [12.60553, 60.41954], [12.48312, 60.08182], [12.14472, 59.89777], [11.84952, 59.87244], [11.89272, 59.70527], [11.67672, 59.60733], [11.80992, 59.24936], [11.66592, 58.92008], [11.45351, 58.89644], [11.37071, 59.10076], [11.18351, 59.11596], [11.17631, 59.19701], [11.03231, 59.12778], [10.73711, 59.21727], [10.78031, 59.31352], [10.59671, 59.42328], [10.69031, 59.48069], [10.56071, 59.72554], [10.65431, 59.85724], [10.71911, 59.73736], [10.69031, 59.91128], [10.4743, 59.85049], [10.54271, 59.53473], [10.4383, 59.51784], [10.3987, 59.68839], [10.2259, 59.72385], [10.3807, 59.65799], [10.3807, 59.53473], [10.2367, 59.56005], [10.51391, 59.30339], [10.3591, 59.27131], [10.2619, 59.03828], [10.2259, 59.11427], [10.2079, 59.01633], [10.0171, 59.03322], [9.8479, 58.95554], [9.5383, 59.12102], [9.6895, 58.95723], [9.29709, 58.88125], [9.40869, 58.79175], [9.07029, 58.74109], [9.19989, 58.67186], [8.91189, 58.6077], [8.92629, 58.51314], [8.20268, 58.12308], [8.05148, 58.11294], [8.08028, 58.16191], [8.00468, 58.2227], [7.91468, 58.08255], [7.00747, 57.99305], [7.14787, 58.09944], [6.89947, 58.05216], [6.80587, 58.09944], [6.98947, 58.14165], [6.77707, 58.18218], [6.73027, 58.1197], [6.72307, 58.18893], [6.68707, 58.12139], [6.78427, 58.06566], [6.61867, 58.06904], [6.53227, 58.12139], [6.84547, 58.27167], [6.67987, 58.2227], [6.68707, 58.32739], [6.56107, 58.24296], [6.01026, 58.3848], [5.95626, 58.47768], [5.64666, 58.5486], [5.47745, 58.7546], [5.53866, 58.95554], [5.62506, 58.92515], [5.54946, 59.03828], [5.71506, 58.9775], [5.71506, 58.86774], [5.85186, 58.96568], [6.13626, 58.83903], [6.22986, 58.84072], [6.06426, 58.88462], [6.12546, 58.9623], [6.62587, 59.05348], [6.16146, 58.99776], [6.03546, 58.90489], [6.04986, 58.99776], [5.87706, 59.06699], [6.12546, 59.14804], [6.01026, 59.14973], [6.17226, 59.26118], [6.46026, 59.32028], [6.15426, 59.26793], [6.08586, 59.30677], [6.23706, 59.32028], [5.99586, 59.33379], [6.04266, 59.38444], [6.24426, 59.51109], [6.54307, 59.56005], [6.23706, 59.52628], [6.28746, 59.64955], [6.15426, 59.45874], [5.92386, 59.35574], [5.88786, 59.44692], [6.15426, 59.47731], [5.80866, 59.53979], [5.64666, 59.40808], [5.78346, 59.43003], [5.85906, 59.35067], [5.61066, 59.29326], [5.58546, 59.41653], [5.50626, 59.27806], [5.43425, 59.40471], [5.39825, 59.29664], [5.34785, 59.41653], [5.29745, 59.34392], [5.18225, 59.51109], [5.34425, 59.64786], [5.41265, 59.59551], [5.48825, 59.73736], [5.41625, 59.50433], [5.56386, 59.67657], [5.75466, 59.60902], [5.88066, 59.6563], [5.74746, 59.67488], [5.81586, 59.72891], [6.03906, 59.7458], [6.29106, 59.84036], [5.96346, 59.75931], [5.97066, 59.86062], [5.83026, 59.77282], [5.64666, 59.85387], [6.29106, 60.12235], [6.10386, 60.10715], [6.07506, 60.19834], [6.35226, 60.36888], [6.64027, 60.41616], [6.53227, 60.2625], [6.51067, 60.13586], [6.52507, 60.08014], [6.65467, 60.38239], [7.10467, 60.50566], [6.89947, 60.50566], [6.98947, 60.59009], [6.65467, 60.43305], [6.69427, 60.51917], [6.29826, 60.38915], [6.17586, 60.4702], [6.13986, 60.25406], [5.99586, 60.26419], [5.75466, 59.99064], [5.79066, 60.21185], [5.64666, 60.14937], [5.54226, 60.16288], [5.70786, 60.23211], [5.57106, 60.23886], [5.73666, 60.39252], [5.40905, 60.13079], [5.14265, 60.352], [5.29745, 60.3959], [5.30465, 60.52761], [5.65386, 60.43136], [5.75106, 60.71842], [5.67546, 60.75726], [5.52786, 60.62892], [5.27585, 60.55969], [4.92665, 60.79947], [5.43425, 60.62892], [5.23625, 60.77583], [5.53866, 60.87546], [5.06705, 60.83493], [5.06705, 61.07302], [5.44865, 60.99535], [5.52786, 61.07471], [6.10026, 61.12199], [6.35586, 61.01054], [6.60067, 61.17602], [6.95707, 61.08822], [7.01107, 61.00885], [6.87427, 60.93793], [7.05067, 60.96495], [7.10467, 60.86195], [7.16227, 60.95144], [7.00027, 61.09328], [7.43587, 61.10173], [7.36027, 61.15238], [7.69508, 61.23175], [7.38907, 61.19797], [7.31347, 61.28747], [7.57268, 61.48503], [7.26307, 61.39554], [7.30627, 61.16251], [6.95347, 61.11186], [7.00387, 61.18447], [6.55747, 61.22499], [6.69067, 61.33981], [6.70147, 61.40229], [6.43506, 61.11523], [5.95986, 61.16251], [6.03546, 61.20473], [5.42345, 61.07977], [5.19305, 61.1051], [5.05985, 61.18784], [5.25065, 61.18447], [4.96265, 61.26552], [5.20025, 61.34319], [5.31905, 61.25201], [5.25785, 61.34826], [5.63226, 61.36177], [5.16425, 61.3567], [5.05985, 61.32293], [5.11025, 61.431], [4.94825, 61.4158], [5.18225, 61.47152], [5.52066, 61.42931], [5.80506, 61.45802], [5.13905, 61.52387], [5.35865, 61.55426], [5.14625, 61.59479], [5.42705, 61.58972], [4.96985, 61.63532], [4.98785, 61.74676], [5.16785, 61.72481], [5.07785, 61.77378], [5.39465, 61.91055], [5.67546, 61.88691], [5.61786, 61.81431], [5.94186, 61.8447], [5.89866, 61.73832], [5.99226, 61.83457], [6.17946, 61.76703], [6.05706, 61.83457], [6.47466, 61.80417], [6.82027, 61.87678], [6.47466, 61.82613], [5.72946, 61.8886], [5.95986, 61.91731], [5.42705, 61.93757], [5.15705, 61.89536], [5.13905, 61.97134], [5.40185, 62.02031], [5.08505, 62.19086], [5.27585, 62.16891], [5.46305, 62.0068], [5.59266, 62.06759], [5.39105, 62.12331], [5.45585, 62.19086], [5.75106, 62.08785], [5.66826, 62.17059], [5.90586, 62.19086], [5.84466, 62.02031], [5.95626, 62.1402], [6.04986, 62.06759], [6.36666, 62.06084], [5.92746, 62.22632], [6.06426, 62.20437], [5.97786, 62.28035], [6.30906, 62.37154], [6.53227, 62.10981], [6.39906, 62.38673], [6.56467, 62.35634], [6.70867, 62.4509], [6.98947, 62.2736], [6.95707, 62.10305], [6.98947, 62.08954], [7.18747, 62.10305], [6.97867, 62.11318], [7.03627, 62.2736], [7.41427, 62.23138], [7.37467, 62.2736], [6.95707, 62.32594], [6.79147, 62.47792], [6.24426, 62.4509], [6.67627, 62.49311], [6.26226, 62.52688], [6.26586, 62.59274], [6.53587, 62.61638], [6.61147, 62.56066], [6.75547, 62.65522], [6.91747, 62.57416], [6.88867, 62.6434], [7.09387, 62.65015], [7.12627, 62.53364], [7.15867, 62.62989], [7.54388, 62.50324], [7.77788, 62.57416], [7.46107, 62.57416], [7.52228, 62.67379], [7.83548, 62.73289], [8.14868, 62.69237], [8.07308, 62.78017], [7.36027, 62.69743], [7.68068, 62.79368], [6.97147, 62.72614], [7.01107, 62.81563], [7.21627, 62.81563], [6.89227, 62.92201], [7.23787, 63.01488], [7.50068, 62.91019], [7.97228, 62.97773], [8.15588, 62.81563], [8.54469, 62.65691], [8.14868, 62.95072], [7.87868, 63.00982], [8.08748, 63.10944], [8.32868, 62.88149], [8.70309, 62.82239], [8.41508, 62.95916], [8.66709, 62.97942], [8.55549, 63.02333], [8.37548, 62.97267], [8.46908, 63.01995], [8.23868, 63.02502], [8.16668, 63.11451], [8.64189, 63.10944], [8.57709, 63.1753], [8.94429, 63.21245], [8.61309, 63.204], [8.47628, 63.2935], [8.76429, 63.34922], [8.67069, 63.42183], [8.87949, 63.39819], [9.01989, 63.46573], [9.09189, 63.2935], [9.47709, 63.40326], [9.21789, 63.37117], [9.18189, 63.43534], [9.48429, 63.48262], [9.16029, 63.50795], [9.5743, 63.54172], [9.49149, 63.589], [9.7003, 63.64472], [9.9595, 63.4269], [9.8551, 63.32558], [10.0135, 63.36104], [10.2583, 63.26648], [10.0927, 63.43872], [10.90631, 63.4556], [10.75871, 63.51808], [10.92431, 63.60251], [10.65791, 63.54847], [10.71911, 63.6042], [11.45711, 63.78994], [11.41391, 63.85073], [11.09351, 63.86762], [11.48591, 64.00608], [11.25551, 64.03816], [11.36351, 64.11752], [10.57511, 63.80851], [10.93511, 63.89801], [11.07551, 63.83553], [10.90991, 63.73084], [10.0819, 63.50795], [9.9199, 63.5147], [9.7939, 63.66836], [10.0999, 63.76799], [9.5455, 63.66499], [9.7795, 63.76799], [9.5455, 63.77474], [10.1971, 63.93854], [9.9415, 63.91827], [10.1287, 63.9875], [9.9379, 63.9588], [9.9991, 64.10908], [10.1935, 64.10064], [10.1683, 64.19858], [10.3735, 64.18507], [10.2583, 64.24586], [10.4923, 64.29483], [10.4707, 64.3573], [10.56071, 64.3286], [10.50311, 64.37081], [10.65071, 64.3573], [10.4959, 64.42991], [10.85591, 64.37757], [10.65791, 64.45186], [10.95671, 64.48732], [10.95671, 64.60383], [11.16191, 64.4468], [11.34191, 64.4316], [11.22311, 64.32184], [11.41031, 64.45186], [11.65512, 64.48057], [11.43911, 64.46537], [11.78112, 64.59708], [11.61192, 64.62916], [11.51832, 64.57344], [11.39591, 64.70684], [11.84232, 64.79464], [11.64432, 64.82335], [11.74512, 64.88414], [12.22392, 64.93986], [11.91072, 64.94999], [11.26271, 64.73386], [11.42831, 64.8166], [11.25191, 64.83855], [11.52552, 64.86219], [11.69832, 64.91284], [11.24471, 64.85712], [11.26631, 64.87063], [11.97912, 65.06819], [12.19512, 64.99558], [12.78913, 65.21341], [12.93313, 65.3333], [12.50113, 65.14418], [12.35352, 65.22692], [12.71353, 65.25394], [12.24552, 65.23367], [12.49752, 65.37045], [12.69193, 65.32992], [12.47952, 65.44643], [12.71353, 65.37045], [12.63073, 65.43293], [12.78193, 65.45994], [12.60913, 65.45994], [12.57313, 65.58996], [12.51193, 65.51229], [12.53353, 65.58321], [12.43992, 65.52918], [12.35352, 65.60347], [12.49392, 65.73349], [12.60913, 65.65075], [12.78553, 65.63893], [12.55873, 65.75376], [12.71713, 65.78922], [12.65953, 65.91248], [12.84673, 65.96652], [13.17433, 65.85507], [12.92593, 65.99353], [13.04113, 66.08303], [12.67033, 66.06277], [13.52714, 66.24007], [13.53434, 66.11005], [13.82234, 66.14719], [13.64234, 66.2198], [13.97354, 66.23838], [14.14274, 66.33463], [13.06993, 66.17421], [13.16353, 66.25864], [13.53434, 66.3093], [13.31113, 66.37515], [13.22833, 66.29748], [13.03753, 66.31943], [13.16353, 66.46634], [12.97273, 66.52206], [13.18513, 66.52206], [13.22473, 66.45452], [13.39753, 66.46634], [13.26793, 66.46634], [13.32913, 66.53894], [13.67114, 66.5153], [13.45873, 66.56427], [13.68914, 66.61662], [13.20313, 66.55583], [13.40473, 66.62506], [13.24993, 66.6335], [13.19233, 66.66728], [13.54874, 66.63857], [13.22473, 66.71456], [13.69274, 66.69092], [13.85114, 66.71793], [13.54874, 66.72469], [13.75394, 66.76184], [13.54154, 66.80405], [13.99154, 66.79054], [13.51994, 66.90537], [13.93754, 66.99486], [13.89074, 66.95433], [13.91594, 66.92901], [13.93394, 66.92225], [13.95914, 66.92732], [14.05994, 67.06071], [14.14994, 66.97122], [14.27234, 67.06071], [14.56755, 67.0185], [14.26874, 67.08435], [14.36234, 67.16034], [14.74395, 67.11813], [14.51355, 67.1806], [14.97795, 67.21438], [14.89155, 67.15359], [14.99235, 67.09955], [15.09315, 67.21269], [15.49995, 67.07085], [15.37755, 67.20087], [15.74116, 67.17385], [15.06075, 67.24815], [15.16515, 67.31062], [14.67555, 67.21606], [14.68275, 67.27854], [14.32994, 67.24139], [14.62155, 67.42038], [14.82315, 67.37817], [15.04995, 67.4474], [14.82315, 67.4474], [14.72595, 67.48792], [14.79435, 67.52507], [15.05715, 67.57742], [15.15795, 67.5352], [15.00675, 67.56391], [15.01035, 67.48624], [14.83035, 67.47442], [15.01755, 67.46935], [15.17595, 67.5217], [15.13635, 67.42038], [15.42795, 67.48286], [15.60436, 67.28023], [15.70156, 67.30387], [15.52876, 67.46766], [15.89956, 67.55716], [15.26595, 67.52507], [15.43875, 67.61288], [15.17955, 67.61795], [15.30195, 67.72095], [15.54316, 67.67367], [15.65836, 67.68042], [15.40275, 67.74121], [15.82036, 67.67705], [15.69436, 67.79693], [15.40995, 67.79693], [15.37035, 67.86448], [15.18315, 67.71419], [14.83755, 67.64327], [14.79435, 67.72939], [15.11835, 67.74121], [14.75475, 67.80369], [15.10395, 67.85097], [14.84835, 67.84421], [14.99955, 67.89487], [15.19755, 67.83071], [15.53596, 67.9202], [15.50356, 67.87967], [15.52516, 67.85097], [15.75196, 67.95228], [15.85996, 67.89994], [16.06156, 68.0097], [15.89956, 68.06711], [15.60076, 68.0384], [15.54676, 68.07386], [15.39915, 67.9945], [15.28035, 68.03671], [15.64396, 68.16842], [15.61876, 68.05698], [15.84556, 68.09581], [16.01476, 68.24947], [16.04356, 68.02996], [16.23796, 67.88305], [16.43596, 67.80707], [16.51517, 67.80369], [16.20556, 68.00294], [16.45396, 67.89825], [16.38916, 68.05866], [16.68797, 68.07048], [16.28836, 68.09075], [16.41436, 68.187], [16.59077, 68.16673], [16.45396, 68.22921], [16.17316, 68.20388], [16.35676, 68.23934], [16.14796, 68.31364], [16.80317, 68.13296], [16.21996, 68.35079], [17.12717, 68.37274], [17.33237, 68.16673], [17.24957, 68.40651], [17.87238, 68.393], [17.46917, 68.44704], [17.54478, 68.52978], [17.04797, 68.43353], [16.98677, 68.50951], [16.53317, 68.43859], [16.47196, 68.52302], [16.99397, 68.70877], [17.14877, 68.63278], [17.24957, 68.72396], [17.67798, 68.6598], [17.23517, 68.75605], [17.46197, 68.81515], [17.78238, 68.74929], [17.46917, 68.83203], [17.82558, 68.89451], [17.42597, 68.89958], [17.65998, 69.1174], [18.15318, 69.15455], [18.00198, 69.28626], [18.26478, 69.48889], [18.50239, 69.2356], [18.56359, 69.36393], [18.69319, 69.26431], [18.73639, 69.32341], [19.01359, 69.28626], [18.45558, 69.45512], [18.49878, 69.52266], [18.85159, 69.55305], [19.01359, 69.39771], [19.38079, 69.32172], [19.16839, 69.26769], [19.18639, 69.24911], [19.5104, 69.22885], [19.43119, 69.34198], [18.99199, 69.48382], [19.26199, 69.52266], [18.99559, 69.53955], [18.94519, 69.61553], [19.24759, 69.77764], [19.784, 69.80465], [19.532, 69.40108], [19.7444, 69.61216], [20.0612, 69.57838], [20.1116, 69.58514], [19.8236, 69.71178], [20.1548, 69.93467], [20.2016, 69.85869], [20.2916, 69.97182], [20.4176, 69.89077], [20.378, 69.58851], [19.9496, 69.26262], [20.4824, 69.57838], [20.85321, 69.49564], [20.4932, 69.62735], [20.4824, 69.76413], [21.09081, 69.94818], [20.89281, 69.85362], [21.01881, 69.78777], [21.17001, 69.87557], [21.18081, 69.81985], [21.33201, 70.03092], [22.08802, 69.7388], [21.91522, 69.9448], [22.11322, 70.03092], [21.80002, 70.03768], [22.00522, 70.06132], [22.09882, 70.12042], [21.72082, 70.06132], [21.20961, 70.20822], [21.44001, 70.26901], [21.49041, 70.20822], [21.55162, 70.32136], [21.87562, 70.14743], [21.80722, 70.25719], [22.00882, 70.32473], [22.11682, 70.23355], [22.30762, 70.28759], [22.27522, 70.13561], [22.55963, 70.12717], [22.32562, 70.1677], [22.40122, 70.25888], [22.96643, 70.20822], [22.85843, 70.12548], [22.43362, 70.08833], [22.28602, 70.04443], [23.01683, 70.14743], [23.09603, 69.95494], [23.31563, 69.99715], [23.33003, 69.94818], [23.53884, 70.02417], [23.17523, 70.09171], [23.40203, 70.14068], [23.24363, 70.21667], [23.53164, 70.24368], [23.31203, 70.25719], [23.61444, 70.30447], [23.51364, 70.36526], [23.91684, 70.50879], [24.34884, 70.45644], [24.10404, 70.54087], [24.35244, 70.69116], [24.72325, 70.62024], [24.65485, 70.70973], [24.24444, 70.78403], [24.39564, 70.86677], [24.63685, 70.77896], [24.66565, 70.97821], [24.82045, 70.90729], [25.03285, 70.97146], [24.91765, 70.87352], [25.15525, 70.91911], [25.24525, 70.79078], [25.36405, 70.97653], [25.53686, 70.92249], [25.44325, 70.84144], [25.92566, 70.86339], [25.07245, 70.50372], [25.24525, 70.52736], [25.06165, 70.49022], [25.28845, 70.45644], [24.94285, 70.10184], [25.03645, 70.06469], [25.01125, 70.13393], [25.09405, 70.15419], [25.22725, 70.09171], [25.54046, 70.29772], [25.43965, 70.34162], [26.61327, 70.94951], [26.69247, 70.73675], [26.34326, 70.64725], [26.65647, 70.6405], [26.50527, 70.36357], [26.81127, 70.48008], [27.10287, 70.46995], [26.99127, 70.58309], [27.26487, 70.58478], [27.11007, 70.7283], [27.32967, 70.7435], [27.32247, 70.82286], [27.62848, 70.80429], [27.13527, 70.94951], [27.34767, 70.94275], [27.25407, 71.02549], [27.55288, 70.95457], [27.65008, 71.12681], [27.72208, 71.05927], [28.20808, 71.08459], [28.20448, 70.98328], [28.55009, 70.97315], [28.26568, 70.79416], [27.76168, 70.79078], [28.12888, 70.73675], [27.65008, 70.60673], [28.28368, 70.71817], [27.84808, 70.48346], [27.88408, 70.42774], [28.18648, 70.50372], [28.12888, 70.44125], [28.33408, 70.51723], [28.16128, 70.38215], [28.16848, 70.13561], [28.01368, 70.07145], [28.21888, 70.15419], [28.24768, 70.41423], [28.39168, 70.49359], [28.50689, 70.448], [28.40248, 70.55945], [28.79489, 70.87352], [29.40329, 70.78403], [29.30609, 70.65232], [29.6985, 70.7435], [29.6805, 70.62024], [30.1053, 70.71142], [30.3465, 70.5966], [30.0009, 70.5375], [30.50131, 70.55776], [31.06291, 70.36695], [31.07731, 70.28421], [30.54811, 70.24875], [30.1593, 70.07145], [29.21969, 70.12042], [28.65449, 70.18289], [28.61489, 70.17614], [28.73369, 70.08496], [29.6841, 69.97013], [29.36369, 69.86038], [29.7417, 69.90766], [29.48609, 69.66112], [30.0297, 69.77595], [30.0621, 69.77088], [29.9361, 69.70503], [29.9397, 69.68814], [30.0729, 69.74049], [30.1845, 69.68814], [30.1665, 69.87895], [30.2889, 69.8857], [30.3357, 69.67463], [30.4833, 69.81816], [30.83971, 69.80634], [30.92611, 69.67294], [30.75691, 69.52097], [30.1197, 69.63411], [30.1233, 69.44161], [29.37809, 69.30146], [29.06489, 69.03466], [28.82729, 69.10727], [29.34569, 69.46356], [29.14769, 69.6645], [28.44208, 69.79114], [27.86608, 70.07483], [27.09927, 69.90259], [26.50167, 69.91779], [26.00486, 69.68983], [25.79606, 68.99414], [25.62686, 68.87425], [25.20205, 68.81346], [24.90685, 68.55679], [23.92764, 68.81684], [23.19683, 68.61758], [23.02043, 68.68681], [22.40842, 68.71214], [21.66322, 69.26262], [21.31401, 69.29133], [21.06201, 69.21534], [21.07281, 69.03635], [20.74521, 69.10389], [20.62281, 69.03635], [20.1008, 69.02284], [20.3528, 68.78644], [19.964, 68.5416]]], [[[16.40356, 68.43015], [16.12276, 68.37949], [16.09396, 68.39807], [16.34236, 68.53653], [16.40356, 68.43015]]], [[[16.55477, 68.82528], [16.48276, 68.54835], [16.10476, 68.53822], [15.90316, 68.36936], [15.87076, 68.49601], [15.62596, 68.30013], [15.52876, 68.33728], [15.37755, 68.32715], [15.32355, 68.35079], [15.61156, 68.47574], [15.54316, 68.50951], [14.99955, 68.25285], [15.35595, 68.46055], [15.21555, 68.55679], [15.62956, 68.61252], [15.43875, 68.70708], [15.68716, 68.71045], [15.45675, 68.76955], [15.64396, 68.9553], [15.90676, 68.95868], [15.76276, 68.73578], [15.98956, 68.7628], [15.77356, 68.63278], [15.74116, 68.52978], [15.85996, 68.63447], [16.08316, 68.63953], [16.25596, 68.90295], [16.55477, 68.82528]], [[15.68716, 68.71045], [15.71236, 68.70201], [15.68716, 68.71045], [15.68716, 68.71045]]], [[[14.49194, 68.60745], [14.65035, 68.83372], [14.68635, 68.75773], [14.90595, 68.75942], [14.95275, 68.8658], [15.00675, 68.7932], [15.04995, 68.8523], [15.15795, 68.81684], [15.12555, 69.01609], [15.24075, 68.82528], [15.38475, 68.8523], [15.33795, 68.65304], [14.84115, 68.59225], [15.16515, 68.70201], [15.02475, 68.77124], [14.49194, 68.60745]]], [[[15.46395, 68.88269], [15.56836, 69.10558], [16.12996, 69.31159], [15.84916, 69.0296], [15.52876, 69.00933], [15.46395, 68.88269]]], [[[18.07038, 69.34874], [17.90478, 69.31834], [17.95878, 69.17988], [17.47277, 69.20014], [17.13077, 69.01102], [17.10917, 69.08532], [16.77797, 69.07012], [17.17397, 69.20183], [16.90037, 69.19508], [17.14517, 69.25587], [16.90757, 69.29808], [17.13077, 69.31159], [16.92557, 69.39433], [17.40077, 69.36562], [17.28197, 69.41459], [17.49437, 69.4281], [17.24237, 69.45512], [17.18477, 69.5024], [17.31797, 69.46187], [17.34317, 69.53786], [17.64558, 69.46187], [17.46917, 69.60033], [17.65638, 69.50915], [17.65998, 69.60033], [17.75358, 69.54123], [17.85798, 69.58683], [17.82918, 69.44836], [17.94438, 69.52266], [18.04878, 69.49564], [18.07038, 69.34874]]], [[[19.04599, 69.80296], [18.73279, 69.56487], [18.19278, 69.5311], [17.99478, 69.59189], [18.39078, 69.63411], [18.21438, 69.71347], [18.63199, 69.70165], [18.35118, 69.73036], [18.38358, 69.7979], [18.50239, 69.75062], [18.65359, 69.80465], [18.66439, 69.71347], [18.76159, 69.68814], [18.67879, 69.8857], [19.04599, 69.80296]]], [[[19.6688, 70.01741], [19.12159, 69.78777], [18.72919, 69.94818], [19.20799, 70.09847], [19.39159, 69.99208], [19.5356, 70.05794], [19.6688, 70.01741]]], [[[20.68761, 70.07145], [20.3996, 70.08496], [20.58681, 70.23693], [20.82441, 70.20991], [20.68761, 70.07145]]], [[[20.1548, 70.12042], [19.7768, 70.06807], [19.6148, 70.27914], [20.1548, 70.12042]]], [[[23.00243, 70.24875], [22.44442, 70.29096], [22.48402, 70.38383], [22.95563, 70.32473], [23.00243, 70.24875]]], [[[23.65764, 70.50372], [23.15363, 70.27745], [23.13563, 70.41423], [23.03843, 70.34162], [22.85483, 70.40747], [23.17523, 70.54763], [23.27963, 70.47671], [23.30843, 70.551], [23.53884, 70.54425], [23.46323, 70.6253], [23.65764, 70.50372]]], [[[23.80524, 70.51386], [23.63604, 70.69284], [23.81604, 70.75194], [24.12924, 70.62024], [23.80524, 70.51386]]], [[[22.28602, 70.54087], [22.15282, 70.47164], [22.33282, 70.61348], [22.04122, 70.59322], [21.98722, 70.66245], [22.41562, 70.62699], [22.54163, 70.71817], [22.72523, 70.60335], [22.72163, 70.74857], [22.97003, 70.66076], [23.18243, 70.73675], [23.06723, 70.81273], [23.33003, 70.77896], [23.37323, 70.85833], [23.45603, 70.77052], [23.08883, 70.58646], [22.46962, 70.49528], [22.28602, 70.54087]]], [[[26.08766, 70.9799], [25.55486, 70.92756], [25.31365, 71.07277], [25.71686, 71.05251], [25.55486, 71.14032], [25.80686, 71.15383], [25.80686, 71.09641], [26.03006, 71.11668], [25.95806, 71.00185], [26.21006, 71.04913], [26.08766, 70.9799]]]]}}, {"type": "Feature", "properties": {"part": "mainland_main_ring_coarse", "n_vertices": 826, "length_km": 14300.0}, "geometry": {"type": "LineString", "coordinates": [[7.00747, 57.99305], [7.14787, 58.09944], [6.89947, 58.05216], [6.80587, 58.09944], [6.98947, 58.14165], [6.77707, 58.18218], [6.73027, 58.1197], [6.72307, 58.18893], [6.68707, 58.12139], [6.78427, 58.06566], [6.61867, 58.06904], [6.53227, 58.12139], [6.84547, 58.27167], [6.67987, 58.2227], [6.68707, 58.32739], [6.56107, 58.24296], [6.01026, 58.3848], [5.95626, 58.47768], [5.64666, 58.5486], [5.47745, 58.7546], [5.53866, 58.95554], [5.62506, 58.92515], [5.54946, 59.03828], [5.71506, 58.9775], [5.71506, 58.86774], [5.85186, 58.96568], [6.13626, 58.83903], [6.22986, 58.84072], [6.06426, 58.88462], [6.12546, 58.9623], [6.62587, 59.05348], [6.16146, 58.99776], [6.03546, 58.90489], [6.04986, 58.99776], [5.87706, 59.06699], [6.12546, 59.14804], [6.01026, 59.14973], [6.17226, 59.26118], [6.46026, 59.32028], [6.15426, 59.26793], [6.08586, 59.30677], [6.23706, 59.32028], [5.99586, 59.33379], [6.04266, 59.38444], [6.24426, 59.51109], [6.54307, 59.56005], [6.23706, 59.52628], [6.28746, 59.64955], [6.15426, 59.45874], [5.92386, 59.35574], [5.88786, 59.44692], [6.15426, 59.47731], [5.80866, 59.53979], [5.64666, 59.40808], [5.78346, 59.43003], [5.85906, 59.35067], [5.61066, 59.29326], [5.58546, 59.41653], [5.50626, 59.27806], [5.43425, 59.40471], [5.39825, 59.29664], [5.34785, 59.41653], [5.29745, 59.34392], [5.18225, 59.51109], [5.34425, 59.64786], [5.41265, 59.59551], [5.48825, 59.73736], [5.41625, 59.50433], [5.56386, 59.67657], [5.75466, 59.60902], [5.88066, 59.6563], [5.74746, 59.67488], [5.81586, 59.72891], [6.03906, 59.7458], [6.29106, 59.84036], [5.96346, 59.75931], [5.97066, 59.86062], [5.83026, 59.77282], [5.64666, 59.85387], [6.29106, 60.12235], [6.10386, 60.10715], [6.07506, 60.19834], [6.35226, 60.36888], [6.64027, 60.41616], [6.53227, 60.2625], [6.51067, 60.13586], [6.52507, 60.08014], [6.65467, 60.38239], [7.10467, 60.50566], [6.89947, 60.50566], [6.98947, 60.59009], [6.65467, 60.43305], [6.69427, 60.51917], [6.29826, 60.38915], [6.17586, 60.4702], [6.13986, 60.25406], [5.99586, 60.26419], [5.75466, 59.99064], [5.79066, 60.21185], [5.64666, 60.14937], [5.54226, 60.16288], [5.70786, 60.23211], [5.57106, 60.23886], [5.73666, 60.39252], [5.40905, 60.13079], [5.14265, 60.352], [5.29745, 60.3959], [5.30465, 60.52761], [5.65386, 60.43136], [5.75106, 60.71842], [5.67546, 60.75726], [5.52786, 60.62892], [5.27585, 60.55969], [4.92665, 60.79947], [5.43425, 60.62892], [5.23625, 60.77583], [5.53866, 60.87546], [5.06705, 60.83493], [5.06705, 61.07302], [5.44865, 60.99535], [5.52786, 61.07471], [6.10026, 61.12199], [6.35586, 61.01054], [6.60067, 61.17602], [6.95707, 61.08822], [7.01107, 61.00885], [6.87427, 60.93793], [7.05067, 60.96495], [7.10467, 60.86195], [7.16227, 60.95144], [7.00027, 61.09328], [7.43587, 61.10173], [7.36027, 61.15238], [7.69508, 61.23175], [7.38907, 61.19797], [7.31347, 61.28747], [7.57268, 61.48503], [7.26307, 61.39554], [7.30627, 61.16251], [6.95347, 61.11186], [7.00387, 61.18447], [6.55747, 61.22499], [6.69067, 61.33981], [6.70147, 61.40229], [6.43506, 61.11523], [5.95986, 61.16251], [6.03546, 61.20473], [5.42345, 61.07977], [5.19305, 61.1051], [5.05985, 61.18784], [5.25065, 61.18447], [4.96265, 61.26552], [5.20025, 61.34319], [5.31905, 61.25201], [5.25785, 61.34826], [5.63226, 61.36177], [5.16425, 61.3567], [5.05985, 61.32293], [5.11025, 61.431], [4.94825, 61.4158], [5.18225, 61.47152], [5.52066, 61.42931], [5.80506, 61.45802], [5.13905, 61.52387], [5.35865, 61.55426], [5.14625, 61.59479], [5.42705, 61.58972], [4.96985, 61.63532], [4.98785, 61.74676], [5.16785, 61.72481], [5.07785, 61.77378], [5.39465, 61.91055], [5.67546, 61.88691], [5.61786, 61.81431], [5.94186, 61.8447], [5.89866, 61.73832], [5.99226, 61.83457], [6.17946, 61.76703], [6.05706, 61.83457], [6.47466, 61.80417], [6.82027, 61.87678], [6.47466, 61.82613], [5.72946, 61.8886], [5.95986, 61.91731], [5.42705, 61.93757], [5.15705, 61.89536], [5.13905, 61.97134], [5.40185, 62.02031], [5.08505, 62.19086], [5.27585, 62.16891], [5.46305, 62.0068], [5.59266, 62.06759], [5.39105, 62.12331], [5.45585, 62.19086], [5.75106, 62.08785], [5.66826, 62.17059], [5.90586, 62.19086], [5.84466, 62.02031], [5.95626, 62.1402], [6.04986, 62.06759], [6.36666, 62.06084], [5.92746, 62.22632], [6.06426, 62.20437], [5.97786, 62.28035], [6.30906, 62.37154], [6.53227, 62.10981], [6.39906, 62.38673], [6.56467, 62.35634], [6.70867, 62.4509], [6.98947, 62.2736], [6.95707, 62.10305], [6.98947, 62.08954], [7.18747, 62.10305], [6.97867, 62.11318], [7.03627, 62.2736], [7.41427, 62.23138], [7.37467, 62.2736], [6.95707, 62.32594], [6.79147, 62.47792], [6.24426, 62.4509], [6.67627, 62.49311], [6.26226, 62.52688], [6.26586, 62.59274], [6.53587, 62.61638], [6.61147, 62.56066], [6.75547, 62.65522], [6.91747, 62.57416], [6.88867, 62.6434], [7.09387, 62.65015], [7.12627, 62.53364], [7.15867, 62.62989], [7.54388, 62.50324], [7.77788, 62.57416], [7.46107, 62.57416], [7.52228, 62.67379], [7.83548, 62.73289], [8.14868, 62.69237], [8.07308, 62.78017], [7.36027, 62.69743], [7.68068, 62.79368], [6.97147, 62.72614], [7.01107, 62.81563], [7.21627, 62.81563], [6.89227, 62.92201], [7.23787, 63.01488], [7.50068, 62.91019], [7.97228, 62.97773], [8.15588, 62.81563], [8.54469, 62.65691], [8.14868, 62.95072], [7.87868, 63.00982], [8.08748, 63.10944], [8.32868, 62.88149], [8.70309, 62.82239], [8.41508, 62.95916], [8.66709, 62.97942], [8.55549, 63.02333], [8.37548, 62.97267], [8.46908, 63.01995], [8.23868, 63.02502], [8.16668, 63.11451], [8.64189, 63.10944], [8.57709, 63.1753], [8.94429, 63.21245], [8.61309, 63.204], [8.47628, 63.2935], [8.76429, 63.34922], [8.67069, 63.42183], [8.87949, 63.39819], [9.01989, 63.46573], [9.09189, 63.2935], [9.47709, 63.40326], [9.21789, 63.37117], [9.18189, 63.43534], [9.48429, 63.48262], [9.16029, 63.50795], [9.5743, 63.54172], [9.49149, 63.589], [9.7003, 63.64472], [9.9595, 63.4269], [9.8551, 63.32558], [10.0135, 63.36104], [10.2583, 63.26648], [10.0927, 63.43872], [10.90631, 63.4556], [10.75871, 63.51808], [10.92431, 63.60251], [10.65791, 63.54847], [10.71911, 63.6042], [11.45711, 63.78994], [11.41391, 63.85073], [11.09351, 63.86762], [11.48591, 64.00608], [11.25551, 64.03816], [11.36351, 64.11752], [10.57511, 63.80851], [10.93511, 63.89801], [11.07551, 63.83553], [10.90991, 63.73084], [10.0819, 63.50795], [9.9199, 63.5147], [9.7939, 63.66836], [10.0999, 63.76799], [9.5455, 63.66499], [9.7795, 63.76799], [9.5455, 63.77474], [10.1971, 63.93854], [9.9415, 63.91827], [10.1287, 63.9875], [9.9379, 63.9588], [9.9991, 64.10908], [10.1935, 64.10064], [10.1683, 64.19858], [10.3735, 64.18507], [10.2583, 64.24586], [10.4923, 64.29483], [10.4707, 64.3573], [10.56071, 64.3286], [10.50311, 64.37081], [10.65071, 64.3573], [10.4959, 64.42991], [10.85591, 64.37757], [10.65791, 64.45186], [10.95671, 64.48732], [10.95671, 64.60383], [11.16191, 64.4468], [11.34191, 64.4316], [11.22311, 64.32184], [11.41031, 64.45186], [11.65512, 64.48057], [11.43911, 64.46537], [11.78112, 64.59708], [11.61192, 64.62916], [11.51832, 64.57344], [11.39591, 64.70684], [11.84232, 64.79464], [11.64432, 64.82335], [11.74512, 64.88414], [12.22392, 64.93986], [11.91072, 64.94999], [11.26271, 64.73386], [11.42831, 64.8166], [11.25191, 64.83855], [11.52552, 64.86219], [11.69832, 64.91284], [11.24471, 64.85712], [11.26631, 64.87063], [11.97912, 65.06819], [12.19512, 64.99558], [12.78913, 65.21341], [12.93313, 65.3333], [12.50113, 65.14418], [12.35352, 65.22692], [12.71353, 65.25394], [12.24552, 65.23367], [12.49752, 65.37045], [12.69193, 65.32992], [12.47952, 65.44643], [12.71353, 65.37045], [12.63073, 65.43293], [12.78193, 65.45994], [12.60913, 65.45994], [12.57313, 65.58996], [12.51193, 65.51229], [12.53353, 65.58321], [12.43992, 65.52918], [12.35352, 65.60347], [12.49392, 65.73349], [12.60913, 65.65075], [12.78553, 65.63893], [12.55873, 65.75376], [12.71713, 65.78922], [12.65953, 65.91248], [12.84673, 65.96652], [13.17433, 65.85507], [12.92593, 65.99353], [13.04113, 66.08303], [12.67033, 66.06277], [13.52714, 66.24007], [13.53434, 66.11005], [13.82234, 66.14719], [13.64234, 66.2198], [13.97354, 66.23838], [14.14274, 66.33463], [13.06993, 66.17421], [13.16353, 66.25864], [13.53434, 66.3093], [13.31113, 66.37515], [13.22833, 66.29748], [13.03753, 66.31943], [13.16353, 66.46634], [12.97273, 66.52206], [13.18513, 66.52206], [13.22473, 66.45452], [13.39753, 66.46634], [13.26793, 66.46634], [13.32913, 66.53894], [13.67114, 66.5153], [13.45873, 66.56427], [13.68914, 66.61662], [13.20313, 66.55583], [13.40473, 66.62506], [13.24993, 66.6335], [13.19233, 66.66728], [13.54874, 66.63857], [13.22473, 66.71456], [13.69274, 66.69092], [13.85114, 66.71793], [13.54874, 66.72469], [13.75394, 66.76184], [13.54154, 66.80405], [13.99154, 66.79054], [13.51994, 66.90537], [13.93754, 66.99486], [13.89074, 66.95433], [13.91594, 66.92901], [13.93394, 66.92225], [13.95914, 66.92732], [14.05994, 67.06071], [14.14994, 66.97122], [14.27234, 67.06071], [14.56755, 67.0185], [14.26874, 67.08435], [14.36234, 67.16034], [14.74395, 67.11813], [14.51355, 67.1806], [14.97795, 67.21438], [14.89155, 67.15359], [14.99235, 67.09955], [15.09315, 67.21269], [15.49995, 67.07085], [15.37755, 67.20087], [15.74116, 67.17385], [15.06075, 67.24815], [15.16515, 67.31062], [14.67555, 67.21606], [14.68275, 67.27854], [14.32994, 67.24139], [14.62155, 67.42038], [14.82315, 67.37817], [15.04995, 67.4474], [14.82315, 67.4474], [14.72595, 67.48792], [14.79435, 67.52507], [15.05715, 67.57742], [15.15795, 67.5352], [15.00675, 67.56391], [15.01035, 67.48624], [14.83035, 67.47442], [15.01755, 67.46935], [15.17595, 67.5217], [15.13635, 67.42038], [15.42795, 67.48286], [15.60436, 67.28023], [15.70156, 67.30387], [15.52876, 67.46766], [15.89956, 67.55716], [15.26595, 67.52507], [15.43875, 67.61288], [15.17955, 67.61795], [15.30195, 67.72095], [15.54316, 67.67367], [15.65836, 67.68042], [15.40275, 67.74121], [15.82036, 67.67705], [15.69436, 67.79693], [15.40995, 67.79693], [15.37035, 67.86448], [15.18315, 67.71419], [14.83755, 67.64327], [14.79435, 67.72939], [15.11835, 67.74121], [14.75475, 67.80369], [15.10395, 67.85097], [14.84835, 67.84421], [14.99955, 67.89487], [15.19755, 67.83071], [15.53596, 67.9202], [15.50356, 67.87967], [15.52516, 67.85097], [15.75196, 67.95228], [15.85996, 67.89994], [16.06156, 68.0097], [15.89956, 68.06711], [15.60076, 68.0384], [15.54676, 68.07386], [15.39915, 67.9945], [15.28035, 68.03671], [15.64396, 68.16842], [15.61876, 68.05698], [15.84556, 68.09581], [16.01476, 68.24947], [16.04356, 68.02996], [16.23796, 67.88305], [16.43596, 67.80707], [16.51517, 67.80369], [16.20556, 68.00294], [16.45396, 67.89825], [16.38916, 68.05866], [16.68797, 68.07048], [16.28836, 68.09075], [16.41436, 68.187], [16.59077, 68.16673], [16.45396, 68.22921], [16.17316, 68.20388], [16.35676, 68.23934], [16.14796, 68.31364], [16.80317, 68.13296], [16.21996, 68.35079], [17.12717, 68.37274], [17.33237, 68.16673], [17.24957, 68.40651], [17.87238, 68.393], [17.46917, 68.44704], [17.54478, 68.52978], [17.04797, 68.43353], [16.98677, 68.50951], [16.53317, 68.43859], [16.47196, 68.52302], [16.99397, 68.70877], [17.14877, 68.63278], [17.24957, 68.72396], [17.67798, 68.6598], [17.23517, 68.75605], [17.46197, 68.81515], [17.78238, 68.74929], [17.46917, 68.83203], [17.82558, 68.89451], [17.42597, 68.89958], [17.65998, 69.1174], [18.15318, 69.15455], [18.00198, 69.28626], [18.26478, 69.48889], [18.50239, 69.2356], [18.56359, 69.36393], [18.69319, 69.26431], [18.73639, 69.32341], [19.01359, 69.28626], [18.45558, 69.45512], [18.49878, 69.52266], [18.85159, 69.55305], [19.01359, 69.39771], [19.38079, 69.32172], [19.16839, 69.26769], [19.18639, 69.24911], [19.5104, 69.22885], [19.43119, 69.34198], [18.99199, 69.48382], [19.26199, 69.52266], [18.99559, 69.53955], [18.94519, 69.61553], [19.24759, 69.77764], [19.784, 69.80465], [19.532, 69.40108], [19.7444, 69.61216], [20.0612, 69.57838], [20.1116, 69.58514], [19.8236, 69.71178], [20.1548, 69.93467], [20.2016, 69.85869], [20.2916, 69.97182], [20.4176, 69.89077], [20.378, 69.58851], [19.9496, 69.26262], [20.4824, 69.57838], [20.85321, 69.49564], [20.4932, 69.62735], [20.4824, 69.76413], [21.09081, 69.94818], [20.89281, 69.85362], [21.01881, 69.78777], [21.17001, 69.87557], [21.18081, 69.81985], [21.33201, 70.03092], [22.08802, 69.7388], [21.91522, 69.9448], [22.11322, 70.03092], [21.80002, 70.03768], [22.00522, 70.06132], [22.09882, 70.12042], [21.72082, 70.06132], [21.20961, 70.20822], [21.44001, 70.26901], [21.49041, 70.20822], [21.55162, 70.32136], [21.87562, 70.14743], [21.80722, 70.25719], [22.00882, 70.32473], [22.11682, 70.23355], [22.30762, 70.28759], [22.27522, 70.13561], [22.55963, 70.12717], [22.32562, 70.1677], [22.40122, 70.25888], [22.96643, 70.20822], [22.85843, 70.12548], [22.43362, 70.08833], [22.28602, 70.04443], [23.01683, 70.14743], [23.09603, 69.95494], [23.31563, 69.99715], [23.33003, 69.94818], [23.53884, 70.02417], [23.17523, 70.09171], [23.40203, 70.14068], [23.24363, 70.21667], [23.53164, 70.24368], [23.31203, 70.25719], [23.61444, 70.30447], [23.51364, 70.36526], [23.91684, 70.50879], [24.34884, 70.45644], [24.10404, 70.54087], [24.35244, 70.69116], [24.72325, 70.62024], [24.65485, 70.70973], [24.24444, 70.78403], [24.39564, 70.86677], [24.63685, 70.77896], [24.66565, 70.97821], [24.82045, 70.90729], [25.03285, 70.97146], [24.91765, 70.87352], [25.15525, 70.91911], [25.24525, 70.79078], [25.36405, 70.97653], [25.53686, 70.92249], [25.44325, 70.84144], [25.92566, 70.86339], [25.07245, 70.50372], [25.24525, 70.52736], [25.06165, 70.49022], [25.28845, 70.45644], [24.94285, 70.10184], [25.03645, 70.06469], [25.01125, 70.13393], [25.09405, 70.15419], [25.22725, 70.09171], [25.54046, 70.29772], [25.43965, 70.34162], [26.61327, 70.94951], [26.69247, 70.73675], [26.34326, 70.64725], [26.65647, 70.6405], [26.50527, 70.36357], [26.81127, 70.48008], [27.10287, 70.46995], [26.99127, 70.58309], [27.26487, 70.58478], [27.11007, 70.7283], [27.32967, 70.7435], [27.32247, 70.82286], [27.62848, 70.80429], [27.13527, 70.94951], [27.34767, 70.94275], [27.25407, 71.02549], [27.55288, 70.95457], [27.65008, 71.12681], [27.72208, 71.05927], [28.20808, 71.08459], [28.20448, 70.98328], [28.55009, 70.97315], [28.26568, 70.79416], [27.76168, 70.79078], [28.12888, 70.73675], [27.65008, 70.60673], [28.28368, 70.71817], [27.84808, 70.48346], [27.88408, 70.42774], [28.18648, 70.50372], [28.12888, 70.44125], [28.33408, 70.51723], [28.16128, 70.38215], [28.16848, 70.13561], [28.01368, 70.07145], [28.21888, 70.15419], [28.24768, 70.41423], [28.39168, 70.49359], [28.50689, 70.448], [28.40248, 70.55945], [28.79489, 70.87352], [29.40329, 70.78403], [29.30609, 70.65232], [29.6985, 70.7435], [29.6805, 70.62024], [30.1053, 70.71142], [30.3465, 70.5966], [30.0009, 70.5375], [30.50131, 70.55776], [31.06291, 70.36695], [31.07731, 70.28421], [30.54811, 70.24875], [30.1593, 70.07145], [29.21969, 70.12042], [28.65449, 70.18289], [28.61489, 70.17614], [28.73369, 70.08496], [29.6841, 69.97013], [29.36369, 69.86038], [29.7417, 69.90766], [29.48609, 69.66112], [30.0297, 69.77595], [30.0621, 69.77088], [29.9361, 69.70503], [29.9397, 69.68814], [30.0729, 69.74049], [30.1845, 69.68814], [30.1665, 69.87895], [30.2889, 69.8857], [30.3357, 69.67463], [30.4833, 69.81816], [30.83971, 69.80634], [30.92611, 69.67294], [30.75691, 69.52097], [30.1197, 69.63411], [30.1233, 69.44161], [29.37809, 69.30146], [29.06489, 69.03466], [28.82729, 69.10727], [29.34569, 69.46356], [29.14769, 69.6645], [28.44208, 69.79114], [27.86608, 70.07483], [27.09927, 69.90259], [26.50167, 69.91779], [26.00486, 69.68983], [25.79606, 68.99414], [25.62686, 68.87425], [25.20205, 68.81346], [24.90685, 68.55679], [23.92764, 68.81684], [23.19683, 68.61758], [23.02043, 68.68681], [22.40842, 68.71214], [21.66322, 69.26262], [21.31401, 69.29133], [21.06201, 69.21534], [21.07281, 69.03635], [20.74521, 69.10389], [20.62281, 69.03635], [20.1008, 69.02284], [20.3528, 68.78644], [19.964, 68.5416], [20.2448, 68.47743], [19.9316, 68.35079], [18.43758, 68.57368], [18.17118, 68.53653], [18.18918, 68.19882], [17.92278, 67.97255], [17.32157, 68.10594], [16.78157, 67.89656], [16.58717, 67.62639], [16.12636, 67.42207], [16.43956, 67.20087], [16.41436, 67.05227], [15.42795, 66.49166], [15.48195, 66.27553], [15.05355, 66.15395], [14.53875, 66.12524], [14.65035, 65.80272], [14.51355, 65.3181], [13.64234, 64.58357], [14.09594, 64.46537], [14.14634, 64.16818], [13.96274, 64.00946], [12.98353, 64.05842], [12.16992, 63.59744], [12.22032, 63.47418], [11.99352, 63.28843], [12.22392, 63.00137], [12.09072, 62.58598], [12.31392, 62.28542], [12.16272, 61.72481], [12.88993, 61.34995], [12.70273, 61.046], [12.25272, 61.0021], [12.60553, 60.41954], [12.48312, 60.08182], [12.14472, 59.89777], [11.84952, 59.87244], [11.89272, 59.70527], [11.67672, 59.60733], [11.80992, 59.24936], [11.66592, 58.92008], [11.45351, 58.89644], [11.37071, 59.10076], [11.18351, 59.11596], [11.17631, 59.19701], [11.03231, 59.12778], [10.73711, 59.21727], [10.78031, 59.31352], [10.59671, 59.42328], [10.69031, 59.48069], [10.56071, 59.72554], [10.65431, 59.85724], [10.71911, 59.73736], [10.69031, 59.91128], [10.4743, 59.85049], [10.54271, 59.53473], [10.4383, 59.51784], [10.3987, 59.68839], [10.2259, 59.72385], [10.3807, 59.65799], [10.3807, 59.53473], [10.2367, 59.56005], [10.51391, 59.30339], [10.3591, 59.27131], [10.2619, 59.03828], [10.2259, 59.11427], [10.2079, 59.01633], [10.0171, 59.03322], [9.8479, 58.95554], [9.5383, 59.12102], [9.6895, 58.95723], [9.29709, 58.88125], [9.40869, 58.79175], [9.07029, 58.74109], [9.19989, 58.67186], [8.91189, 58.6077], [8.92629, 58.51314], [8.20268, 58.12308], [8.05148, 58.11294], [8.08028, 58.16191], [8.00468, 58.2227], [7.91468, 58.08255], [7.00747, 57.99305]]}}]}