{"type": "FeatureCollection", "properties": {"source": "Natural Earth 1:10m Admin-0 countries v4.1.0 via world-atlas@2 (countries-10m.json), public domain", "crs": "EPSG:4326 (lon, lat degrees)"}, "features": [{"type": "Feature", "properties": {"name_en": "Sweden", "name_zh": "瑞典", "iso_n3": "752"}, "geometry": {"type": "MultiPolygon", "coordinates": [[[[15.68716, 56.07483], [15.68356, 56.07483], [15.65116, 56.09003], [15.64396, 56.10523], [15.65476, 56.11873], [15.66916, 56.1238], [15.67636, 56.12042], [15.68356, 56.11705], [15.69436, 56.11705], [15.70516, 56.11705], [15.71956, 56.11705], [15.72676, 56.11873], [15.72676, 56.11367], [15.71596, 56.10691], [15.70156, 56.10523], [15.69796, 56.10016], [15.70156, 56.09003], [15.70516, 56.0799], [15.70156, 56.07652], [15.69796, 56.07483], [15.68716, 56.07483]]], [[[17.02637, 57.18085], [17.02277, 57.17241], [17.01917, 57.15721], [17.01557, 57.14877], [16.97237, 57.10486], [16.96877, 57.08967], [16.96157, 57.06265], [16.94357, 57.05252], [16.92197, 57.04576], [16.90037, 57.03732], [16.90397, 57.02888], [16.91117, 57.02381], [16.92197, 57.02043], [16.93277, 57.01706], [16.91477, 57.00693], [16.90037, 56.99679], [16.87157, 56.96978], [16.87877, 56.95627], [16.88597, 56.93601], [16.88237, 56.91574], [16.86797, 56.9073], [16.85717, 56.89717], [16.84277, 56.84482], [16.83197, 56.82625], [16.82837, 56.82625], [16.78157, 56.81105], [16.77437, 56.80598], [16.76717, 56.79754], [16.76357, 56.78741], [16.76357, 56.77728], [16.75997, 56.76715], [16.75637, 56.74688], [16.69877, 56.64557], [16.68797, 56.62531], [16.68797, 56.60167], [16.68437, 56.59322], [16.67357, 56.58309], [16.66277, 56.57465], [16.65557, 56.57127], [16.64477, 56.5679], [16.63757, 56.55945], [16.63037, 56.5375], [16.63037, 56.53244], [16.63757, 56.52906], [16.63757, 56.52399], [16.63397, 56.51893], [16.62677, 56.5088], [16.62317, 56.50373], [16.62317, 56.48684], [16.61957, 56.47502], [16.61237, 56.46658], [16.59797, 56.44801], [16.58717, 56.42606], [16.57637, 56.40579], [16.56917, 56.38722], [16.56917, 56.37877], [16.56917, 56.35682], [16.56557, 56.34669], [16.55117, 56.33149], [16.54757, 56.32136], [16.54037, 56.30617], [16.48996, 56.24031], [16.47196, 56.2268], [16.45036, 56.21836], [16.42876, 56.21836], [16.41436, 56.22849], [16.41076, 56.23862], [16.41436, 56.26057], [16.41436, 56.27071], [16.39996, 56.29772], [16.40716, 56.31967], [16.40716, 56.345], [16.40716, 56.38722], [16.41436, 56.40242], [16.40716, 56.42099], [16.39636, 56.43956], [16.39276, 56.45814], [16.39996, 56.54426], [16.40356, 56.55439], [16.41796, 56.58647], [16.44316, 56.60842], [16.44676, 56.61686], [16.45396, 56.63713], [16.61957, 56.87184], [16.63757, 56.88197], [16.65917, 56.88704], [16.68797, 56.88704], [16.71677, 56.8921], [16.73117, 56.90392], [16.74917, 56.94107], [16.79237, 57.00355], [16.84637, 57.05927], [16.88957, 57.11837], [16.90757, 57.19267], [16.91117, 57.2028], [16.91837, 57.20787], [16.93997, 57.21293], [16.95437, 57.22137], [16.95797, 57.23151], [16.96157, 57.28723], [16.96517, 57.30412], [16.98677, 57.31762], [17.01917, 57.34464], [17.03717, 57.35308], [17.05517, 57.35815], [17.06597, 57.35815], [17.07317, 57.34295], [17.08037, 57.34126], [17.09117, 57.34464], [17.09837, 57.35308], [17.10557, 57.35308], [17.10557, 57.34802], [17.10557, 57.34633], [17.10917, 57.34295], [17.10917, 57.33958], [17.11637, 57.33451], [17.11997, 57.33113], [17.12357, 57.32438], [17.12357, 57.31931], [17.09837, 57.31762], [17.07677, 57.3058], [17.04077, 57.27034], [17.06597, 57.24164], [17.06597, 57.22644], [17.05157, 57.20111], [17.05157, 57.19267], [17.04797, 57.1876], [17.04437, 57.18591], [17.03357, 57.18254], [17.02637, 57.18085]]], [[[11.68032, 58.00656], [11.66592, 57.98968], [11.65872, 57.96266], [11.65152, 57.95591], [11.64072, 57.95084], [11.61912, 57.95422], [11.61192, 57.94915], [11.60472, 57.94071], [11.59392, 57.93564], [11.57952, 57.93564], [11.57232, 57.94071], [11.56512, 57.94577], [11.56152, 57.94915], [11.53272, 57.95084], [11.52912, 57.95422], [11.52552, 57.96604], [11.52192, 57.97448], [11.51472, 57.98461], [11.51112, 57.99305], [11.51472, 58.0015], [11.52552, 58.00487], [11.55432, 58.00319], [11.56872, 58.00319], [11.54712, 58.00994], [11.52552, 58.00994], [11.50392, 58.01332], [11.49671, 58.02851], [11.50752, 58.0454], [11.52552, 58.05047], [11.56872, 58.0454], [11.65872, 58.0454], [11.68032, 58.05047], [11.69832, 58.05891], [11.71632, 58.06398], [11.73792, 58.05891], [11.73792, 58.04202], [11.74152, 58.03527], [11.74512, 58.03189], [11.73432, 58.00319], [11.73072, 57.99812], [11.71992, 57.99137], [11.70912, 57.99305], [11.70552, 57.99981], [11.71272, 58.01163], [11.69472, 58.01501], [11.68032, 58.00656]]], [[[11.53272, 58.10619], [11.52192, 58.09606], [11.51832, 58.0893], [11.51472, 58.08593], [11.50752, 58.08593], [11.49671, 58.0893], [11.46431, 58.10619], [11.46431, 58.07242], [11.45711, 58.07242], [11.44991, 58.09775], [11.44631, 58.10281], [11.41751, 58.12308], [11.40671, 58.13152], [11.41031, 58.14503], [11.42831, 58.16022], [11.52912, 58.21257], [11.56152, 58.21932], [11.58672, 58.23283], [11.60112, 58.2379], [11.61912, 58.2379], [11.64792, 58.23452], [11.66232, 58.2379], [11.65872, 58.24803], [11.65872, 58.25816], [11.66592, 58.2666], [11.67672, 58.27167], [11.67312, 58.2818], [11.66952, 58.28518], [11.68752, 58.29193], [11.70192, 58.29193], [11.73792, 58.28518], [11.74872, 58.26323], [11.77032, 58.2531], [11.78832, 58.24634], [11.80632, 58.23114], [11.81352, 58.21088], [11.81352, 58.18893], [11.81352, 58.14503], [11.80632, 58.12645], [11.78112, 58.1197], [11.75592, 58.11801], [11.70912, 58.09775], [11.65512, 58.10788], [11.62992, 58.09944], [11.61192, 58.11801], [11.58672, 58.12308], [11.55792, 58.11801], [11.53272, 58.10619]]], [[[16.87877, 58.28011], [16.86797, 58.27336], [16.85717, 58.27167], [16.84637, 58.27505], [16.83557, 58.29024], [16.83197, 58.30375], [16.84637, 58.31051], [16.86797, 58.30375], [16.87877, 58.30038], [16.88237, 58.29362], [16.87877, 58.28011]]], [[[16.82837, 58.32739], [16.81397, 58.33921], [16.81037, 58.34766], [16.80317, 58.35272], [16.79957, 58.35779], [16.80317, 58.36454], [16.79597, 58.3713], [16.78517, 58.37974], [16.78877, 58.38987], [16.80677, 58.39494], [16.81757, 58.39494], [16.82837, 58.4], [16.83557, 58.4], [16.83917, 58.39831], [16.85357, 58.40169], [16.86077, 58.4], [16.86437, 58.39831], [16.86077, 58.39156], [16.84997, 58.38312], [16.83917, 58.37974], [16.82837, 58.38143], [16.84637, 58.3713], [16.84637, 58.36961], [16.83557, 58.36961], [16.82837, 58.36285], [16.83197, 58.3561], [16.84637, 58.34597], [16.87157, 58.33246], [16.89317, 58.33415], [16.91117, 58.33752], [16.91837, 58.33584], [16.91477, 58.33584], [16.91477, 58.33415], [16.90757, 58.32908], [16.90397, 58.3257], [16.89677, 58.32064], [16.88237, 58.31726], [16.86437, 58.31726], [16.84637, 58.32064], [16.82837, 58.32739]]], [[[18.31518, 58.93022], [18.31518, 58.92684], [18.28998, 58.92346], [18.27198, 58.9184], [18.23958, 58.91333], [18.21798, 58.90489], [18.20718, 58.90489], [18.19998, 58.90826], [18.19278, 58.91164], [18.19638, 58.92008], [18.21078, 58.93528], [18.22518, 58.94541], [18.26118, 58.95892], [18.27558, 58.96061], [18.28998, 58.96061], [18.30078, 58.9623], [18.30438, 58.96568], [18.32238, 58.96905], [18.35118, 58.97918], [18.35838, 58.9775], [18.35478, 58.96736], [18.34038, 58.95723], [18.31878, 58.95217], [18.30798, 58.9471], [18.30078, 58.94541], [18.29358, 58.9471], [18.28998, 58.94204], [18.30078, 58.93359], [18.31518, 58.93022]]], [[[17.69238, 58.90151], [17.68518, 58.90151], [17.65638, 58.92346], [17.65638, 58.9184], [17.64918, 58.9184], [17.63838, 58.93022], [17.64198, 58.9471], [17.63478, 58.95554], [17.62758, 58.95723], [17.62398, 58.96399], [17.62758, 58.98087], [17.63478, 58.99776], [17.64558, 59.00958], [17.64918, 59.01802], [17.64558, 59.02309], [17.64558, 59.03322], [17.64558, 59.06192], [17.65278, 59.07206], [17.66358, 59.07206], [17.66718, 59.0653], [17.66718, 59.05855], [17.67438, 59.05686], [17.67798, 59.05686], [17.68518, 59.0501], [17.69238, 59.03828], [17.69958, 59.02478], [17.70678, 59.00789], [17.70678, 58.99269], [17.70318, 58.98425], [17.69958, 58.9775], [17.70318, 58.96568], [17.70318, 58.95554], [17.69958, 58.94541], [17.69598, 58.93528], [17.69598, 58.92853], [17.68878, 58.92515], [17.68158, 58.92177], [17.68158, 58.91502], [17.69238, 58.90151]]], [[[18.13158, 58.96399], [18.11718, 58.96736], [18.09918, 58.97918], [18.09558, 58.9775], [18.08838, 58.97581], [18.07038, 58.96568], [18.05598, 58.95892], [18.05238, 58.96061], [18.04878, 58.96736], [18.05238, 58.97074], [18.05958, 58.98425], [18.06678, 58.991], [18.07758, 58.99269], [18.08118, 58.99607], [18.08118, 59.00282], [18.08118, 59.00958], [18.09198, 59.01802], [18.10278, 59.02309], [18.12438, 59.0214], [18.14958, 59.02478], [18.17118, 59.02815], [18.21798, 59.02478], [18.21438, 59.01971], [18.17838, 59.01127], [18.18198, 59.00958], [18.18558, 59.01127], [18.19278, 59.01127], [18.19998, 59.00958], [18.19638, 58.99776], [18.18918, 58.99438], [18.18198, 58.99945], [18.17478, 59.00114], [18.16758, 58.99776], [18.16038, 58.99776], [18.14958, 59.00451], [18.14598, 59.00451], [18.14958, 58.99438], [18.14958, 58.98594], [18.14958, 58.9775], [18.14598, 58.96905], [18.13158, 58.96399]]], [[[18.41238, 59.01127], [18.40518, 59.00789], [18.39438, 59.01127], [18.39078, 59.01127], [18.38718, 59.00789], [18.37638, 59.0062], [18.36558, 59.00958], [18.35478, 59.01633], [18.34398, 59.02646], [18.34038, 59.03322], [18.34758, 59.0366], [18.35478, 59.0366], [18.36198, 59.03997], [18.35838, 59.04504], [18.35118, 59.05348], [18.35118, 59.05686], [18.35838, 59.05517], [18.36558, 59.05855], [18.37638, 59.06361], [18.37998, 59.07037], [18.37278, 59.07374], [18.37638, 59.07881], [18.41598, 59.09232], [18.43398, 59.10414], [18.45198, 59.11258], [18.46638, 59.11765], [18.48078, 59.11596], [18.48438, 59.10583], [18.48438, 59.09738], [18.48798, 59.0957], [18.49158, 59.08894], [18.48798, 59.08556], [18.48438, 59.08219], [18.45558, 59.05686], [18.43758, 59.0501], [18.43398, 59.04335], [18.43038, 59.03828], [18.43038, 59.03153], [18.42678, 59.02646], [18.42318, 59.0214], [18.41958, 59.01633], [18.41238, 59.01127]]], [[[18.16398, 59.34054], [18.13878, 59.34898], [18.12438, 59.35743], [18.11718, 59.36418], [18.11358, 59.37262], [18.10638, 59.37769], [18.10638, 59.38444], [18.12438, 59.38951], [18.23598, 59.37262], [18.25038, 59.36587], [18.23238, 59.36418], [18.22518, 59.36587], [18.20358, 59.36587], [18.21078, 59.36249], [18.22158, 59.35236], [18.21078, 59.34223], [18.18918, 59.33885], [18.16398, 59.34054]]], [[[18.38358, 60.41785], [18.38718, 60.46682], [18.38718, 60.47864], [18.37638, 60.50059], [18.37998, 60.50735], [18.39078, 60.51072], [18.40518, 60.50566], [18.41238, 60.50059], [18.42318, 60.49046], [18.42678, 60.48539], [18.42678, 60.48202], [18.42318, 60.47695], [18.42318, 60.47189], [18.42678, 60.46513], [18.43758, 60.455], [18.46638, 60.44318], [18.47358, 60.43136], [18.45918, 60.43136], [18.43398, 60.44149], [18.41958, 60.44318], [18.43038, 60.42967], [18.47358, 60.38239], [18.48438, 60.36719], [18.49518, 60.35706], [18.50959, 60.35537], [18.53119, 60.36888], [18.53119, 60.35369], [18.53839, 60.34524], [18.54919, 60.32667], [18.55639, 60.32498], [18.55999, 60.32329], [18.56719, 60.3216], [18.57079, 60.31654], [18.56719, 60.30809], [18.55639, 60.30641], [18.51319, 60.3216], [18.45918, 60.35369], [18.40158, 60.37057], [18.39078, 60.39083], [18.38358, 60.41785]]], [[[21.15201, 68.84216], [21.21681, 68.81684], [21.27441, 68.77631], [21.28881, 68.76955], [21.29241, 68.76787], [21.29961, 68.75942], [21.30681, 68.75605], [21.31401, 68.75436], [21.38601, 68.75436], [21.40761, 68.74929], [21.41481, 68.73916], [21.42201, 68.72734], [21.45081, 68.69695], [21.46521, 68.68681], [21.49401, 68.67499], [21.57322, 68.66655], [21.66322, 68.63278], [21.71722, 68.61927], [21.73882, 68.58719], [21.91882, 68.56861], [21.96562, 68.54666], [21.96922, 68.5416], [21.99802, 68.5264], [22.01242, 68.51627], [22.02322, 68.5112], [22.03042, 68.50951], [22.03762, 68.50614], [22.03762, 68.49938], [22.03762, 68.49263], [22.03762, 68.48756], [22.07362, 68.47743], [22.30402, 68.47574], [22.37242, 68.46899], [22.37602, 68.46561], [22.37242, 68.45717], [22.37962, 68.45379], [22.45522, 68.4521], [22.52003, 68.43859], [22.56683, 68.43691], [22.60643, 68.42509], [22.62443, 68.42509], [22.64243, 68.42677], [22.66043, 68.42677], [22.68923, 68.41664], [22.71803, 68.39807], [22.74683, 68.38625], [22.80803, 68.39469], [22.83323, 68.38456], [22.87643, 68.35079], [22.90523, 68.33728], [23.05283, 68.29844], [23.06723, 68.29], [23.07443, 68.28156], [23.07803, 68.27311], [23.08163, 68.26467], [23.09603, 68.25623], [23.13923, 68.23428], [23.15363, 68.21739], [23.15003, 68.19375], [23.15723, 68.187], [23.16083, 68.17855], [23.15363, 68.15322], [23.15003, 68.14478], [23.15003, 68.13972], [23.15003, 68.12958], [23.15363, 68.1279], [23.15723, 68.1279], [23.16443, 68.12283], [23.18603, 68.12283], [23.27243, 68.14478], [23.30483, 68.14478], [23.31923, 68.13803], [23.33003, 68.1279], [23.36963, 68.0688], [23.37323, 68.06035], [23.38403, 68.05191], [23.45603, 68.02489], [23.48483, 68.01645], [23.57484, 67.97255], [23.64324, 67.96242], [23.66124, 67.95059], [23.66124, 67.93202], [23.63604, 67.91345], [23.60364, 67.90331], [23.53164, 67.89318], [23.49923, 67.88136], [23.48123, 67.86448], [23.47763, 67.84084], [23.48123, 67.8172], [23.48483, 67.79693], [23.48483, 67.73783], [23.48843, 67.72433], [23.49923, 67.70913], [23.51004, 67.6686], [23.51724, 67.65341], [23.54244, 67.62639], [23.54964, 67.61119], [23.55324, 67.58755], [23.53524, 67.57742], [23.49923, 67.5656], [23.47403, 67.55547], [23.48483, 67.54365], [23.46683, 67.5217], [23.44523, 67.50481], [23.43083, 67.48624], [23.44523, 67.46091], [23.47763, 67.44402], [23.51364, 67.44402], [23.55324, 67.45246], [23.59284, 67.45415], [23.66124, 67.43558], [23.72964, 67.4322], [23.75124, 67.42714], [23.76564, 67.42038], [23.76204, 67.39674], [23.75124, 67.36972], [23.75124, 67.34608], [23.78724, 67.33764], [23.76204, 67.30725], [23.73684, 67.29036], [23.62164, 67.26841], [23.60364, 67.25997], [23.59284, 67.24477], [23.59284, 67.22451], [23.59644, 67.21775], [23.61444, 67.21438], [23.60724, 67.20087], [23.59644, 67.19074], [23.58564, 67.1806], [23.57484, 67.17385], [23.58204, 67.15359], [23.60004, 67.14008], [23.62164, 67.12995], [23.64684, 67.10799], [23.65764, 67.10462], [23.66484, 67.09786], [23.66844, 67.08773], [23.67204, 67.07422], [23.67204, 67.06578], [23.67564, 67.05903], [23.68284, 67.04889], [23.71884, 67.01681], [23.74404, 67.00161], [23.76204, 66.99486], [23.79084, 66.98811], [23.81604, 66.97629], [23.87364, 66.92394], [23.91324, 66.90368], [23.93484, 66.88848], [23.96004, 66.86146], [23.99964, 66.81249], [24.00324, 66.80574], [23.99964, 66.79561], [23.98524, 66.79223], [23.96004, 66.79392], [23.93844, 66.79054], [23.92404, 66.77366], [23.89164, 66.75171], [23.89164, 66.74326], [23.90244, 66.70611], [23.90244, 66.68585], [23.89884, 66.66559], [23.89164, 66.6487], [23.88084, 66.63182], [23.88804, 66.61324], [23.89164, 66.59636], [23.89164, 66.57947], [23.88084, 66.56427], [23.86284, 66.55414], [23.80884, 66.53894], [23.80524, 66.52881], [23.78724, 66.51868], [23.75484, 66.51193], [23.72964, 66.50348], [23.72964, 66.4866], [23.70444, 66.48322], [23.67564, 66.47478], [23.65404, 66.45958], [23.64324, 66.43594], [23.64684, 66.42412], [23.66484, 66.40555], [23.66844, 66.39542], [23.67204, 66.38191], [23.67564, 66.36333], [23.67564, 66.34982], [23.67204, 66.33969], [23.66484, 66.32618], [23.66124, 66.31605], [23.66484, 66.30592], [23.67924, 66.28228], [23.69004, 66.25695], [23.72244, 66.20629], [23.75124, 66.18941], [23.78724, 66.1759], [23.88804, 66.1607], [23.91324, 66.14888], [23.96724, 66.08134], [23.97444, 66.0729], [23.98524, 66.06614], [24.01044, 66.05601], [24.02124, 66.04926], [24.02844, 66.03575], [24.05364, 65.98509], [24.05724, 65.96989], [24.05364, 65.94794], [24.07524, 65.92768], [24.10404, 65.90911], [24.12564, 65.86858], [24.16164, 65.84156], [24.16164, 65.82299], [24.14004, 65.80441], [24.10404, 65.80104], [24.03204, 65.80948], [24.03924, 65.80441], [24.03924, 65.80104], [24.04284, 65.79935], [24.05364, 65.79597], [24.02844, 65.7909], [23.98164, 65.79428], [23.95644, 65.78922], [23.95284, 65.78246], [23.94564, 65.76726], [23.93484, 65.76051], [23.92764, 65.76051], [23.91684, 65.76389], [23.90964, 65.76726], [23.89524, 65.77064], [23.88444, 65.77402], [23.87724, 65.77908], [23.87364, 65.78584], [23.87004, 65.79428], [23.86644, 65.79428], [23.85564, 65.78922], [23.80524, 65.78922], [23.78004, 65.79259], [23.77284, 65.8061], [23.76204, 65.82299], [23.74044, 65.82974], [23.69004, 65.82974], [23.67564, 65.82468], [23.65044, 65.80272], [23.63604, 65.79597], [23.62164, 65.79597], [23.61444, 65.80104], [23.61084, 65.8061], [23.60724, 65.80948], [23.52804, 65.80948], [23.48483, 65.81623], [23.49203, 65.82974], [23.48483, 65.83481], [23.47043, 65.83312], [23.45603, 65.82974], [23.45963, 65.82805], [23.44883, 65.81623], [23.44163, 65.81286], [23.43443, 65.81117], [23.42723, 65.80948], [23.42363, 65.80272], [23.43443, 65.79766], [23.43803, 65.79259], [23.43803, 65.78415], [23.43803, 65.77571], [23.43443, 65.76726], [23.42723, 65.76558], [23.42003, 65.76726], [23.40203, 65.76895], [23.38403, 65.77571], [23.37323, 65.7909], [23.36963, 65.80779], [23.37323, 65.82299], [23.35163, 65.8213], [23.33723, 65.81286], [23.32643, 65.80272], [23.31203, 65.79597], [23.29043, 65.79597], [23.26883, 65.80272], [23.22923, 65.82299], [23.21483, 65.82636], [23.19683, 65.82636], [23.18243, 65.81961], [23.18243, 65.80272], [23.18963, 65.78922], [23.20403, 65.78077], [23.23643, 65.76895], [23.22203, 65.76389], [23.15723, 65.75038], [23.14643, 65.74531], [23.12843, 65.73349], [23.12843, 65.71492], [23.10323, 65.70479], [23.07803, 65.70648], [23.08523, 65.72843], [23.05643, 65.75544], [23.04563, 65.76051], [22.98803, 65.76389], [22.94483, 65.77571], [22.93763, 65.77908], [22.91603, 65.79597], [22.90163, 65.79935], [22.87643, 65.79428], [22.85843, 65.79597], [22.83683, 65.80779], [22.80443, 65.84832], [22.78643, 65.86351], [22.67123, 65.90573], [22.65323, 65.90911], [22.63523, 65.90573], [22.64603, 65.8956], [22.67123, 65.88209], [22.68203, 65.87027], [22.68563, 65.86182], [22.68923, 65.8365], [22.69283, 65.82468], [22.69643, 65.81454], [22.70003, 65.80441], [22.69643, 65.78922], [22.68923, 65.77571], [22.67843, 65.76389], [22.66403, 65.75713], [22.64963, 65.75544], [22.65323, 65.7774], [22.62803, 65.7909], [22.57043, 65.79597], [22.55603, 65.79259], [22.52363, 65.77571], [22.51283, 65.77571], [22.50563, 65.78415], [22.51283, 65.79428], [22.52363, 65.80441], [22.53083, 65.80948], [22.52003, 65.82299], [22.50203, 65.83143], [22.46962, 65.84325], [22.47322, 65.84663], [22.47682, 65.85676], [22.40482, 65.86351], [22.36882, 65.86182], [22.36882, 65.84325], [22.32562, 65.8365], [22.36882, 65.80948], [22.36522, 65.79766], [22.35082, 65.79597], [22.31842, 65.80272], [22.32922, 65.79259], [22.34722, 65.77064], [22.36162, 65.76051], [22.32562, 65.73518], [22.28602, 65.74362], [22.24642, 65.76051], [22.21042, 65.76051], [22.23202, 65.74531], [22.25002, 65.73518], [22.27162, 65.73012], [22.34002, 65.72336], [22.36162, 65.71661], [22.37602, 65.69972], [22.38682, 65.6727], [22.37602, 65.6727], [22.36162, 65.6727], [22.35082, 65.67102], [22.34002, 65.66426], [22.32922, 65.68959], [22.30762, 65.70141], [22.28242, 65.70141], [22.25722, 65.69297], [22.26442, 65.6879], [22.26802, 65.68115], [22.26442, 65.6727], [22.25722, 65.66426], [22.26442, 65.6592], [22.27162, 65.65075], [22.28602, 65.63218], [22.26082, 65.62542], [22.18882, 65.62374], [22.26442, 65.61192], [22.30042, 65.61192], [22.31842, 65.63218], [22.31482, 65.64231], [22.28962, 65.65582], [22.28602, 65.66426], [22.29322, 65.67439], [22.30762, 65.66933], [22.32562, 65.6592], [22.33282, 65.65075], [22.32562, 65.64569], [22.37962, 65.63387], [22.38322, 65.62711], [22.34002, 65.6136], [22.33282, 65.60347], [22.34362, 65.59503], [22.36522, 65.58828], [22.40482, 65.58321], [22.41202, 65.57983], [22.41922, 65.5697], [22.43002, 65.54944], [22.40482, 65.54268], [22.38682, 65.54944], [22.36882, 65.56295], [22.35082, 65.5697], [22.32202, 65.57139], [22.29682, 65.57646], [22.27522, 65.58828], [22.26442, 65.58996], [22.25002, 65.58321], [22.25722, 65.5697], [22.22842, 65.57139], [22.12762, 65.60347], [22.05202, 65.61698], [22.01962, 65.63556], [22.00522, 65.64231], [21.96562, 65.64738], [21.92962, 65.66257], [21.86842, 65.6727], [21.85402, 65.67777], [21.84322, 65.68452], [21.82162, 65.7031], [21.81082, 65.70985], [21.77842, 65.71998], [21.76402, 65.72843], [21.78922, 65.68621], [21.84682, 65.66088], [21.96922, 65.63218], [22.05202, 65.59841], [22.12042, 65.58321], [22.13122, 65.57814], [22.14922, 65.5697], [22.17082, 65.55282], [22.18162, 65.54775], [22.20322, 65.54944], [22.17802, 65.53931], [22.12042, 65.53931], [22.09162, 65.53593], [22.08442, 65.53255], [22.08082, 65.52918], [22.08082, 65.5258], [22.07722, 65.51736], [22.06642, 65.51398], [22.05562, 65.51904], [22.04842, 65.5258], [22.03762, 65.5258], [22.01242, 65.51736], [21.87562, 65.53762], [21.85402, 65.53593], [21.90082, 65.50047], [21.92962, 65.48865], [21.95122, 65.4954], [21.92962, 65.50554], [21.92242, 65.50722], [21.94762, 65.50891], [22.00522, 65.47683], [22.03042, 65.4667], [22.02322, 65.45319], [22.01962, 65.44137], [22.01242, 65.43124], [21.99802, 65.42617], [21.98002, 65.42617], [21.96562, 65.43293], [21.94402, 65.45319], [21.93322, 65.44137], [21.93682, 65.43124], [21.94402, 65.42111], [21.94402, 65.41097], [21.92602, 65.40422], [21.90802, 65.40253], [21.89002, 65.4076], [21.87922, 65.41942], [21.85042, 65.4076], [21.82162, 65.40084], [21.78922, 65.40084], [21.70642, 65.41435], [21.68842, 65.41266], [21.70282, 65.39747], [21.65602, 65.39747], [21.63082, 65.40084], [21.60922, 65.41942], [21.58762, 65.41773], [21.54442, 65.41097], [21.54442, 65.40591], [21.58402, 65.39747], [21.59842, 65.39747], [21.59842, 65.3924], [21.52642, 65.39747], [21.49041, 65.39409], [21.46881, 65.3772], [21.47601, 65.3772], [21.48681, 65.37214], [21.49041, 65.37045], [21.44721, 65.35694], [21.46881, 65.35525], [21.49041, 65.3485], [21.51202, 65.33837], [21.52642, 65.32655], [21.54442, 65.3181], [21.56602, 65.31641], [21.58402, 65.32148], [21.58762, 65.33668], [21.60562, 65.3333], [21.62362, 65.32655], [21.65602, 65.30797], [21.68842, 65.29615], [21.70282, 65.28602], [21.69922, 65.27082], [21.66682, 65.25225], [21.62362, 65.24043], [21.57682, 65.23874], [21.54442, 65.24718], [21.53362, 65.25731], [21.51562, 65.28264], [21.50482, 65.29615], [21.49041, 65.30628], [21.47601, 65.31473], [21.45801, 65.31979], [21.43641, 65.32317], [21.40761, 65.3333], [21.37881, 65.35525], [21.34641, 65.37214], [21.31401, 65.37045], [21.31761, 65.36876], [21.32841, 65.36538], [21.33201, 65.36369], [21.32121, 65.35187], [21.27801, 65.35019], [21.26361, 65.33668], [21.38961, 65.32148], [21.42201, 65.30797], [21.48321, 65.26069], [21.53722, 65.2303], [21.60922, 65.16951], [21.62002, 65.14756], [21.59842, 65.13911], [21.54442, 65.13743], [21.55882, 65.13067], [21.56242, 65.12223], [21.56242, 65.1121], [21.54442, 65.08339], [21.54802, 65.07833], [21.56602, 65.07495], [21.58762, 65.06988], [21.56242, 65.06144], [21.47961, 65.06313], [21.46881, 65.05468], [21.47601, 65.04118], [21.49401, 65.02598], [21.50482, 65.02091], [21.47241, 65.00909], [21.46161, 65.0074], [21.45441, 65.00909], [21.43281, 65.01416], [21.42201, 65.01416], [21.42201, 65.01247], [21.42201, 65.00909], [21.41841, 65.00403], [21.41481, 65.00065], [21.39681, 64.9939], [21.38241, 64.98714], [21.37881, 64.97701], [21.39321, 64.96688], [21.37881, 64.96012], [21.25641, 64.95675], [21.24201, 64.95337], [21.24201, 64.94493], [21.24561, 64.93986], [21.25281, 64.93311], [21.24561, 64.92129], [21.23841, 64.91453], [21.22761, 64.90609], [21.21681, 64.90102], [21.20241, 64.89934], [21.21321, 64.87232], [21.19161, 64.8605], [21.17361, 64.85374], [21.18081, 64.83517], [21.16641, 64.8301], [21.13041, 64.82335], [21.11241, 64.82335], [21.09801, 64.82673], [21.09081, 64.83855], [21.09081, 64.85037], [21.08361, 64.85712], [21.06921, 64.8605], [21.05481, 64.85712], [21.04041, 64.84699], [21.03681, 64.83348], [21.04401, 64.81997], [21.05481, 64.81491], [21.08361, 64.80984], [21.08001, 64.79802], [21.08001, 64.79464], [21.09801, 64.78451], [21.11601, 64.78114], [21.15561, 64.78114], [21.21681, 64.78958], [21.28161, 64.77607], [21.30681, 64.76763], [21.31401, 64.75412], [21.29961, 64.74905], [21.24921, 64.75074], [21.22761, 64.74736], [21.24561, 64.73048], [21.26721, 64.71697], [21.31401, 64.70008], [21.31401, 64.69164], [21.29601, 64.69164], [21.28881, 64.68658], [21.29241, 64.67982], [21.30321, 64.67138], [21.30321, 64.66631], [21.27801, 64.67138], [21.23121, 64.69333], [21.20601, 64.70008], [21.18441, 64.70684], [21.16641, 64.72204], [21.14481, 64.73217], [21.11961, 64.73048], [21.10881, 64.71697], [21.11241, 64.70008], [21.12321, 64.6832], [21.14121, 64.67138], [21.17001, 64.668], [21.20241, 64.66631], [21.23121, 64.66125], [21.24921, 64.64436], [21.23121, 64.64267], [21.23121, 64.63254], [21.24561, 64.62241], [21.26361, 64.61734], [21.28521, 64.61565], [21.29601, 64.61397], [21.30321, 64.61059], [21.31041, 64.60552], [21.31761, 64.59201], [21.32121, 64.59033], [21.33201, 64.58695], [21.34281, 64.57344], [21.35361, 64.57006], [21.36441, 64.57175], [21.36441, 64.57682], [21.36441, 64.58188], [21.36081, 64.58188], [21.36801, 64.59539], [21.36801, 64.60383], [21.37521, 64.60721], [21.39321, 64.60383], [21.41481, 64.59033], [21.43641, 64.57175], [21.45441, 64.56331], [21.46881, 64.58695], [21.47601, 64.58695], [21.48681, 64.58357], [21.49041, 64.57851], [21.49041, 64.55655], [21.50122, 64.54473], [21.51562, 64.53629], [21.53362, 64.5346], [21.55162, 64.5346], [21.54082, 64.52785], [21.52642, 64.52278], [21.51202, 64.52109], [21.49761, 64.52447], [21.47241, 64.54473], [21.46161, 64.54811], [21.41481, 64.52954], [21.38601, 64.52109], [21.37521, 64.53123], [21.37161, 64.53798], [21.36441, 64.54136], [21.35721, 64.54136], [21.35001, 64.53798], [21.34641, 64.53123], [21.35361, 64.52954], [21.36801, 64.52785], [21.38601, 64.51096], [21.40041, 64.5059], [21.41121, 64.51096], [21.42201, 64.51434], [21.46161, 64.51772], [21.47601, 64.51434], [21.47961, 64.51096], [21.48681, 64.49408], [21.49041, 64.48732], [21.47601, 64.47213], [21.47961, 64.46031], [21.49041, 64.45355], [21.51202, 64.45186], [21.51922, 64.45524], [21.53002, 64.46875], [21.53722, 64.47213], [21.55882, 64.47044], [21.58042, 64.46537], [21.57322, 64.48057], [21.58762, 64.48057], [21.59842, 64.4755], [21.60562, 64.46537], [21.60562, 64.45186], [21.59842, 64.44173], [21.58762, 64.44173], [21.57682, 64.44173], [21.56242, 64.43498], [21.55162, 64.42822], [21.52642, 64.42147], [21.51562, 64.41471], [21.45801, 64.37081], [21.41841, 64.35393], [21.39681, 64.34042], [21.37161, 64.33029], [21.35361, 64.34042], [21.33201, 64.35561], [21.31761, 64.36406], [21.32121, 64.35561], [21.32481, 64.34717], [21.32121, 64.33873], [21.31761, 64.3286], [21.32481, 64.32691], [21.32841, 64.32353], [21.32841, 64.31847], [21.33201, 64.31509], [21.31761, 64.31171], [21.28881, 64.30158], [21.27081, 64.30158], [21.25641, 64.30496], [21.24921, 64.30833], [21.24561, 64.30665], [21.11601, 64.22053], [21.11241, 64.21884], [21.08361, 64.22559], [21.08001, 64.22728], [21.06921, 64.22222], [21.04401, 64.19182], [20.96481, 64.14961], [20.94681, 64.12934], [20.96121, 64.11246], [20.95401, 64.09557], [20.91441, 64.05674], [20.91081, 64.05336], [20.91081, 64.04829], [20.90721, 64.03478], [20.91081, 64.03647], [20.91081, 64.0331], [20.91441, 64.02803], [20.91441, 64.02465], [20.91081, 64.02128], [20.90721, 64.02128], [20.90361, 64.01959], [20.90001, 64.01452], [20.90001, 63.99426], [20.89641, 63.98413], [20.88921, 63.97906], [20.87841, 63.97737], [20.87121, 63.97231], [20.86761, 63.96724], [20.86401, 63.96555], [20.84241, 63.9588], [20.82441, 63.94529], [20.80641, 63.91152], [20.78481, 63.87944], [20.77761, 63.8693], [20.73081, 63.84904], [20.68401, 63.84904], [20.67321, 63.84229], [20.66961, 63.82878], [20.67681, 63.82202], [20.69121, 63.82033], [20.70921, 63.82202], [20.68761, 63.79838], [20.67321, 63.78994], [20.66601, 63.79163], [20.64441, 63.81527], [20.63001, 63.82033], [20.61201, 63.82202], [20.56521, 63.79838], [20.56161, 63.78487], [20.55441, 63.77643], [20.54361, 63.77474], [20.52921, 63.7815], [20.54001, 63.79163], [20.54001, 63.80007], [20.52921, 63.80851], [20.50761, 63.82033], [20.50401, 63.82202], [20.4572, 63.77137], [20.4356, 63.76123], [20.414, 63.76799], [20.4176, 63.75955], [20.4176, 63.75448], [20.414, 63.74941], [20.414, 63.74097], [20.4212, 63.71902], [20.4212, 63.71227], [20.414, 63.70045], [20.4068, 63.69031], [20.396, 63.68187], [20.3816, 63.67681], [20.3636, 63.68018], [20.3564, 63.68863], [20.3528, 63.70213], [20.3636, 63.71564], [20.36, 63.72577], [20.3528, 63.73928], [20.3384, 63.74941], [20.324, 63.75448], [20.3168, 63.73928], [20.3168, 63.67849], [20.3096, 63.65485], [20.2952, 63.65148], [20.2808, 63.65992], [20.2664, 63.67005], [20.2664, 63.68187], [20.2736, 63.692], [20.2808, 63.7072], [20.288, 63.72071], [20.2844, 63.73253], [20.2664, 63.71902], [20.2448, 63.69876], [20.2376, 63.67343], [20.2412, 63.65148], [20.2196, 63.65317], [20.1548, 63.65148], [20.144, 63.6481], [20.1332, 63.64472], [20.1188, 63.64303], [20.108, 63.6481], [20.1008, 63.65654], [20.0972, 63.66161], [20.0936, 63.66499], [20.072, 63.66667], [20.054, 63.6633], [20.036, 63.65654], [20.0216, 63.6481], [20.0108, 63.63459], [20.0144, 63.62277], [20.0288, 63.60251], [19.9532, 63.61939], [19.9388, 63.61939], [19.9244, 63.61264], [19.8884, 63.60251], [19.8812, 63.59913], [19.8632, 63.5738], [19.8272, 63.55523], [19.7876, 63.54172], [19.7516, 63.52483], [19.7516, 63.5147], [19.766, 63.48769], [19.7732, 63.46405], [19.7696, 63.46067], [19.7444, 63.45729], [19.7372, 63.45223], [19.7228, 63.44547], [19.7012, 63.43365], [19.6868, 63.43196], [19.64, 63.44547], [19.6364, 63.45898], [19.64, 63.46911], [19.6364, 63.47755], [19.6112, 63.486], [19.6148, 63.48937], [19.6184, 63.49613], [19.6184, 63.49951], [19.604, 63.50457], [19.5788, 63.52146], [19.5248, 63.5299], [19.514, 63.53834], [19.49239, 63.55354], [19.47079, 63.56198], [19.44559, 63.56029], [19.42039, 63.54847], [19.43119, 63.54341], [19.44199, 63.53834], [19.46719, 63.53497], [19.45639, 63.50964], [19.46719, 63.50119], [19.49239, 63.49782], [19.5248, 63.486], [19.49599, 63.47755], [19.48159, 63.47418], [19.46359, 63.47249], [19.45999, 63.46911], [19.47079, 63.46067], [19.5104, 63.43365], [19.514, 63.4269], [19.5176, 63.41508], [19.5068, 63.4117], [19.48879, 63.41677], [19.45639, 63.43196], [19.37359, 63.47924], [19.34479, 63.486], [19.34479, 63.47755], [19.37359, 63.44547], [19.35199, 63.44041], [19.33039, 63.44885], [19.31239, 63.46067], [19.29439, 63.46573], [19.27999, 63.45898], [19.27639, 63.44209], [19.27639, 63.40832], [19.27639, 63.39819], [19.26919, 63.3813], [19.26919, 63.37286], [19.26919, 63.34247], [19.25839, 63.32896], [19.24399, 63.3222], [19.23319, 63.32558], [19.22959, 63.34247], [19.20799, 63.32558], [19.15759, 63.31883], [19.13239, 63.3087], [19.13959, 63.30532], [19.15399, 63.2935], [19.14319, 63.28674], [19.12159, 63.26479], [19.11079, 63.25297], [19.13239, 63.25297], [19.11799, 63.23609], [19.09639, 63.23778], [19.05679, 63.25973], [19.03879, 63.23946], [19.05679, 63.22596], [19.08559, 63.22089], [19.11079, 63.2192], [19.10359, 63.20738], [19.09279, 63.20738], [19.07839, 63.20738], [19.06759, 63.20232], [19.06039, 63.19218], [19.06039, 63.18374], [19.05319, 63.17868], [19.03519, 63.17868], [19.03159, 63.18205], [19.00279, 63.19894], [18.99919, 63.20232], [18.99199, 63.20907], [18.97039, 63.21751], [18.96319, 63.22596], [18.96679, 63.23946], [18.95599, 63.24622], [18.93799, 63.25128], [18.92359, 63.25635], [18.90559, 63.26648], [18.88759, 63.27324], [18.87319, 63.26986], [18.88039, 63.25297], [18.86599, 63.2496], [18.81199, 63.25973], [18.76879, 63.26142], [18.75079, 63.25973], [18.73639, 63.25297], [18.75439, 63.24284], [18.91279, 63.21245], [18.89479, 63.19725], [18.86239, 63.19218], [18.79759, 63.19218], [18.80119, 63.18205], [18.80479, 63.17868], [18.78679, 63.16854], [18.77239, 63.16854], [18.76159, 63.17699], [18.75439, 63.19218], [18.75439, 63.20738], [18.77599, 63.21245], [18.82279, 63.21245], [18.82279, 63.2192], [18.72919, 63.23271], [18.70039, 63.22596], [18.71479, 63.2192], [18.71839, 63.21076], [18.72199, 63.20232], [18.72919, 63.19218], [18.75079, 63.16686], [18.75439, 63.15672], [18.61039, 63.17868], [18.56359, 63.17868], [18.56359, 63.17192], [18.58519, 63.17023], [18.61039, 63.16517], [18.62839, 63.15672], [18.64279, 63.14659], [18.64999, 63.13646], [18.65719, 63.12295], [18.65359, 63.11451], [18.63919, 63.10944], [18.61759, 63.11451], [18.59959, 63.12126], [18.57799, 63.12464], [18.55639, 63.1162], [18.54919, 63.10776], [18.54559, 63.09594], [18.53839, 63.08412], [18.52399, 63.07567], [18.55639, 63.07567], [18.51319, 63.0571], [18.49878, 63.05541], [18.49158, 63.05034], [18.48798, 63.02502], [18.47718, 63.01995], [18.46638, 63.02333], [18.43398, 63.04697], [18.41958, 63.05372], [18.40518, 63.05541], [18.38718, 63.05372], [18.37278, 63.04697], [18.40518, 63.03515], [18.42318, 63.0267], [18.43398, 63.01488], [18.36918, 63.01995], [18.36558, 63.02164], [18.35838, 63.03346], [18.35118, 63.03684], [18.34398, 63.04021], [18.34038, 63.03684], [18.34038, 63.03008], [18.33678, 63.0267], [18.34038, 63.02502], [18.32598, 63.01488], [18.30078, 63.00644], [18.24318, 62.99969], [18.26478, 62.98955], [18.52399, 62.99124], [18.55279, 62.98618], [18.57079, 62.97267], [18.57799, 62.95916], [18.56719, 62.95409], [18.55279, 62.95916], [18.54559, 62.97267], [18.53839, 62.97267], [18.52759, 62.95409], [18.50599, 62.94903], [18.47718, 62.95241], [18.41958, 62.96929], [18.40158, 62.96423], [18.39438, 62.94565], [18.44118, 62.92877], [18.45558, 62.92539], [18.49158, 62.93045], [18.50959, 62.93214], [18.52399, 62.92539], [18.51319, 62.90344], [18.47358, 62.90175], [18.40158, 62.91188], [18.41598, 62.89668], [18.46278, 62.88824], [18.47358, 62.87642], [18.46998, 62.86798], [18.46278, 62.86122], [18.45198, 62.85785], [18.42678, 62.85447], [18.41958, 62.8494], [18.40878, 62.84603], [18.40158, 62.84096], [18.37638, 62.83589], [18.36558, 62.83589], [18.34758, 62.83927], [18.32958, 62.83927], [18.32598, 62.84096], [18.32238, 62.84434], [18.31878, 62.8494], [18.31518, 62.85616], [18.28278, 62.87642], [18.26838, 62.88317], [18.24678, 62.88317], [18.25038, 62.8798], [18.25398, 62.86967], [18.20718, 62.86967], [18.20718, 62.86291], [18.21798, 62.85953], [18.22158, 62.85278], [18.21438, 62.84434], [18.20718, 62.83589], [18.22878, 62.82914], [18.26118, 62.84771], [18.28278, 62.84096], [18.25758, 62.81057], [18.24318, 62.79875], [18.22518, 62.79368], [18.21438, 62.7903], [18.20718, 62.78186], [18.19638, 62.77679], [18.18198, 62.78355], [18.18198, 62.7903], [18.18918, 62.79706], [18.19638, 62.80381], [18.19998, 62.80719], [18.18558, 62.81225], [18.17838, 62.80381], [18.16758, 62.79199], [18.16038, 62.78017], [18.13878, 62.77173], [18.12078, 62.77004], [18.07758, 62.77342], [18.08118, 62.78355], [18.08478, 62.78693], [18.06678, 62.79368], [18.04878, 62.79537], [18.00918, 62.79368], [18.03438, 62.81225], [18.12078, 62.8055], [18.14598, 62.82239], [18.10278, 62.83083], [18.08478, 62.83758], [18.07038, 62.8494], [18.07398, 62.85109], [18.07398, 62.85278], [18.07758, 62.85616], [18.05598, 62.85278], [18.01998, 62.84096], [17.98758, 62.82576], [17.97318, 62.81225], [17.96958, 62.80719], [17.95158, 62.81057], [17.93358, 62.81732], [17.92638, 62.82239], [17.92278, 62.83083], [17.92638, 62.86629], [17.92278, 62.86967], [17.91558, 62.87811], [17.91198, 62.88317], [17.91558, 62.88824], [17.92278, 62.89668], [17.92638, 62.90006], [17.92278, 62.91526], [17.90838, 62.91526], [17.89398, 62.91019], [17.87958, 62.91188], [17.87238, 62.91863], [17.85438, 62.95578], [17.84718, 62.96423], [17.83638, 62.97098], [17.82198, 62.97605], [17.81118, 62.97942], [17.81838, 62.98449], [17.82918, 62.99969], [17.80758, 62.998], [17.77878, 62.9828], [17.76078, 62.97942], [17.74278, 62.9828], [17.72838, 62.99293], [17.71038, 62.998], [17.69238, 62.99293], [17.81838, 62.94227], [17.84718, 62.92201], [17.86518, 62.90175], [17.89038, 62.86967], [17.90118, 62.83927], [17.88678, 62.82239], [17.88678, 62.81563], [17.92998, 62.80043], [17.94078, 62.79368], [17.95158, 62.78524], [17.95518, 62.78186], [17.95518, 62.76329], [17.96238, 62.75147], [17.99478, 62.72783], [18.00198, 62.70925], [17.99838, 62.69743], [17.99118, 62.68055], [17.99118, 62.67379], [17.99838, 62.66535], [17.99478, 62.66028], [17.98398, 62.65859], [17.97318, 62.65691], [17.96958, 62.65859], [17.94438, 62.66873], [17.93358, 62.67041], [17.87238, 62.67041], [17.89038, 62.65859], [18.04158, 62.62651], [18.04518, 62.61469], [18.04878, 62.60625], [18.05598, 62.59949], [18.06318, 62.59612], [18.04158, 62.59274], [17.96958, 62.56066], [17.96238, 62.56403], [17.96238, 62.57585], [17.95158, 62.60625], [17.95518, 62.61131], [17.95158, 62.61469], [17.93718, 62.61638], [17.92998, 62.613], [17.92638, 62.60456], [17.91558, 62.57248], [17.91198, 62.56572], [17.91198, 62.55728], [17.90838, 62.54884], [17.90118, 62.54546], [17.87958, 62.54039], [17.89398, 62.52688], [17.86158, 62.50156], [17.84358, 62.48974], [17.82198, 62.48636], [17.81118, 62.48974], [17.79678, 62.50324], [17.78598, 62.50493], [17.73558, 62.50493], [17.69238, 62.49818], [17.67078, 62.48974], [17.65998, 62.47792], [17.65998, 62.46103], [17.67438, 62.45596], [17.69598, 62.4509], [17.70678, 62.43739], [17.57718, 62.44077], [17.56278, 62.44414], [17.54838, 62.44752], [17.53038, 62.46272], [17.52678, 62.46441], [17.47997, 62.50493], [17.43677, 62.53702], [17.42597, 62.54039], [17.40437, 62.53533], [17.39717, 62.51169], [17.37917, 62.50493], [17.35757, 62.50324], [17.34317, 62.49818], [17.33237, 62.48805], [17.33237, 62.47285], [17.37557, 62.43739], [17.37917, 62.43401], [17.37917, 62.42557], [17.37917, 62.41713], [17.37917, 62.41037], [17.37197, 62.407], [17.36117, 62.40362], [17.34677, 62.40362], [17.33597, 62.40362], [17.35037, 62.39855], [17.36117, 62.39011], [17.36477, 62.37829], [17.36117, 62.36647], [17.36117, 62.35634], [17.36837, 62.34283], [17.37917, 62.3327], [17.39357, 62.32763], [17.42237, 62.33101], [17.43677, 62.33101], [17.45477, 62.32088], [17.46197, 62.31244], [17.46917, 62.3023], [17.47637, 62.29217], [17.48717, 62.28711], [17.48717, 62.28035], [17.47997, 62.28035], [17.47277, 62.27866], [17.46197, 62.2736], [17.54478, 62.24827], [17.56638, 62.25334], [17.59878, 62.24996], [17.63118, 62.23983], [17.65278, 62.23138], [17.56998, 62.20437], [17.54478, 62.20099], [17.54118, 62.20606], [17.56998, 62.23138], [17.55198, 62.23645], [17.53398, 62.23476], [17.51958, 62.22801], [17.50878, 62.21788], [17.50518, 62.20437], [17.50518, 62.18748], [17.50878, 62.17228], [17.50878, 62.16384], [17.50158, 62.15033], [17.49797, 62.14695], [17.47997, 62.13007], [17.47277, 62.11656], [17.47277, 62.0963], [17.47277, 62.08448], [17.46917, 62.07603], [17.44757, 62.06759], [17.46917, 62.06253], [17.45837, 62.04902], [17.42597, 62.02707], [17.43677, 62.022], [17.45117, 62.01187], [17.46197, 62.00343], [17.45117, 62.00005], [17.40437, 61.99498], [17.39357, 61.99161], [17.38637, 61.98147], [17.38997, 61.97134], [17.38637, 61.96121], [17.36477, 61.95783], [17.35397, 61.95615], [17.34677, 61.9477], [17.34317, 61.93588], [17.34317, 61.92406], [17.34677, 61.91224], [17.36117, 61.89367], [17.36477, 61.88691], [17.36117, 61.88016], [17.34677, 61.87509], [17.34317, 61.87003], [17.34317, 61.86327], [17.34317, 61.85652], [17.34677, 61.85483], [17.35037, 61.85314], [17.35397, 61.84808], [17.34677, 61.83795], [17.34317, 61.83457], [17.33957, 61.8295], [17.33597, 61.82444], [17.33957, 61.81768], [17.35397, 61.81431], [17.40437, 61.82106], [17.40077, 61.81093], [17.39357, 61.80586], [17.38277, 61.80249], [17.37197, 61.8008], [17.37197, 61.79235], [17.38997, 61.78898], [17.38997, 61.77716], [17.38637, 61.76196], [17.38637, 61.74676], [17.38997, 61.72819], [17.40077, 61.72312], [17.44757, 61.72819], [17.46557, 61.73325], [17.48357, 61.73494], [17.50158, 61.72481], [17.51238, 61.71299], [17.51958, 61.70286], [17.51958, 61.69104], [17.51238, 61.68091], [17.50518, 61.6674], [17.50158, 61.65051], [17.49797, 61.63532], [17.47997, 61.62856], [17.46197, 61.63025], [17.44757, 61.63363], [17.43317, 61.63869], [17.41877, 61.65051], [17.38277, 61.69273], [17.36117, 61.70961], [17.33237, 61.71806], [17.33237, 61.70455], [17.33597, 61.69442], [17.35037, 61.67753], [17.31437, 61.6826], [17.29997, 61.68935], [17.30357, 61.70455], [17.26757, 61.72143], [17.22437, 61.7265], [17.13797, 61.72481], [17.14877, 61.71468], [17.16677, 61.70961], [17.19917, 61.7113], [17.26757, 61.69104], [17.26037, 61.67415], [17.22797, 61.66233], [17.19197, 61.65727], [17.16677, 61.65727], [17.16677, 61.65051], [17.17397, 61.64882], [17.19197, 61.64207], [17.16317, 61.637], [17.11997, 61.64545], [17.09837, 61.63532], [17.22437, 61.62181], [17.24957, 61.6083], [17.22437, 61.60323], [17.20997, 61.60492], [17.17397, 61.61505], [17.15237, 61.61843], [17.08397, 61.61505], [17.08397, 61.6083], [17.11997, 61.60999], [17.13437, 61.60661], [17.14517, 61.59479], [17.10197, 61.58466], [17.05517, 61.58297], [17.08397, 61.57115], [17.18477, 61.56102], [17.18477, 61.55426], [17.09117, 61.55595], [17.08037, 61.55089], [17.08757, 61.54582], [17.11277, 61.54076], [17.13077, 61.53231], [17.15597, 61.52894], [17.16677, 61.52725], [17.16677, 61.5188], [17.12357, 61.5188], [17.12357, 61.51374], [17.16317, 61.50361], [17.17397, 61.49854], [17.17757, 61.48672], [17.17037, 61.47997], [17.15957, 61.4749], [17.15237, 61.46477], [17.15597, 61.45633], [17.16317, 61.44788], [17.17037, 61.44113], [17.18117, 61.43775], [17.19197, 61.43775], [17.19917, 61.44282], [17.20277, 61.44788], [17.21357, 61.45126], [17.22077, 61.44788], [17.22077, 61.44113], [17.21717, 61.43438], [17.20637, 61.431], [17.19557, 61.42931], [17.18477, 61.42762], [17.17397, 61.42256], [17.16677, 61.4158], [17.15957, 61.42424], [17.14877, 61.43438], [17.13797, 61.43775], [17.12717, 61.41749], [17.10917, 61.40905], [17.10557, 61.39892], [17.10917, 61.39385], [17.13797, 61.36852], [17.16677, 61.35501], [17.19917, 61.34826], [17.20277, 61.33644], [17.27477, 61.31449], [17.24597, 61.31111], [17.21357, 61.3128], [17.15237, 61.32799], [17.16677, 61.30773], [17.19197, 61.29929], [17.22437, 61.29422], [17.24957, 61.28747], [17.20637, 61.28916], [17.18837, 61.29085], [17.13437, 61.31617], [17.11997, 61.31955], [17.09837, 61.32124], [17.09837, 61.31449], [17.11997, 61.30773], [17.15237, 61.29422], [17.18117, 61.27565], [17.19917, 61.25876], [17.21357, 61.23512], [17.19557, 61.22668], [17.17037, 61.21993], [17.15237, 61.20473], [17.18477, 61.19122], [17.18117, 61.16589], [17.17397, 61.15745], [17.15957, 61.14901], [17.17757, 61.1355], [17.18117, 61.12368], [17.17037, 61.11523], [17.14517, 61.11523], [17.15597, 61.11186], [17.18477, 61.11186], [17.19197, 61.10848], [17.19917, 61.10341], [17.19917, 61.09666], [17.19917, 61.08991], [17.18837, 61.08822], [17.18117, 61.08315], [17.17397, 61.07302], [17.17037, 61.05951], [17.16677, 61.046], [17.17037, 61.04263], [17.17757, 61.03756], [17.18477, 61.03249], [17.16677, 61.02236], [17.15957, 61.02067], [17.20997, 61.02405], [17.23517, 61.02236], [17.24957, 61.01223], [17.18837, 61.00379], [17.16677, 60.99197], [17.15957, 60.96495], [17.15597, 60.95313], [17.15957, 60.94807], [17.18117, 60.93793], [17.19917, 60.93624], [17.20637, 60.93456], [17.20277, 60.92105], [17.20637, 60.91429], [17.21357, 60.90247], [17.21717, 60.8991], [17.23157, 60.90416], [17.24237, 60.90247], [17.24597, 60.89741], [17.28197, 60.84168], [17.27477, 60.84], [17.26397, 60.83662], [17.25677, 60.83324], [17.25677, 60.82818], [17.26037, 60.81636], [17.26757, 60.81467], [17.27477, 60.81804], [17.28197, 60.81298], [17.28557, 60.79947], [17.28197, 60.78934], [17.28197, 60.7809], [17.29637, 60.77245], [17.31437, 60.76908], [17.33237, 60.77076], [17.33597, 60.76739], [17.32517, 60.75219], [17.31077, 60.74544], [17.27837, 60.73699], [17.25317, 60.72011], [17.21357, 60.7066], [17.19197, 60.70153], [17.18477, 60.69647], [17.18837, 60.69309], [17.19197, 60.68971], [17.20637, 60.6914], [17.22797, 60.69647], [17.23877, 60.69816], [17.25677, 60.69478], [17.27837, 60.67958], [17.31077, 60.67283], [17.36477, 60.64919], [17.32517, 60.63568], [17.32517, 60.62892], [17.33957, 60.62217], [17.36117, 60.62217], [17.37557, 60.62386], [17.37917, 60.62386], [17.39717, 60.6323], [17.41517, 60.63737], [17.54838, 60.64919], [17.57358, 60.6475], [17.59518, 60.63906], [17.60958, 60.63061], [17.64558, 60.61879], [17.65998, 60.60866], [17.64558, 60.60022], [17.60958, 60.5884], [17.60238, 60.58333], [17.60598, 60.56982], [17.62038, 60.54787], [17.62398, 60.53605], [17.63838, 60.51579], [17.67078, 60.50397], [17.74278, 60.4989], [17.74278, 60.50566], [17.72838, 60.53436], [17.76078, 60.56307], [17.81478, 60.58502], [17.91918, 60.60022], [17.94798, 60.59853], [17.97318, 60.5884], [17.99478, 60.55294], [17.99478, 60.54112], [17.98758, 60.53099], [17.98038, 60.52254], [17.96598, 60.51917], [17.96598, 60.51241], [17.99478, 60.51072], [18.01998, 60.50228], [18.06318, 60.47864], [18.09918, 60.46513], [18.10278, 60.45838], [18.10998, 60.44318], [18.11358, 60.43643], [18.14238, 60.41279], [18.17838, 60.39928], [18.26118, 60.38239], [18.24678, 60.37733], [18.22158, 60.36382], [18.20718, 60.35537], [18.20718, 60.34693], [18.22158, 60.33849], [18.22878, 60.33342], [18.23598, 60.32667], [18.25038, 60.33342], [18.27918, 60.34862], [18.29718, 60.35537], [18.31518, 60.35706], [18.32598, 60.35537], [18.35838, 60.34693], [18.42678, 60.34862], [18.44838, 60.34187], [18.44838, 60.33849], [18.44478, 60.33005], [18.44478, 60.31991], [18.44838, 60.31316], [18.45198, 60.30978], [18.47358, 60.29965], [18.47358, 60.2929], [18.46278, 60.29121], [18.44838, 60.2929], [18.43758, 60.2929], [18.42678, 60.28614], [18.56719, 60.25913], [18.60319, 60.23886], [18.56359, 60.22704], [18.40158, 60.25913], [18.36918, 60.27939], [18.31518, 60.3216], [18.32958, 60.28614], [18.36918, 60.25913], [18.41598, 60.23549], [18.44838, 60.21185], [18.43038, 60.21016], [18.41598, 60.21522], [18.39438, 60.23211], [18.39798, 60.20847], [18.41958, 60.19327], [18.46998, 60.17639], [18.49158, 60.16119], [18.50599, 60.15612], [18.52399, 60.15612], [18.53479, 60.1595], [18.54559, 60.16457], [18.54919, 60.17301], [18.54919, 60.1443], [18.54919, 60.12911], [18.55279, 60.12066], [18.57439, 60.08858], [18.57799, 60.07338], [18.58519, 60.07338], [18.58879, 60.08858], [18.59239, 60.10884], [18.58879, 60.12742], [18.57799, 60.14261], [18.59959, 60.14768], [18.62479, 60.15106], [18.64999, 60.14768], [18.68599, 60.13079], [18.72199, 60.12573], [18.73639, 60.1156], [18.73999, 60.09871], [18.73999, 60.06494], [18.74359, 60.04974], [18.79039, 60.01766], [18.79759, 60.00415], [18.78319, 60.03117], [18.76159, 60.0565], [18.75439, 60.08182], [18.76519, 60.11053], [18.80479, 60.12235], [18.81559, 60.11729], [18.81919, 60.11391], [18.81919, 60.09702], [18.81919, 60.08182], [18.82279, 60.06832], [18.86959, 59.99402], [18.90199, 59.94674], [18.92359, 59.93492], [18.96679, 59.92648], [18.98839, 59.91972], [19.00639, 59.91128], [19.00999, 59.90959], [19.00999, 59.90621], [19.00999, 59.89946], [19.00999, 59.89608], [19.02439, 59.88426], [19.03159, 59.88088], [19.04239, 59.88257], [19.04239, 59.88764], [19.03879, 59.89777], [19.03519, 59.90284], [19.05319, 59.90115], [19.07119, 59.89608], [19.06759, 59.88257], [19.06759, 59.84205], [19.06759, 59.8336], [19.03519, 59.83529], [19.02079, 59.84036], [18.94879, 59.89946], [18.91639, 59.92141], [18.88759, 59.92985], [18.89479, 59.91634], [18.93079, 59.88595], [18.93439, 59.86906], [18.92359, 59.85218], [18.86239, 59.80321], [18.84439, 59.79477], [18.81919, 59.79308], [18.77599, 59.79308], [18.75439, 59.79139], [18.73999, 59.78295], [18.73279, 59.76944], [18.75079, 59.76944], [18.79039, 59.77957], [19.04239, 59.78464], [19.08559, 59.77282], [19.07479, 59.74918], [19.05679, 59.73567], [19.03519, 59.72891], [18.97399, 59.71878], [18.95599, 59.71878], [18.94159, 59.72385], [18.93079, 59.7306], [18.91999, 59.7458], [18.91279, 59.75255], [18.90199, 59.73398], [18.88039, 59.72216], [18.85519, 59.71372], [18.77959, 59.7019], [18.75799, 59.69176], [18.75439, 59.67657], [18.71839, 59.67657], [18.71479, 59.67319], [18.71119, 59.66475], [18.70759, 59.65799], [18.70039, 59.65293], [18.69319, 59.64955], [18.74359, 59.64955], [18.73639, 59.64111], [18.72559, 59.63266], [18.71119, 59.62422], [18.70039, 59.62084], [18.68959, 59.62422], [18.68239, 59.62929], [18.67159, 59.63604], [18.66079, 59.63604], [18.67879, 59.61747], [18.68599, 59.60565], [18.67879, 59.60058], [18.66439, 59.5972], [18.63919, 59.58369], [18.59599, 59.57356], [18.54199, 59.54655], [18.48438, 59.53473], [18.45918, 59.52122], [18.41238, 59.49082], [18.37998, 59.47563], [18.34398, 59.47225], [18.26838, 59.47731], [18.26838, 59.47056], [18.30438, 59.45705], [18.28998, 59.4503], [18.26118, 59.45199], [18.24678, 59.4503], [18.26838, 59.44523], [18.28278, 59.43679], [18.27558, 59.42328], [18.29358, 59.41484], [18.31878, 59.40977], [18.33678, 59.40808], [18.30798, 59.39626], [18.24678, 59.39795], [18.18918, 59.40808], [18.16038, 59.42159], [18.17118, 59.42666], [18.18198, 59.42835], [18.19638, 59.42666], [18.20718, 59.42159], [18.20358, 59.43003], [18.19998, 59.4503], [18.19278, 59.45705], [18.18198, 59.45874], [18.16038, 59.44692], [18.14598, 59.44354], [18.13878, 59.44523], [18.12798, 59.45536], [18.11718, 59.45705], [18.11358, 59.45536], [18.10278, 59.44523], [18.09558, 59.44354], [18.08478, 59.43848], [18.08478, 59.42835], [18.09198, 59.41653], [18.09918, 59.40808], [18.06678, 59.39795], [18.05238, 59.39626], [18.04158, 59.39795], [18.01998, 59.40639], [18.00918, 59.40808], [18.14598, 59.34054], [18.10998, 59.33547], [18.09558, 59.33885], [18.09558, 59.32703], [18.17118, 59.32703], [18.19638, 59.33379], [18.20718, 59.3321], [18.21438, 59.32028], [18.22158, 59.32028], [18.25398, 59.36249], [18.31878, 59.376], [18.39078, 59.36925], [18.44838, 59.35405], [18.44118, 59.35067], [18.43038, 59.34392], [18.42678, 59.34054], [18.45558, 59.33547], [18.46998, 59.33716], [18.48078, 59.34729], [18.45558, 59.38107], [18.44838, 59.39626], [18.49518, 59.39626], [18.45558, 59.40977], [18.43758, 59.4199], [18.42678, 59.43679], [18.48438, 59.43341], [18.50959, 59.42835], [18.53839, 59.41653], [18.53839, 59.41315], [18.54199, 59.39964], [18.54559, 59.39626], [18.61399, 59.37431], [18.59959, 59.36249], [18.58519, 59.36249], [18.56359, 59.36756], [18.54559, 59.36756], [18.56719, 59.3608], [18.59959, 59.35574], [18.63199, 59.34729], [18.64639, 59.33041], [18.63919, 59.31521], [18.62119, 59.30846], [18.56719, 59.30677], [18.55279, 59.30508], [18.53479, 59.30001], [18.52039, 59.29833], [18.50239, 59.30339], [18.49158, 59.30846], [18.46278, 59.31183], [18.44838, 59.31352], [18.36558, 59.30677], [18.33678, 59.31352], [18.34038, 59.3169], [18.34398, 59.32872], [18.34398, 59.33379], [18.32598, 59.33379], [18.30798, 59.33041], [18.28998, 59.32197], [18.27558, 59.31352], [18.28998, 59.30846], [18.30078, 59.3017], [18.30798, 59.29326], [18.31518, 59.28482], [18.31518, 59.27806], [18.28278, 59.27975], [18.27198, 59.27468], [18.27918, 59.26118], [18.33678, 59.24429], [18.36198, 59.24091], [18.38718, 59.23078], [18.41238, 59.21558], [18.42678, 59.19701], [18.33678, 59.23585], [18.31518, 59.23416], [18.31518, 59.22234], [18.32958, 59.2139], [18.35118, 59.21052], [18.36558, 59.21052], [18.37278, 59.20376], [18.37638, 59.19194], [18.38718, 59.1835], [18.40518, 59.18857], [18.40158, 59.18519], [18.40158, 59.18181], [18.39798, 59.17844], [18.39438, 59.17506], [18.39438, 59.1683], [18.41958, 59.17506], [18.43038, 59.17506], [18.43398, 59.16493], [18.43038, 59.15311], [18.42318, 59.14466], [18.41598, 59.1396], [18.40158, 59.14466], [18.37998, 59.14804], [18.34398, 59.14129], [18.30798, 59.13116], [18.28998, 59.12102], [18.30078, 59.12271], [18.31158, 59.12102], [18.31878, 59.11596], [18.32598, 59.10752], [18.22878, 59.08388], [18.19998, 59.0805], [18.21438, 59.08725], [18.24318, 59.0957], [18.25398, 59.10076], [18.24318, 59.10752], [18.24678, 59.11089], [18.25398, 59.11427], [18.25398, 59.12102], [18.23958, 59.12102], [18.22518, 59.11934], [18.21078, 59.11427], [18.19638, 59.10414], [18.18558, 59.09907], [18.15318, 59.09738], [18.13878, 59.09401], [18.13158, 59.08725], [18.10998, 59.06361], [18.09558, 59.05855], [18.04158, 59.06024], [18.04518, 59.05517], [18.04878, 59.04335], [18.04878, 59.03828], [18.02718, 59.04504], [18.01278, 59.04504], [18.00198, 59.03828], [18.01998, 59.02309], [18.00198, 59.0062], [17.97678, 58.98594], [17.96238, 58.96399], [17.96238, 58.95217], [17.96958, 58.94372], [17.96958, 58.93528], [17.96238, 58.92177], [17.94798, 58.91502], [17.92998, 58.90995], [17.91198, 58.90995], [17.90118, 58.91502], [17.89398, 58.9032], [17.89398, 58.88969], [17.89398, 58.86098], [17.87958, 58.86774], [17.86878, 58.87618], [17.86518, 58.888], [17.87238, 58.90151], [17.86518, 58.91502], [17.86158, 58.9184], [17.85078, 58.92515], [17.84358, 58.92515], [17.83638, 58.92177], [17.82918, 58.92177], [17.81478, 58.92853], [17.80398, 58.93359], [17.78598, 58.95386], [17.77518, 58.96061], [17.77518, 58.9471], [17.78598, 58.92515], [17.80398, 58.90826], [17.79318, 58.89138], [17.78598, 58.88462], [17.77878, 58.88125], [17.77518, 58.88631], [17.77518, 58.89644], [17.77878, 58.90826], [17.78238, 58.91502], [17.74998, 58.92346], [17.74638, 58.94204], [17.75358, 58.96568], [17.74278, 58.98425], [17.74278, 58.991], [17.75718, 59.0062], [17.76078, 59.0366], [17.76078, 59.06699], [17.75718, 59.0805], [17.75718, 59.08556], [17.76798, 59.1092], [17.76798, 59.12102], [17.75718, 59.12609], [17.74638, 59.12271], [17.73198, 59.11427], [17.72838, 59.10414], [17.72478, 59.07374], [17.72118, 59.05855], [17.71038, 59.05348], [17.69958, 59.05686], [17.66718, 59.0805], [17.66718, 59.0957], [17.68878, 59.11765], [17.69238, 59.13116], [17.68878, 59.14298], [17.68158, 59.15311], [17.67078, 59.16155], [17.65998, 59.1683], [17.67438, 59.13453], [17.65998, 59.11934], [17.64918, 59.10752], [17.63118, 59.09907], [17.60958, 59.09401], [17.62038, 59.07206], [17.61678, 59.05179], [17.61318, 59.03153], [17.63118, 59.01802], [17.62038, 59.00282], [17.61318, 58.98087], [17.60598, 58.96568], [17.59878, 58.97074], [17.58798, 58.96568], [17.58078, 58.96061], [17.57718, 58.95723], [17.58438, 58.95048], [17.59158, 58.9471], [17.60238, 58.94372], [17.60958, 58.94372], [17.60958, 58.93697], [17.60238, 58.92853], [17.61318, 58.92346], [17.62758, 58.9184], [17.61678, 58.90151], [17.59878, 58.89476], [17.57718, 58.89476], [17.55558, 58.89982], [17.53758, 58.90151], [17.54478, 58.88969], [17.55918, 58.87956], [17.59158, 58.86774], [17.59158, 58.86098], [17.56998, 58.86098], [17.57718, 58.85592], [17.58438, 58.85423], [17.55558, 58.85423], [17.47997, 58.88631], [17.44757, 58.89476], [17.44757, 58.888], [17.46557, 58.88125], [17.46917, 58.87111], [17.46197, 58.84072], [17.45117, 58.82383], [17.45117, 58.81539], [17.45837, 58.81201], [17.46557, 58.81033], [17.48717, 58.80019], [17.45837, 58.79175], [17.33597, 58.80695], [17.37197, 58.77824], [17.37557, 58.76473], [17.35757, 58.75123], [17.30357, 58.75291], [17.27477, 58.74954], [17.27477, 58.73096], [17.16317, 58.73265], [17.13077, 58.73772], [17.11997, 58.74447], [17.10197, 58.76136], [17.08757, 58.76473], [17.07677, 58.76305], [17.04437, 58.75291], [17.02637, 58.75123], [17.04077, 58.74785], [17.07317, 58.74447], [17.08397, 58.73772], [17.08397, 58.72927], [17.07677, 58.72083], [17.06957, 58.71408], [17.06237, 58.7107], [17.08397, 58.70226], [17.12357, 58.70563], [17.14517, 58.70226], [17.14517, 58.69719], [17.12357, 58.68368], [17.10917, 58.67017], [17.09477, 58.66004], [17.06957, 58.66173], [17.01197, 58.68199], [16.97597, 58.68537], [16.95437, 58.66849], [17.00117, 58.66849], [17.01917, 58.66004], [17.03717, 58.64147], [17.01197, 58.64147], [16.92557, 58.62627], [16.57997, 58.64653], [16.23436, 58.66849], [16.23436, 58.66173], [16.24516, 58.65835], [16.25596, 58.6516], [16.26316, 58.64316], [16.25596, 58.63471], [16.24156, 58.63303], [16.19836, 58.63809], [16.18036, 58.63471], [16.18036, 58.62796], [16.19116, 58.63134], [16.20556, 58.63471], [16.21276, 58.63134], [16.21996, 58.62121], [16.24156, 58.62796], [16.28476, 58.61614], [16.30636, 58.62458], [16.32076, 58.6364], [16.33516, 58.63978], [16.34596, 58.6364], [16.36756, 58.62121], [16.37116, 58.62121], [16.37116, 58.61783], [16.37116, 58.60432], [16.37476, 58.59588], [16.38916, 58.59081], [16.39996, 58.5925], [16.41076, 58.59588], [16.41436, 58.60939], [16.42156, 58.62458], [16.42876, 58.63978], [16.43956, 58.64822], [16.45396, 58.64653], [16.50437, 58.63134], [16.51877, 58.62458], [16.63757, 58.62627], [16.65917, 58.62289], [16.67717, 58.61107], [16.68797, 58.60601], [16.73117, 58.60263], [16.74917, 58.5925], [16.74557, 58.59757], [16.74197, 58.60939], [16.74197, 58.61445], [16.77797, 58.6077], [16.78877, 58.6077], [16.77797, 58.58912], [16.78517, 58.57224], [16.80317, 58.56211], [16.83197, 58.55873], [16.82117, 58.55366], [16.81757, 58.55197], [16.81757, 58.54691], [16.84277, 58.54691], [16.84277, 58.53847], [16.83557, 58.53002], [16.84637, 58.52496], [16.88597, 58.5182], [16.93997, 58.49119], [16.91477, 58.48274], [16.86437, 58.48274], [16.84277, 58.47768], [16.85357, 58.46248], [16.83197, 58.45235], [16.79597, 58.44559], [16.77077, 58.44222], [16.76717, 58.44053], [16.75277, 58.43208], [16.74917, 58.42871], [16.74197, 58.4304], [16.72757, 58.43546], [16.72037, 58.43715], [16.59797, 58.44897], [16.54037, 58.46755], [16.44316, 58.48612], [16.41436, 58.47768], [16.44676, 58.4743], [16.65917, 58.4152], [16.69157, 58.41351], [16.70597, 58.40844], [16.71317, 58.39494], [16.71677, 58.38649], [16.71317, 58.37805], [16.70957, 58.36961], [16.71317, 58.35948], [16.72397, 58.36116], [16.73837, 58.36454], [16.75277, 58.36961], [16.75637, 58.37298], [16.76717, 58.36792], [16.77077, 58.36285], [16.77437, 58.33921], [16.63037, 58.35441], [16.64837, 58.34259], [16.68437, 58.32739], [16.69877, 58.31895], [16.69517, 58.30882], [16.69877, 58.30206], [16.70957, 58.29869], [16.72037, 58.30038], [16.72757, 58.30375], [16.72757, 58.31051], [16.72037, 58.31895], [16.77797, 58.3257], [16.79957, 58.32402], [16.78877, 58.30544], [16.78517, 58.30375], [16.76717, 58.30544], [16.75997, 58.30544], [16.75997, 58.30206], [16.75997, 58.297], [16.75997, 58.29024], [16.75637, 58.28518], [16.74197, 58.2818], [16.70597, 58.27842], [16.70597, 58.27167], [16.73117, 58.26829], [16.80317, 58.24465], [16.79237, 58.23959], [16.78877, 58.2379], [16.80317, 58.23114], [16.81397, 58.22101], [16.82117, 58.2075], [16.82477, 58.19231], [16.82117, 58.1788], [16.81757, 58.17711], [16.80677, 58.18049], [16.79597, 58.18218], [16.78877, 58.1788], [16.79237, 58.17373], [16.79957, 58.16529], [16.81037, 58.16191], [16.77797, 58.12983], [16.72037, 58.15009], [16.66277, 58.18555], [16.61597, 58.20244], [16.63037, 58.18555], [16.67357, 58.16529], [16.68797, 58.1484], [16.68077, 58.1484], [16.66637, 58.14672], [16.65917, 58.1484], [16.68077, 58.12814], [16.71677, 58.1045], [16.73477, 58.08424], [16.71317, 58.07917], [16.71677, 58.06735], [16.71317, 58.05891], [16.70237, 58.05722], [16.68797, 58.05891], [16.70597, 58.05047], [16.72397, 58.0454], [16.74197, 58.04033], [16.75637, 58.02514], [16.74557, 58.01669], [16.73837, 58.01501], [16.72757, 58.01669], [16.72037, 58.02514], [16.69157, 58.01501], [16.68797, 58.00825], [16.69877, 57.99812], [16.68077, 58.00487], [16.65917, 58.03527], [16.64477, 58.03865], [16.63037, 58.02851], [16.63757, 58.01501], [16.65917, 57.98968], [16.66997, 57.99137], [16.68797, 57.98968], [16.69877, 57.9711], [16.70597, 57.96266], [16.71677, 57.96604], [16.72757, 57.97448], [16.73477, 57.9711], [16.73837, 57.96266], [16.74197, 57.94577], [16.74557, 57.94071], [16.77437, 57.92382], [16.78157, 57.91538], [16.76717, 57.91538], [16.72757, 57.92889], [16.73477, 57.91369], [16.76717, 57.89849], [16.76717, 57.88836], [16.75637, 57.87654], [16.74197, 57.87654], [16.72397, 57.8833], [16.70957, 57.89174], [16.69157, 57.91538], [16.68437, 57.91876], [16.68077, 57.89849], [16.66997, 57.89174], [16.65197, 57.89005], [16.61237, 57.89512], [16.61237, 57.90356], [16.61237, 57.912], [16.60877, 57.92045], [16.60517, 57.92889], [16.61597, 57.92889], [16.62677, 57.92889], [16.63397, 57.92551], [16.64477, 57.92213], [16.51517, 57.99812], [16.50437, 57.99812], [16.49716, 57.99305], [16.49356, 57.98461], [16.49716, 57.97786], [16.50437, 57.96941], [16.53317, 57.95084], [16.59077, 57.93564], [16.58357, 57.93227], [16.57637, 57.92382], [16.56917, 57.92213], [16.57637, 57.912], [16.57637, 57.90187], [16.57277, 57.89343], [16.56197, 57.88836], [16.54397, 57.89849], [16.52597, 57.90694], [16.47916, 57.91538], [16.49356, 57.90187], [16.48636, 57.89512], [16.47916, 57.89849], [16.46116, 57.90187], [16.46116, 57.89512], [16.67717, 57.7651], [16.70597, 57.7499], [16.69877, 57.74315], [16.68437, 57.74652], [16.63397, 57.7651], [16.61957, 57.77354], [16.54037, 57.83939], [16.41796, 57.89512], [16.42876, 57.87654], [16.43956, 57.86472], [16.47196, 57.84615], [16.52957, 57.82589], [16.57277, 57.79549], [16.57997, 57.78705], [16.58717, 57.77861], [16.59437, 57.77354], [16.60877, 57.77016], [16.61957, 57.76679], [16.65197, 57.74652], [16.66637, 57.73639], [16.65197, 57.72964], [16.67357, 57.72964], [16.69157, 57.72626], [16.70597, 57.71613], [16.71317, 57.70262], [16.69157, 57.70262], [16.69157, 57.69587], [16.70597, 57.69587], [16.70597, 57.68911], [16.63757, 57.69249], [16.60877, 57.69924], [16.57637, 57.70937], [16.58357, 57.70093], [16.60157, 57.68911], [16.61237, 57.68236], [16.61957, 57.66716], [16.61597, 57.65872], [16.60517, 57.65703], [16.58357, 57.66209], [16.59077, 57.65196], [16.60157, 57.64859], [16.61597, 57.64859], [16.62317, 57.64183], [16.63037, 57.62832], [16.62677, 57.62494], [16.61597, 57.62157], [16.60877, 57.6165], [16.59797, 57.60975], [16.56917, 57.59624], [16.56197, 57.59286], [16.55837, 57.59624], [16.55477, 57.60637], [16.55477, 57.61819], [16.55477, 57.62663], [16.54757, 57.62157], [16.54037, 57.61988], [16.52957, 57.62157], [16.51877, 57.62663], [16.52957, 57.61481], [16.53677, 57.61144], [16.54397, 57.60806], [16.52597, 57.59624], [16.51877, 57.59286], [16.51877, 57.58611], [16.54397, 57.57935], [16.54397, 57.5726], [16.51517, 57.5726], [16.51517, 57.56584], [16.59077, 57.56416], [16.63037, 57.5574], [16.65917, 57.51519], [16.68077, 57.48986], [16.68797, 57.47128], [16.65917, 57.47635], [16.67357, 57.45946], [16.66637, 57.45609], [16.65197, 57.4544], [16.63757, 57.44933], [16.63397, 57.43751], [16.63757, 57.42738], [16.65197, 57.41894], [16.67357, 57.41556], [16.65557, 57.40881], [16.63757, 57.40543], [16.62677, 57.39868], [16.63037, 57.3801], [16.57277, 57.38686], [16.54757, 57.38179], [16.53317, 57.35984], [16.56917, 57.34633], [16.56197, 57.33789], [16.55117, 57.33282], [16.54757, 57.32944], [16.56197, 57.31931], [16.48636, 57.29398], [16.46836, 57.27541], [16.49356, 57.24333], [16.46476, 57.22813], [16.45756, 57.20449], [16.46476, 57.17747], [16.47916, 57.15552], [16.50797, 57.12681], [16.51877, 57.12006], [16.52957, 57.11668], [16.53677, 57.11837], [16.54397, 57.11837], [16.55117, 57.10993], [16.56917, 57.08629], [16.55477, 57.08122], [16.56197, 57.0694], [16.57277, 57.05589], [16.58357, 57.04407], [16.56917, 57.04407], [16.53317, 57.05252], [16.53317, 57.05421], [16.53677, 57.05927], [16.53317, 57.06265], [16.52597, 57.06603], [16.52237, 57.06434], [16.51877, 57.06265], [16.51517, 57.05927], [16.51157, 57.05589], [16.50797, 57.05083], [16.50797, 57.04576], [16.50437, 57.0407], [16.50077, 57.03901], [16.49716, 57.0407], [16.49356, 57.04407], [16.47556, 57.04576], [16.45396, 57.05083], [16.43956, 57.05252], [16.44676, 57.04407], [16.45396, 57.03901], [16.46476, 57.03394], [16.47196, 57.03057], [16.47196, 57.02381], [16.45396, 57.02381], [16.43956, 57.01368], [16.43596, 56.99848], [16.43956, 56.97653], [16.45036, 56.96471], [16.46116, 56.95627], [16.46836, 56.94951], [16.46476, 56.93769], [16.43596, 56.91068], [16.43596, 56.90561], [16.43956, 56.87859], [16.43956, 56.86677], [16.43596, 56.85664], [16.40716, 56.80767], [16.40716, 56.79923], [16.41436, 56.78741], [16.42876, 56.78234], [16.43956, 56.78741], [16.45396, 56.79416], [16.46476, 56.79754], [16.47196, 56.79416], [16.47556, 56.78572], [16.47196, 56.77728], [16.46476, 56.77052], [16.45396, 56.76884], [16.42876, 56.77559], [16.41436, 56.77728], [16.39636, 56.77559], [16.37476, 56.76546], [16.36036, 56.76377], [16.35676, 56.7587], [16.36396, 56.74688], [16.37836, 56.72662], [16.38196, 56.69454], [16.37836, 56.67596], [16.37116, 56.66077], [16.36036, 56.65401], [16.34236, 56.65064], [16.32436, 56.65232], [16.30276, 56.66246], [16.28836, 56.66077], [16.27396, 56.65739], [16.26316, 56.65401], [16.25596, 56.65064], [16.24516, 56.64219], [16.22356, 56.61349], [16.21996, 56.60842], [16.21996, 56.60336], [16.21996, 56.59322], [16.21636, 56.57127], [16.21276, 56.54763], [16.20556, 56.53919], [16.18036, 56.5375], [16.17316, 56.52737], [16.16596, 56.5088], [16.11916, 56.45476], [16.09396, 56.4193], [16.06516, 56.33656], [16.03996, 56.25551], [16.03276, 56.25044], [16.02196, 56.24707], [16.01476, 56.23862], [16.01116, 56.22849], [16.00396, 56.22005], [15.98956, 56.20823], [15.94996, 56.18797], [15.93196, 56.17446], [15.87436, 56.10354], [15.85276, 56.08665], [15.83476, 56.08834], [15.81676, 56.09847], [15.78796, 56.10691], [15.82036, 56.14069], [15.82756, 56.15926], [15.80596, 56.1677], [15.75556, 56.15588], [15.73036, 56.15757], [15.71236, 56.17446], [15.70156, 56.16939], [15.69796, 56.17277], [15.69076, 56.17783], [15.68356, 56.18121], [15.66916, 56.1829], [15.65476, 56.19303], [15.64756, 56.19472], [15.63316, 56.18628], [15.61156, 56.16939], [15.59356, 56.16095], [15.57556, 56.17446], [15.58276, 56.18121], [15.59356, 56.19303], [15.59716, 56.20316], [15.58636, 56.20823], [15.57196, 56.20654], [15.53596, 56.18797], [15.49275, 56.17615], [15.48555, 56.17108], [15.48555, 56.15588], [15.47835, 56.15251], [15.46035, 56.16095], [15.45315, 56.16601], [15.44235, 56.17277], [15.43155, 56.17952], [15.41715, 56.18121], [15.40275, 56.17952], [15.39195, 56.17446], [15.37755, 56.16095], [15.37035, 56.15082], [15.37035, 56.14575], [15.36675, 56.14069], [15.31995, 56.139], [15.30555, 56.14237], [15.29475, 56.14744], [15.31635, 56.15419], [15.32355, 56.15419], [15.31635, 56.16264], [15.29475, 56.18797], [15.27315, 56.17108], [15.23355, 56.15757], [15.19395, 56.15251], [15.16155, 56.16433], [15.15435, 56.16939], [15.14715, 56.1677], [15.13995, 56.16264], [15.12915, 56.16095], [15.09315, 56.16095], [15.08595, 56.16433], [15.08235, 56.1829], [15.07515, 56.18797], [15.06795, 56.18797], [15.04275, 56.1829], [15.03555, 56.18121], [15.03915, 56.17615], [15.04635, 56.15926], [15.04995, 56.15419], [14.98875, 56.16939], [14.95275, 56.17277], [14.92755, 56.16433], [14.90595, 56.16095], [14.87355, 56.16433], [14.84835, 56.16433], [14.84835, 56.14744], [14.83035, 56.14237], [14.81235, 56.15082], [14.79435, 56.16095], [14.77635, 56.1677], [14.72595, 56.1677], [14.70075, 56.16095], [14.68635, 56.14744], [14.68275, 56.139], [14.68275, 56.12718], [14.68275, 56.11705], [14.68995, 56.11198], [14.70435, 56.1086], [14.71155, 56.10185], [14.71515, 56.09341], [14.71875, 56.08496], [14.74755, 56.06132], [14.75835, 56.04781], [14.76915, 56.03093], [14.75475, 56.02755], [14.74395, 56.0208], [14.73315, 56.01404], [14.72235, 56.00729], [14.71515, 56.00222], [14.71155, 56.00729], [14.70435, 56.01742], [14.68635, 56.01742], [14.67915, 56.00898], [14.67195, 56.0056], [14.66475, 56.00729], [14.65755, 56.00898], [14.65035, 56.01067], [14.62155, 56.01067], [14.61075, 56.01067], [14.61075, 56.01573], [14.62515, 56.02417], [14.61435, 56.03093], [14.60715, 56.03768], [14.60355, 56.04613], [14.60355, 56.05795], [14.58195, 56.04444], [14.57115, 56.05119], [14.56755, 56.05626], [14.56755, 56.05795], [14.55675, 56.05457], [14.53515, 56.04613], [14.52435, 56.04444], [14.49914, 56.04106], [14.47754, 56.03093], [14.44514, 56.00222], [14.40914, 55.97689], [14.38394, 55.96676], [14.36594, 55.9617], [14.34794, 55.95325], [14.33354, 55.93468], [14.32274, 55.9161], [14.31194, 55.90766], [14.27234, 55.89415], [14.23634, 55.86207], [14.20754, 55.82154], [14.19674, 55.77933], [14.19314, 55.74218], [14.19674, 55.7253], [14.20754, 55.70841], [14.22194, 55.69659], [14.26154, 55.6797], [14.27234, 55.66788], [14.27594, 55.65606], [14.27594, 55.64593], [14.27594, 55.6358], [14.28314, 55.62229], [14.29394, 55.61554], [14.31554, 55.60203], [14.35874, 55.56319], [14.36594, 55.54462], [14.36234, 55.52435], [14.34794, 55.51085], [14.29394, 55.47539], [14.27594, 55.46863], [14.26514, 55.46188], [14.21834, 55.4146], [14.20034, 55.3994], [14.18234, 55.39096], [14.15714, 55.38758], [14.09234, 55.38758], [14.06354, 55.39096], [14.03474, 55.39771], [13.95554, 55.42642], [13.93034, 55.43317], [13.89794, 55.43486], [13.88354, 55.43317], [13.85834, 55.42473], [13.84394, 55.42135], [13.82954, 55.42135], [13.77914, 55.42811], [13.64594, 55.42135], [13.62794, 55.41797], [13.61714, 55.41122], [13.60994, 55.40109], [13.59554, 55.39265], [13.58114, 55.38927], [13.53794, 55.39265], [13.50194, 55.38758], [13.41193, 55.35212], [13.38313, 55.34537], [13.31113, 55.34199], [13.27873, 55.34537], [13.11673, 55.38083], [13.06273, 55.38083], [13.04113, 55.38589], [13.03033, 55.38589], [13.02313, 55.38758], [13.00873, 55.39771], [13.00153, 55.3994], [12.97993, 55.40278], [12.95833, 55.3994], [12.94753, 55.39602], [12.93313, 55.38758], [12.92233, 55.38589], [12.91153, 55.38758], [12.89713, 55.39265], [12.88633, 55.39265], [12.86833, 55.38927], [12.84673, 55.38251], [12.83233, 55.38251], [12.82873, 55.3994], [12.86113, 55.43486], [12.86473, 55.43486], [12.87193, 55.43486], [12.87913, 55.43148], [12.88633, 55.42473], [12.90433, 55.41797], [12.92953, 55.41797], [12.95113, 55.42473], [12.96553, 55.43486], [12.95833, 55.44837], [12.96193, 55.45343], [12.97273, 55.45343], [12.98713, 55.44837], [12.97633, 55.47539], [12.92953, 55.51929], [12.91873, 55.54799], [12.92953, 55.57839], [12.95833, 55.59865], [13.02673, 55.62736], [13.03753, 55.6358], [13.04833, 55.64762], [13.05913, 55.66113], [13.06273, 55.67464], [13.05553, 55.69321], [13.04113, 55.70503], [13.02673, 55.71179], [13.01233, 55.72867], [12.99433, 55.7253], [12.97273, 55.72698], [12.96553, 55.74556], [12.94033, 55.74556], [12.92233, 55.74894], [12.91153, 55.76413], [12.92233, 55.76582], [12.93313, 55.7692], [12.93673, 55.77764], [12.94033, 55.79115], [12.92593, 55.83336], [12.88993, 55.85363], [12.85033, 55.86545], [12.82153, 55.8874], [12.81073, 55.9026], [12.80713, 55.90935], [12.80713, 55.92455], [12.80353, 55.92961], [12.79993, 55.93468], [12.78913, 55.93974], [12.78193, 55.94143], [12.77113, 55.94819], [12.76393, 55.96507], [12.76033, 55.98365], [12.75313, 55.99716], [12.73513, 56.0056], [12.72073, 56.01235], [12.70993, 56.0208], [12.70633, 56.04106], [12.69913, 56.05119], [12.60913, 56.11705], [12.60193, 56.1238], [12.56593, 56.17108], [12.55513, 56.18121], [12.54433, 56.21329], [12.54073, 56.22174], [12.51553, 56.25213], [12.50473, 56.27577], [12.46512, 56.29097], [12.45072, 56.30448], [12.64513, 56.2572], [12.65233, 56.25382], [12.66673, 56.23862], [12.67393, 56.23693], [12.68113, 56.23356], [12.69553, 56.22511], [12.70633, 56.22174], [12.71353, 56.22343], [12.72793, 56.22849], [12.73513, 56.22849], [12.77833, 56.2268], [12.79633, 56.22849], [12.81433, 56.23693], [12.82873, 56.25044], [12.83233, 56.26564], [12.82873, 56.27915], [12.78193, 56.29266], [12.76393, 56.31461], [12.73153, 56.3602], [12.64513, 56.39566], [12.61993, 56.4193], [12.65593, 56.45476], [12.71353, 56.46658], [12.83233, 56.44294], [12.88993, 56.45476], [12.90433, 56.46658], [12.91873, 56.48516], [12.93313, 56.50711], [12.94033, 56.52737], [12.93313, 56.54763], [12.90433, 56.59322], [12.88633, 56.63713], [12.87193, 56.64895], [12.84313, 56.65401], [12.81793, 56.65232], [12.77833, 56.64388], [12.76393, 56.64388], [12.74593, 56.64388], [12.73153, 56.64726], [12.68113, 56.67934], [12.67033, 56.69285], [12.66313, 56.7148], [12.64873, 56.72493], [12.63073, 56.73338], [12.61633, 56.75026], [12.59473, 56.78741], [12.60193, 56.80936], [12.59833, 56.82118], [12.53353, 56.84651], [12.52993, 56.84989], [12.52993, 56.85327], [12.52993, 56.85664], [12.52633, 56.86002], [12.51913, 56.86171], [12.50473, 56.86509], [12.49752, 56.86677], [12.47952, 56.88704], [12.46872, 56.8921], [12.43632, 56.89548], [12.41112, 56.90561], [12.37512, 56.91237], [12.35712, 56.92419], [12.34632, 56.94107], [12.34272, 56.96302], [12.34272, 56.96809], [12.35352, 56.97653], [12.35352, 56.97991], [12.35352, 56.98497], [12.34992, 56.99511], [12.34992, 57.00017], [12.34632, 57.00693], [12.34272, 57.01368], [12.33192, 57.02043], [12.30312, 57.02888], [12.27072, 57.04239], [12.24912, 57.06096], [12.24552, 57.07953], [12.23832, 57.08122], [12.22032, 57.09304], [12.23832, 57.10824], [12.23472, 57.12175], [12.20592, 57.14877], [12.20232, 57.15552], [12.19872, 57.17578], [12.19872, 57.18423], [12.19152, 57.18591], [12.16272, 57.18423], [12.14832, 57.1876], [12.18072, 57.20449], [12.19152, 57.21293], [12.18072, 57.21631], [12.15912, 57.21631], [12.13752, 57.21969], [12.11952, 57.22644], [12.10152, 57.23657], [12.13032, 57.23657], [12.14112, 57.23826], [12.15552, 57.24333], [12.14112, 57.24839], [12.12672, 57.25008], [12.09432, 57.25008], [12.09432, 57.25684], [12.10512, 57.26359], [12.11232, 57.27034], [12.11952, 57.27541], [12.14112, 57.28048], [12.14832, 57.28554], [12.14832, 57.2923], [12.14112, 57.29736], [12.14472, 57.31087], [12.13752, 57.31931], [12.12672, 57.32607], [12.11592, 57.33282], [12.11232, 57.33451], [12.10872, 57.33958], [12.10512, 57.34464], [12.09792, 57.34633], [12.09072, 57.34464], [12.07272, 57.33958], [12.06552, 57.33958], [12.05112, 57.3514], [12.06552, 57.36322], [12.09072, 57.37841], [12.10872, 57.39361], [12.06192, 57.39361], [12.08352, 57.40205], [12.09072, 57.41218], [12.09072, 57.42232], [12.05832, 57.45946], [12.05472, 57.46284], [12.04392, 57.46115], [12.03672, 57.45778], [12.02952, 57.45102], [12.02232, 57.44933], [12.00792, 57.43414], [11.99352, 57.36659], [11.97912, 57.34633], [11.97192, 57.3649], [11.95032, 57.36153], [11.93232, 57.36153], [11.94312, 57.38686], [11.93232, 57.38686], [11.92152, 57.38686], [11.91432, 57.39023], [11.90352, 57.39361], [11.91432, 57.40374], [11.91432, 57.41725], [11.90712, 57.43245], [11.90352, 57.44933], [11.90712, 57.46453], [11.91792, 57.47635], [11.92872, 57.4831], [11.94312, 57.48986], [11.92872, 57.4983], [11.91072, 57.50337], [11.91792, 57.50506], [11.93232, 57.51181], [11.91072, 57.52194], [11.90352, 57.52363], [11.91792, 57.53883], [11.91072, 57.59455], [11.91792, 57.62157], [11.91432, 57.62326], [11.90352, 57.62663], [11.89632, 57.62663], [11.89272, 57.61312], [11.87832, 57.60637], [11.86752, 57.60806], [11.86032, 57.6165], [11.85672, 57.63339], [11.84952, 57.64352], [11.84232, 57.65196], [11.83512, 57.66209], [11.84592, 57.68236], [11.91072, 57.68742], [11.92512, 57.70262], [11.90352, 57.69587], [11.87472, 57.69249], [11.84592, 57.69249], [11.82072, 57.69587], [11.77032, 57.71275], [11.74872, 57.71444], [11.75232, 57.69587], [11.73792, 57.69249], [11.71992, 57.69418], [11.70552, 57.69924], [11.70552, 57.70937], [11.70552, 57.72119], [11.80272, 57.77354], [11.80992, 57.78198], [11.80632, 57.78874], [11.78832, 57.79043], [11.76672, 57.78874], [11.75232, 57.78536], [11.72712, 57.80225], [11.70912, 57.82251], [11.68752, 57.83771], [11.65512, 57.83939], [11.67672, 57.8529], [11.69112, 57.85797], [11.70552, 57.85966], [11.69472, 57.88161], [11.70552, 57.89174], [11.75952, 57.90187], [11.75952, 57.90863], [11.74512, 57.90863], [11.74512, 57.91538], [11.75592, 57.91707], [11.75952, 57.91876], [11.76672, 57.92889], [11.73792, 57.93902], [11.74512, 57.95591], [11.78832, 57.99812], [11.79912, 58.02176], [11.80272, 58.03696], [11.79552, 58.04878], [11.78832, 58.05891], [11.78472, 58.06904], [11.78472, 58.07917], [11.80272, 58.08593], [11.79912, 58.09099], [11.79552, 58.09268], [11.79192, 58.09944], [11.81712, 58.10281], [11.82792, 58.12139], [11.83872, 58.18724], [11.84232, 58.194], [11.85312, 58.19568], [11.86392, 58.19737], [11.87472, 58.19906], [11.88552, 58.20582], [11.88912, 58.21595], [11.87472, 58.21595], [11.86032, 58.21764], [11.85312, 58.22608], [11.84592, 58.2531], [11.83512, 58.26154], [11.82432, 58.26829], [11.81352, 58.27842], [11.80992, 58.30206], [11.82432, 58.31726], [11.88192, 58.33246], [11.87112, 58.34597], [11.84952, 58.34259], [11.80632, 58.32739], [11.75232, 58.32908], [11.72712, 58.32739], [11.72712, 58.3122], [11.71272, 58.30713], [11.68032, 58.30713], [11.62992, 58.2818], [11.61912, 58.27842], [11.61192, 58.27505], [11.59032, 58.25647], [11.57952, 58.25141], [11.56872, 58.24972], [11.55072, 58.24972], [11.53632, 58.2531], [11.52552, 58.25816], [11.52912, 58.2531], [11.53992, 58.2379], [11.50752, 58.24296], [11.49671, 58.25816], [11.50392, 58.28011], [11.51832, 58.30544], [11.54352, 58.33415], [11.56872, 58.35441], [11.62272, 58.38818], [11.60832, 58.39494], [11.62272, 58.40676], [11.63712, 58.41351], [11.66952, 58.42195], [11.65152, 58.43715], [11.62992, 58.43208], [11.60472, 58.4152], [11.59032, 58.40169], [11.57952, 58.41351], [11.55792, 58.44897], [11.55432, 58.46248], [11.54712, 58.46248], [11.55432, 58.43377], [11.55072, 58.4], [11.53992, 58.36454], [11.52192, 58.33584], [11.49671, 58.3122], [11.46431, 58.29362], [11.39591, 58.26492], [11.40671, 58.27842], [11.41751, 58.29024], [11.42831, 58.29869], [11.44271, 58.30544], [11.44271, 58.3122], [11.42831, 58.3122], [11.39951, 58.30375], [11.38871, 58.30544], [11.38511, 58.31895], [11.38871, 58.32908], [11.39951, 58.33752], [11.41391, 58.33921], [11.44991, 58.3409], [11.44271, 58.34934], [11.42111, 58.36454], [11.42471, 58.38818], [11.40671, 58.38818], [11.39951, 58.37805], [11.39231, 58.36623], [11.38151, 58.35441], [11.37071, 58.34766], [11.35631, 58.34428], [11.34551, 58.34597], [11.35271, 58.35779], [11.38511, 58.39831], [11.40671, 58.41858], [11.41391, 58.42871], [11.42471, 58.44222], [11.41391, 58.43208], [11.37071, 58.4], [11.35631, 58.39325], [11.34911, 58.38818], [11.34551, 58.38312], [11.33831, 58.3713], [11.33471, 58.36792], [11.30591, 58.35948], [11.28071, 58.36623], [11.25191, 58.36623], [11.23031, 58.33921], [11.21951, 58.34597], [11.21951, 58.35272], [11.22311, 58.36116], [11.22311, 58.3713], [11.22311, 58.37974], [11.20511, 58.40169], [11.20871, 58.41858], [11.22311, 58.42533], [11.25911, 58.42195], [11.25191, 58.44222], [11.26271, 58.45235], [11.27711, 58.4591], [11.29511, 58.46923], [11.25911, 58.48274], [11.25191, 58.48781], [11.24831, 58.49287], [11.24111, 58.50301], [11.23751, 58.50807], [11.24111, 58.51314], [11.24471, 58.51651], [11.24831, 58.5182], [11.25191, 58.5182], [11.25191, 58.5486], [11.25551, 58.55535], [11.26631, 58.56211], [11.27351, 58.56548], [11.28071, 58.57055], [11.28791, 58.58068], [11.26631, 58.58068], [11.26991, 58.5925], [11.26631, 58.59757], [11.25551, 58.59925], [11.25191, 58.6077], [11.25191, 58.61614], [11.25911, 58.62627], [11.25911, 58.63471], [11.24831, 58.64822], [11.21231, 58.67862], [11.21591, 58.69888], [11.21951, 58.70732], [11.21231, 58.7107], [11.18711, 58.7107], [11.17631, 58.71914], [11.17991, 58.73603], [11.19071, 58.75291], [11.21231, 58.75798], [11.20511, 58.77149], [11.21231, 58.77993], [11.22311, 58.78837], [11.23031, 58.80019], [11.23391, 58.80864], [11.23031, 58.8441], [11.22671, 58.84916], [11.21591, 58.85085], [11.20151, 58.85423], [11.19791, 58.86436], [11.19791, 58.888], [11.19431, 58.89813], [11.19071, 58.90826], [11.19431, 58.91164], [11.19431, 58.91502], [11.19791, 58.92177], [11.14751, 58.9319], [11.11871, 58.94035], [11.10791, 58.95386], [11.11871, 58.96905], [11.14031, 58.9775], [11.18351, 58.991], [11.14031, 58.98932], [11.12231, 58.99438], [11.11511, 59.00789], [11.11871, 59.0214], [11.12951, 59.03153], [11.19431, 59.0805], [11.21951, 59.09063], [11.32031, 59.09907], [11.35631, 59.09232], [11.36711, 59.06361], [11.37791, 59.04166], [11.39231, 59.01971], [11.41391, 59.00114], [11.42831, 58.991], [11.43911, 58.991], [11.45351, 58.96061], [11.45351, 58.89644], [11.48231, 58.88631], [11.54712, 58.88462], [11.61192, 58.89307], [11.66592, 58.92008], [11.69472, 58.97412], [11.70192, 58.99945], [11.70912, 59.0214], [11.73432, 59.0653], [11.74512, 59.09232], [11.74872, 59.1396], [11.77392, 59.20208], [11.78472, 59.21896], [11.80272, 59.23416], [11.80992, 59.24936], [11.80992, 59.27131], [11.80632, 59.29326], [11.78472, 59.3608], [11.67672, 59.55837], [11.66952, 59.58032], [11.67672, 59.60733], [11.69472, 59.62253], [11.82792, 59.65968], [11.85312, 59.67319], [11.89272, 59.70527], [11.89632, 59.71372], [11.89632, 59.73229], [11.90352, 59.76944], [11.90352, 59.78464], [11.88912, 59.80152], [11.88552, 59.8049], [11.85312, 59.82347], [11.84232, 59.83867], [11.84952, 59.87244], [11.87472, 59.88426], [11.88912, 59.8927], [11.94312, 59.90284], [12.10152, 59.89439], [12.14472, 59.89777], [12.29232, 59.95856], [12.44712, 60.05143], [12.48312, 60.08182], [12.51193, 60.11729], [12.52633, 60.16119], [12.52273, 60.19834], [12.49392, 60.2625], [12.48672, 60.29627], [12.49032, 60.31147], [12.50473, 60.32498], [12.55873, 60.36044], [12.57673, 60.37564], [12.59473, 60.39421], [12.60553, 60.41954], [12.61273, 60.455], [12.60913, 60.48708], [12.59473, 60.5141], [12.48312, 60.65763], [12.37872, 60.75388], [12.34992, 60.79272], [12.33552, 60.82818], [12.31392, 60.90247], [12.29592, 60.93456], [12.25632, 60.98184], [12.25272, 61.0021], [12.28152, 61.01561], [12.51193, 61.04938], [12.56953, 61.05107], [12.68113, 61.04094], [12.70273, 61.046], [12.70993, 61.05782], [12.71353, 61.0612], [12.73153, 61.12874], [12.73873, 61.14225], [12.74593, 61.15069], [12.81793, 61.20473], [12.83953, 61.22668], [12.85393, 61.25539], [12.88993, 61.34995], [12.88633, 61.36177], [12.87553, 61.37021], [12.61273, 61.54751], [12.58393, 61.56102], [12.55153, 61.56608], [12.48312, 61.56946], [12.44352, 61.57284], [12.41472, 61.58297], [12.33912, 61.63363], [12.29232, 61.65051], [12.17712, 61.7113], [12.16272, 61.72481], [12.23832, 61.97979], [12.31752, 62.23476], [12.31392, 62.27191], [12.31392, 62.28542], [12.28512, 62.33608], [12.27792, 62.34452], [12.09072, 62.58598], [12.09072, 62.60625], [12.10152, 62.63327], [12.13752, 62.68223], [12.15552, 62.71094], [12.15552, 62.73289], [12.09792, 62.88655], [12.09432, 62.90681], [12.10512, 62.9237], [12.22392, 63.00137], [12.05832, 63.204], [11.99352, 63.28843], [12.20592, 63.45391], [12.22032, 63.47418], [12.22032, 63.49613], [12.16992, 63.59744], [12.29232, 63.65654], [12.48312, 63.8102], [12.68113, 63.95711], [12.75673, 63.99088], [12.98353, 64.05842], [13.23553, 64.09051], [13.58834, 64.04998], [13.94114, 64.00946], [13.96274, 64.00946], [13.98074, 64.01959], [14.14634, 64.16818], [14.16074, 64.18676], [14.16074, 64.20533], [14.11394, 64.44173], [14.09594, 64.46537], [14.05994, 64.47719], [13.98074, 64.48395], [13.94114, 64.4907], [13.64234, 64.58357], [13.90874, 64.78789], [14.17154, 64.99221], [14.31194, 65.08339], [14.33354, 65.11379], [14.33354, 65.11547], [14.33714, 65.12223], [14.36594, 65.2151], [14.38034, 65.24043], [14.40194, 65.25563], [14.48114, 65.2894], [14.51355, 65.3181], [14.51715, 65.36369], [14.50995, 65.41773], [14.50995, 65.46501], [14.56035, 65.70141], [14.57115, 65.71661], [14.63595, 65.78077], [14.65035, 65.80272], [14.64315, 65.84325], [14.53875, 66.12524], [14.79795, 66.13875], [15.05355, 66.15395], [15.48195, 66.27553], [15.49275, 66.28735], [15.48915, 66.3093], [15.48195, 66.34138], [15.47475, 66.35489], [15.43155, 66.46296], [15.42795, 66.49166], [15.66916, 66.59973], [16.03996, 66.88679], [16.12636, 66.93407], [16.30996, 67.01006], [16.37116, 67.02357], [16.39996, 67.03539], [16.41436, 67.05227], [16.44316, 67.18229], [16.43956, 67.20087], [16.12636, 67.42207], [16.18036, 67.49637], [16.19836, 67.50819], [16.36756, 67.5217], [16.42876, 67.53352], [16.48276, 67.55716], [16.58717, 67.62639], [16.60877, 67.64665], [16.76357, 67.87799], [16.78157, 67.89656], [16.80677, 67.91007], [17.22077, 68.04009], [17.29997, 68.0975], [17.32157, 68.10594], [17.60958, 68.03671], [17.89398, 67.96917], [17.92278, 67.97255], [17.95158, 67.99112], [17.98038, 68.01645], [18.16758, 68.15829], [18.18918, 68.19882], [18.13518, 68.39638], [18.13518, 68.42677], [18.15678, 68.51796], [18.16038, 68.52978], [18.17118, 68.53653], [18.18918, 68.53822], [18.43758, 68.57368], [18.48078, 68.56186], [18.64279, 68.50107], [18.70039, 68.49601], [19.03879, 68.50614], [19.48159, 68.4234], [19.9316, 68.35079], [19.9712, 68.35079], [20.0108, 68.3643], [20.2448, 68.47743], [19.964, 68.5416], [20.1512, 68.60745], [20.2376, 68.6598], [20.3384, 68.76618], [20.3528, 68.78644], [20.3564, 68.80502], [20.3492, 68.89282], [20.342, 68.90971], [20.1008, 69.02284], [20.3636, 69.0296], [20.62281, 69.03635], [20.67681, 69.01778], [20.79561, 69.01102], [20.86401, 68.98569], [20.91081, 68.98063], [20.93601, 68.96712], [20.93601, 68.94854], [20.91801, 68.93335], [20.88921, 68.92659], [20.88561, 68.90633], [20.90721, 68.89451], [21.07281, 68.86918], [21.15201, 68.84216]]], [[[18.14958, 62.74978], [18.16038, 62.7464], [18.16038, 62.73965], [18.15678, 62.72614], [18.14958, 62.71601], [18.14598, 62.70925], [18.14238, 62.70587], [18.13158, 62.70756], [18.12078, 62.70587], [18.11718, 62.7025], [18.12438, 62.69912], [18.13158, 62.69405], [18.12438, 62.6873], [18.07758, 62.68055], [18.02718, 62.68392], [18.00558, 62.70587], [18.01638, 62.72276], [18.02358, 62.73458], [18.02718, 62.74471], [18.04158, 62.75484], [18.06318, 62.75822], [18.08118, 62.75484], [18.09198, 62.74809], [18.10278, 62.74471], [18.12798, 62.75147], [18.14958, 62.74978]]], [[[18.93079, 57.74146], [18.94159, 57.72964], [18.90199, 57.72457], [18.86599, 57.72288], [18.85159, 57.72626], [18.83359, 57.7347], [18.81919, 57.73639], [18.80839, 57.7347], [18.80479, 57.72795], [18.80839, 57.71951], [18.81199, 57.70937], [18.79759, 57.6756], [18.77959, 57.65027], [18.77239, 57.64014], [18.76879, 57.63508], [18.76519, 57.62663], [18.76159, 57.6165], [18.76879, 57.61481], [18.81199, 57.60806], [18.80119, 57.59117], [18.79399, 57.57766], [18.79039, 57.56416], [18.79039, 57.54896], [18.78319, 57.53545], [18.76879, 57.52025], [18.76159, 57.50843], [18.77599, 57.4983], [18.76879, 57.48142], [18.77239, 57.47297], [18.78679, 57.46791], [18.80479, 57.4696], [18.79759, 57.46453], [18.79039, 57.44933], [18.82999, 57.4392], [18.86959, 57.43582], [18.87319, 57.4392], [18.87319, 57.44596], [18.88039, 57.44933], [18.89119, 57.44596], [18.90919, 57.4392], [18.91279, 57.43582], [18.91999, 57.42907], [18.92719, 57.41894], [18.93079, 57.40374], [18.92719, 57.39192], [18.90919, 57.38686], [18.88039, 57.38686], [18.87679, 57.38854], [18.86239, 57.39361], [18.85879, 57.39361], [18.85159, 57.39192], [18.84079, 57.38348], [18.83359, 57.3801], [18.80119, 57.37672], [18.76879, 57.3649], [18.73999, 57.34802], [18.71839, 57.32944], [18.67879, 57.31087], [18.66799, 57.29736], [18.67519, 57.2771], [18.68239, 57.27541], [18.70399, 57.2771], [18.71119, 57.27372], [18.71479, 57.24333], [18.67879, 57.2332], [18.67879, 57.22982], [18.59239, 57.218], [18.56359, 57.20955], [18.56359, 57.2028], [18.57799, 57.2028], [18.57799, 57.19605], [18.55639, 57.19267], [18.43038, 57.15383], [18.40518, 57.1437], [18.38718, 57.12681], [18.45558, 57.12681], [18.43038, 57.11668], [18.35838, 57.09642], [18.34398, 57.08291], [18.33678, 57.03057], [18.34758, 57.01875], [18.36558, 57.01199], [18.40158, 57.00355], [18.34398, 57.00355], [18.34398, 56.99679], [18.35838, 56.99004], [18.33318, 56.97653], [18.32238, 56.96978], [18.31158, 56.94783], [18.29718, 56.94107], [18.20358, 56.91574], [18.17118, 56.91237], [18.13878, 56.9225], [18.20358, 56.98666], [18.20718, 56.99511], [18.20358, 57.00524], [18.19998, 57.01706], [18.21438, 57.0255], [18.25038, 57.03394], [18.26478, 57.0407], [18.27198, 57.05421], [18.28278, 57.08122], [18.28998, 57.09304], [18.26478, 57.0846], [18.24318, 57.0694], [18.22158, 57.06096], [18.19998, 57.06603], [18.19998, 57.07278], [18.21438, 57.08122], [18.22518, 57.09473], [18.22878, 57.10824], [18.21438, 57.11331], [18.21798, 57.11837], [18.22518, 57.1285], [18.22878, 57.13357], [18.18558, 57.14539], [18.16038, 57.22982], [18.09918, 57.25852], [18.10278, 57.27879], [18.11718, 57.29736], [18.15318, 57.31425], [18.16758, 57.33113], [18.17118, 57.3514], [18.16758, 57.36659], [18.17838, 57.3801], [18.17838, 57.38517], [18.16758, 57.38854], [18.16038, 57.39361], [18.15678, 57.39868], [18.14598, 57.40881], [18.14598, 57.41387], [18.14598, 57.42569], [18.14238, 57.43245], [18.13158, 57.44596], [18.12078, 57.46453], [18.11358, 57.48817], [18.11358, 57.51181], [18.12798, 57.54896], [18.16038, 57.57766], [18.32598, 57.67223], [18.46278, 57.80393], [18.49878, 57.82589], [18.54919, 57.83939], [18.56359, 57.83771], [18.57799, 57.83264], [18.59599, 57.83095], [18.61039, 57.83602], [18.61399, 57.84277], [18.62119, 57.85797], [18.62479, 57.8681], [18.63919, 57.88667], [18.65719, 57.90187], [18.67879, 57.91369], [18.70039, 57.92213], [18.72559, 57.92382], [18.74359, 57.91876], [18.75799, 57.90694], [18.76879, 57.88836], [18.76879, 57.8833], [18.76879, 57.87823], [18.76519, 57.87485], [18.76159, 57.87148], [18.76519, 57.86472], [18.76879, 57.86303], [18.77239, 57.85966], [18.77599, 57.85628], [18.77959, 57.84784], [18.78319, 57.83939], [18.80479, 57.82589], [18.81199, 57.85121], [18.82639, 57.86303], [18.84439, 57.87317], [18.85159, 57.89174], [18.84799, 57.89681], [18.84079, 57.90525], [18.83719, 57.912], [18.85159, 57.91538], [18.91279, 57.92213], [18.91279, 57.91538], [18.89839, 57.89849], [18.91639, 57.88836], [18.94159, 57.88836], [18.94159, 57.90187], [18.95599, 57.90863], [18.97759, 57.912], [18.99559, 57.912], [19.00999, 57.90863], [19.00279, 57.90187], [19.00639, 57.89343], [19.01359, 57.88161], [19.02439, 57.87148], [19.03879, 57.8681], [19.04959, 57.86303], [19.07839, 57.83433], [19.08559, 57.82589], [19.01359, 57.82251], [18.98479, 57.80731], [18.98119, 57.77016], [18.97039, 57.78029], [18.95599, 57.78536], [18.94879, 57.78198], [18.94879, 57.77016], [18.93799, 57.76341], [18.93079, 57.75159], [18.93079, 57.74146]]], [[[19.20439, 57.93564], [19.16119, 57.92551], [19.13959, 57.90863], [19.15399, 57.90187], [19.16119, 57.89681], [19.16119, 57.89005], [19.16119, 57.87992], [19.13239, 57.8529], [19.12879, 57.84615], [19.11439, 57.84784], [19.09999, 57.8529], [19.08559, 57.85966], [19.07119, 57.8681], [19.03519, 57.90525], [19.03879, 57.91707], [19.04599, 57.92382], [19.06759, 57.93902], [19.07479, 57.94915], [19.07839, 57.95928], [19.08559, 57.96773], [19.09999, 57.97617], [19.11439, 57.97955], [19.15039, 57.97955], [19.16479, 57.9863], [19.17199, 57.98799], [19.18639, 57.98461], [19.20439, 57.98292], [19.22239, 57.98968], [19.22599, 57.97448], [19.24039, 57.9711], [19.27279, 57.97617], [19.30519, 57.97617], [19.31959, 57.97279], [19.33759, 57.96435], [19.33399, 57.95928], [19.32679, 57.95591], [19.31959, 57.95591], [19.30879, 57.95591], [19.29439, 57.94409], [19.24759, 57.95253], [19.22599, 57.94577], [19.20439, 57.93564]]], [[[18.74359, 59.20714], [18.75079, 59.20545], [18.73639, 59.19701], [18.66799, 59.17506], [18.66079, 59.17675], [18.66439, 59.18857], [18.67879, 59.1987], [18.68959, 59.20883], [18.70399, 59.21221], [18.71479, 59.20883], [18.74359, 59.20714]]], [[[18.51679, 59.27131], [18.51679, 59.24936], [18.53119, 59.2426], [18.57799, 59.24429], [18.55279, 59.22572], [18.52039, 59.22909], [18.46998, 59.25273], [18.43038, 59.2578], [18.42678, 59.26118], [18.41958, 59.273], [18.41238, 59.27806], [18.39798, 59.2865], [18.34398, 59.30001], [18.46278, 59.29833], [18.52399, 59.28819], [18.61399, 59.2578], [18.55999, 59.2578], [18.53839, 59.25949], [18.51679, 59.27131]]], [[[18.74359, 59.25949], [18.73639, 59.25949], [18.73279, 59.2578], [18.72199, 59.26286], [18.72559, 59.273], [18.73999, 59.28482], [18.75799, 59.29495], [18.77599, 59.29833], [18.79039, 59.29664], [18.79759, 59.29495], [18.80479, 59.29326], [18.81199, 59.28988], [18.80839, 59.28313], [18.79759, 59.27806], [18.79039, 59.273], [18.77959, 59.25949], [18.77599, 59.2578], [18.77959, 59.25442], [18.77599, 59.25273], [18.76879, 59.25104], [18.76519, 59.25104], [18.75439, 59.25611], [18.74359, 59.25949]]], [[[18.73999, 59.35067], [18.74359, 59.34561], [18.74719, 59.3321], [18.73999, 59.32028], [18.72559, 59.31183], [18.68239, 59.30001], [18.67879, 59.30001], [18.67159, 59.30339], [18.67519, 59.31183], [18.68239, 59.31352], [18.68599, 59.3169], [18.68239, 59.32197], [18.68239, 59.33041], [18.67519, 59.34054], [18.66439, 59.34729], [18.65359, 59.35405], [18.64999, 59.35911], [18.63919, 59.36756], [18.64639, 59.37262], [18.68959, 59.37093], [18.68959, 59.37431], [18.69679, 59.37431], [18.70759, 59.37093], [18.71479, 59.36756], [18.73279, 59.35405], [18.73639, 59.35236], [18.73999, 59.35067]]], [[[18.93439, 59.39964], [18.94159, 59.39289], [18.94519, 59.38951], [18.94879, 59.37938], [18.93799, 59.37262], [18.91999, 59.37938], [18.90919, 59.38782], [18.90559, 59.3912], [18.89839, 59.39457], [18.89839, 59.40133], [18.90919, 59.40639], [18.91999, 59.40639], [18.93439, 59.39964]]], [[[18.85519, 59.38613], [18.84799, 59.38951], [18.84799, 59.39626], [18.85519, 59.40302], [18.86599, 59.39964], [18.86959, 59.39289], [18.86599, 59.38951], [18.85519, 59.38613]]], [[[18.90919, 59.41821], [18.89479, 59.40639], [18.87319, 59.40808], [18.86239, 59.42497], [18.87319, 59.44017], [18.89839, 59.44523], [18.91279, 59.44692], [18.91639, 59.44692], [18.92359, 59.44185], [18.92719, 59.43341], [18.90919, 59.41821]]], [[[18.58159, 59.45536], [18.57799, 59.46381], [18.58159, 59.43003], [18.57439, 59.43172], [18.56359, 59.42835], [18.55639, 59.42159], [18.54919, 59.42328], [18.54559, 59.42835], [18.54199, 59.43679], [18.53479, 59.44692], [18.52759, 59.45536], [18.52039, 59.46381], [18.51679, 59.47394], [18.51319, 59.479], [18.50959, 59.48238], [18.51319, 59.49082], [18.52399, 59.49589], [18.53839, 59.49589], [18.54919, 59.49251], [18.55639, 59.48238], [18.55639, 59.48745], [18.55999, 59.49082], [18.56359, 59.49251], [18.57079, 59.4942], [18.57799, 59.49589], [18.57079, 59.49589], [18.56359, 59.49589], [18.55999, 59.49758], [18.55639, 59.49927], [18.54919, 59.49927], [18.54559, 59.50264], [18.55279, 59.5094], [18.55999, 59.51784], [18.58159, 59.52966], [18.59239, 59.5381], [18.61039, 59.54486], [18.63199, 59.54992], [18.65359, 59.54992], [18.67519, 59.54486], [18.68599, 59.53979], [18.68599, 59.53473], [18.68959, 59.53304], [18.69319, 59.53304], [18.73999, 59.53979], [18.73639, 59.53473], [18.68239, 59.52122], [18.65719, 59.50602], [18.64639, 59.50433], [18.63919, 59.49927], [18.63199, 59.48913], [18.62479, 59.48745], [18.60679, 59.4942], [18.60319, 59.49251], [18.60319, 59.48745], [18.59959, 59.48576], [18.59599, 59.48745], [18.60679, 59.46718], [18.60319, 59.45536], [18.59239, 59.45199], [18.58159, 59.45536]]], [[[18.81559, 59.60227], [18.82639, 59.60902], [18.86599, 59.63266], [18.92359, 59.6563], [18.92359, 59.64786], [18.90559, 59.63435], [18.85879, 59.60396], [18.85519, 59.60058], [18.82999, 59.59214], [18.82639, 59.58876], [18.82639, 59.58538], [18.82279, 59.58369], [18.81559, 59.58369], [18.80839, 59.58201], [18.78319, 59.57356], [18.76879, 59.57187], [18.75799, 59.57187], [18.75799, 59.57525], [18.77599, 59.58032], [18.79759, 59.58876], [18.81559, 59.60227]]], [[[18.90559, 59.58369], [18.89479, 59.58201], [18.88399, 59.57863], [18.86239, 59.58369], [18.85879, 59.59551], [18.86959, 59.60565], [18.93799, 59.64955], [18.95239, 59.65293], [18.96319, 59.64786], [18.97759, 59.63435], [18.98119, 59.63266], [18.98479, 59.62929], [18.98479, 59.62422], [18.98119, 59.62422], [18.97399, 59.62253], [18.96679, 59.61915], [18.95599, 59.61747], [18.93799, 59.61915], [18.92719, 59.62253], [18.91279, 59.59214], [18.90559, 59.58369]]], [[[18.92719, 59.78632], [18.91639, 59.78801], [18.89119, 59.78632], [18.88399, 59.79477], [18.89839, 59.80996], [18.94159, 59.8488], [18.95239, 59.86062], [18.95959, 59.864], [18.97039, 59.86231], [18.97759, 59.85724], [18.98839, 59.85049], [18.99559, 59.83867], [18.99559, 59.82685], [18.99199, 59.81334], [18.99199, 59.80828], [18.99559, 59.80828], [18.99559, 59.80996], [18.99919, 59.80828], [19.00279, 59.8049], [19.00279, 59.79983], [18.99919, 59.79477], [18.98839, 59.7897], [18.97039, 59.78632], [18.95599, 59.78632], [18.94159, 59.7897], [18.93439, 59.79308], [18.93079, 59.7897], [18.92719, 59.78632]]], [[[18.78679, 60.18483], [18.78679, 60.17807], [18.78319, 60.17639], [18.78319, 60.1747], [18.79039, 60.17639], [18.79399, 60.17807], [18.80119, 60.17639], [18.80479, 60.16794], [18.80839, 60.16119], [18.78319, 60.15275], [18.76159, 60.14937], [18.73639, 60.15275], [18.72559, 60.15612], [18.72199, 60.16119], [18.71479, 60.17301], [18.71479, 60.18314], [18.71479, 60.18821], [18.71839, 60.19496], [18.72559, 60.19665], [18.72919, 60.19665], [18.72919, 60.20003], [18.71119, 60.21185], [18.71839, 60.21691], [18.73999, 60.21522], [18.75439, 60.20847], [18.76159, 60.2034], [18.76519, 60.19665], [18.77239, 60.19158], [18.78319, 60.18989], [18.78679, 60.18483]]], [[[19.22239, 58.39494], [19.24759, 58.38649], [19.30519, 58.37974], [19.33039, 58.36792], [19.29079, 58.35103], [19.25119, 58.34259], [19.21519, 58.35441], [19.18639, 58.39494], [19.22239, 58.39494]]], [[[20.82801, 63.65317], [20.86401, 63.67681], [20.86761, 63.67512], [20.87121, 63.67005], [20.86401, 63.65992], [20.85681, 63.65148], [20.84241, 63.64472], [20.82441, 63.64303], [20.82801, 63.65317]]], [[[20.93241, 63.74604], [20.93601, 63.73759], [20.93601, 63.72746], [20.93241, 63.71564], [20.92161, 63.70382], [20.90721, 63.69538], [20.89281, 63.69031], [20.88561, 63.69031], [20.87841, 63.69031], [20.86401, 63.68356], [20.86041, 63.69369], [20.88201, 63.74266], [20.88921, 63.74941], [20.89641, 63.75448], [20.90721, 63.75617], [20.91801, 63.76461], [20.93961, 63.77305], [20.94681, 63.77474], [20.94681, 63.77305], [20.94321, 63.76968], [20.93961, 63.7663], [20.94321, 63.76123], [20.94321, 63.75617], [20.93601, 63.75279], [20.93241, 63.74604]]], [[[20.90361, 63.79332], [20.92161, 63.77305], [20.87481, 63.75448], [20.88201, 63.76123], [20.87481, 63.77137], [20.86401, 63.77305], [20.85321, 63.77137], [20.83881, 63.76799], [20.86401, 63.79669], [20.90361, 63.79332]]], [[[22.32202, 65.44643], [22.33282, 65.44306], [22.35082, 65.44981], [22.37242, 65.45994], [22.39042, 65.45994], [22.40842, 65.45488], [22.41922, 65.44981], [22.41202, 65.44137], [22.38682, 65.43293], [22.37602, 65.43124], [22.29322, 65.42786], [22.28602, 65.43124], [22.28602, 65.44306], [22.29322, 65.45319], [22.30762, 65.45488], [22.31842, 65.4515], [22.32202, 65.44643]]], [[[22.22842, 65.4363], [22.23202, 65.43124], [22.23202, 65.42448], [22.23202, 65.41773], [22.22122, 65.41942], [22.21042, 65.42279], [22.20322, 65.42617], [22.15282, 65.42955], [22.14922, 65.43461], [22.14202, 65.44643], [22.14562, 65.45488], [22.14562, 65.45825], [22.14562, 65.46839], [22.15642, 65.47514], [22.17442, 65.47514], [22.21042, 65.46501], [22.21402, 65.45994], [22.20682, 65.45657], [22.20682, 65.44981], [22.21762, 65.44137], [22.22842, 65.4363]]], [[[22.34362, 65.49034], [22.33282, 65.49203], [22.32202, 65.50047], [22.30762, 65.50722], [22.29322, 65.5106], [22.27882, 65.51398], [22.27162, 65.5106], [22.27522, 65.50047], [22.27162, 65.50047], [22.27162, 65.49709], [22.27162, 65.49034], [22.28242, 65.48358], [22.28602, 65.47852], [22.27882, 65.47852], [22.26442, 65.4819], [22.21762, 65.50722], [22.19242, 65.5258], [22.18522, 65.53762], [22.19962, 65.54268], [22.21042, 65.54437], [22.22482, 65.54437], [22.30402, 65.52242], [22.31122, 65.52242], [22.31842, 65.52411], [22.32562, 65.52073], [22.33642, 65.51229], [22.35802, 65.50385], [22.35802, 65.4954], [22.34362, 65.49034]]], [[[22.59563, 65.52749], [22.61003, 65.52411], [22.61723, 65.51736], [22.61363, 65.51229], [22.60643, 65.5106], [22.58843, 65.51229], [22.56683, 65.51736], [22.55243, 65.53086], [22.55963, 65.53762], [22.57763, 65.53255], [22.58483, 65.52918], [22.59563, 65.52749]]], [[[22.57043, 65.5545], [22.53803, 65.56295], [22.53443, 65.56801], [22.53083, 65.57646], [22.53443, 65.58152], [22.54523, 65.58152], [22.55963, 65.58152], [22.57763, 65.58321], [22.62443, 65.59334], [22.64243, 65.58828], [22.63883, 65.57983], [22.62083, 65.57646], [22.61363, 65.57139], [22.61363, 65.56295], [22.60643, 65.55788], [22.59563, 65.5545], [22.58843, 65.5545], [22.57403, 65.55788], [22.57043, 65.55788], [22.57763, 65.5545], [22.57043, 65.5545]]], [[[22.58843, 65.59334], [22.57043, 65.59503], [22.55963, 65.60178], [22.55603, 65.60516], [22.56683, 65.61192], [22.59563, 65.6136], [22.60283, 65.6001], [22.58843, 65.59334]]], [[[22.89803, 65.70141], [22.88363, 65.71998], [22.88723, 65.73687], [22.90523, 65.74194], [22.93043, 65.74194], [22.95563, 65.73349], [22.95923, 65.72505], [22.94483, 65.72505], [22.94483, 65.72167], [22.96283, 65.71661], [22.97723, 65.70985], [22.98443, 65.69972], [22.98083, 65.69297], [22.97003, 65.69634], [22.96283, 65.69634], [22.95923, 65.68959], [22.96283, 65.68115], [22.97363, 65.66764], [22.95563, 65.67102], [22.92683, 65.68452], [22.89803, 65.70141]]], [[[23.69004, 65.74869], [23.69724, 65.74025], [23.70444, 65.73518], [23.71164, 65.74025], [23.71524, 65.75207], [23.71884, 65.75038], [23.72964, 65.74531], [23.74044, 65.74194], [23.75484, 65.74194], [23.76564, 65.74362], [23.77644, 65.75038], [23.78004, 65.74869], [23.78724, 65.74362], [23.79084, 65.747], [23.79444, 65.75376], [23.79804, 65.75376], [23.80164, 65.75038], [23.80164, 65.74362], [23.79804, 65.73518], [23.79444, 65.72843], [23.78724, 65.72505], [23.78364, 65.72167], [23.78364, 65.7183], [23.77284, 65.71154], [23.73684, 65.69634], [23.70084, 65.70816], [23.68284, 65.72167], [23.68284, 65.74362], [23.69004, 65.74869]]], [[[22.73963, 65.71323], [22.73243, 65.7183], [22.72523, 65.72336], [22.72523, 65.73012], [22.72883, 65.73856], [22.73243, 65.75207], [22.73603, 65.76558], [22.74683, 65.77064], [22.79003, 65.75038], [22.80083, 65.73518], [22.81163, 65.71492], [22.80443, 65.70479], [22.76123, 65.70816], [22.73963, 65.71323]]]]}}]}